-- phpMyAdmin SQL Dump
-- version 5.0.4
-- https://www.phpmyadmin.net/
--
-- Host: mysql
-- Generation Time: Dec 01, 2021 at 12:41 PM
-- Server version: 8.0.22
-- PHP Version: 7.4.12

SET SQL_MODE = "NO_AUTO_VALUE_ON_ZERO";
START TRANSACTION;
SET time_zone = "+00:00";


/*!40101 SET @OLD_CHARACTER_SET_CLIENT=@@CHARACTER_SET_CLIENT */;
/*!40101 SET @OLD_CHARACTER_SET_RESULTS=@@CHARACTER_SET_RESULTS */;
/*!40101 SET @OLD_COLLATION_CONNECTION=@@COLLATION_CONNECTION */;
/*!40101 SET NAMES utf8mb4 */;

--
-- Database: `lite_db`
--

-- --------------------------------------------------------

--
-- Table structure for table `lite_banners`
--

CREATE TABLE `lite_banners` (
  `id` int NOT NULL,
  `name` varchar(100) CHARACTER SET utf8 COLLATE utf8_lithuanian_ci NOT NULL,
  `tag_name` varchar(64) CHARACTER SET utf8 COLLATE utf8_lithuanian_ci DEFAULT NULL,
  `link` varchar(255) CHARACTER SET utf8 COLLATE utf8_lithuanian_ci DEFAULT NULL,
  `image` varchar(255) CHARACTER SET utf8 COLLATE utf8_lithuanian_ci DEFAULT NULL,
  `visible_desktop` tinyint NOT NULL DEFAULT '0',
  `visible_tablet` tinyint NOT NULL DEFAULT '0',
  `visible_mobile` tinyint NOT NULL DEFAULT '0',
  `valid_from` datetime DEFAULT NULL,
  `valid_till` datetime DEFAULT NULL,
  `type` tinyint NOT NULL DEFAULT '1',
  `active` tinyint NOT NULL DEFAULT '0',
  `position` int DEFAULT NULL,
  `description` text CHARACTER SET utf8 COLLATE utf8_lithuanian_ci,
  `text_color` varchar(40) CHARACTER SET utf8 COLLATE utf8_lithuanian_ci DEFAULT NULL,
  `color_theme` varchar(50) CHARACTER SET utf8 COLLATE utf8_lithuanian_ci DEFAULT NULL,
  `text_align` varchar(10) CHARACTER SET utf8 COLLATE utf8_lithuanian_ci DEFAULT NULL,
  `vertical_align` varchar(10) CHARACTER SET utf8 COLLATE utf8_lithuanian_ci DEFAULT NULL,
  `hide_text` tinyint NOT NULL DEFAULT '0'
) ENGINE=InnoDB DEFAULT CHARSET=utf8 COLLATE=utf8_lithuanian_ci;

--
-- Dumping data for table `lite_banners`
--

INSERT INTO `lite_banners` (`id`, `name`, `tag_name`, `link`, `image`, `visible_desktop`, `visible_tablet`, `visible_mobile`, `valid_from`, `valid_till`, `type`, `active`, `position`, `description`, `text_color`, `color_theme`, `text_align`, `vertical_align`, `hide_text`) VALUES
(1, 'Nice banner', NULL, '/katalogas/dviraciai', NULL, 1, 0, 1, NULL, NULL, 1, 1, 2, 'Awesome banner description', '#000000', 'dark', 'left', 'middle', 0),
(4, 'Grandininiai pjūklai', NULL, '/katalogas/pjovimas-ir-kirpimas/grandininiai-pjuklai/', NULL, 1, 0, 1, NULL, NULL, 2, 1, 4, NULL, '#FFFFFF', 'dark', 'center', 'bottom', 0),
(5, 'Vejapjovės', NULL, '/katalogas/zoles-pjovimas-ir-sodinimas/vejapjoves/', NULL, 1, 0, 1, NULL, NULL, 2, 1, 5, NULL, '#FFFFFF', 'dark', 'center', 'bottom', 0),
(6, 'Kultivatoriai', NULL, '/katalogas/zoles-pjovimas-ir-sodinimas/kultivatoriai/', NULL, 1, 0, 1, NULL, NULL, 2, 1, 6, NULL, '#FFFFFF', 'dark', 'center', 'bottom', 0);

-- --------------------------------------------------------

--
-- Table structure for table `lite_brands`
--

CREATE TABLE `lite_brands` (
  `id` int NOT NULL,
  `name` varchar(255) CHARACTER SET utf8 COLLATE utf8_lithuanian_ci NOT NULL,
  `url` varchar(255) CHARACTER SET utf8 COLLATE utf8_lithuanian_ci NOT NULL,
  `position` int NOT NULL DEFAULT '0',
  `active` tinyint NOT NULL DEFAULT '1',
  `description` text CHARACTER SET utf8 COLLATE utf8_lithuanian_ci,
  `keywords` text CHARACTER SET utf8 COLLATE utf8_lithuanian_ci
) ENGINE=InnoDB DEFAULT CHARSET=utf8 COLLATE=utf8_lithuanian_ci;

--
-- Dumping data for table `lite_brands`
--

INSERT INTO `lite_brands` (`id`, `name`, `url`, `position`, `active`, `description`, `keywords`) VALUES
(318, 'Stihl', 'stihl', 1, 1, NULL, NULL);

-- --------------------------------------------------------

--
-- Table structure for table `lite_collections`
--

CREATE TABLE `lite_collections` (
  `id` int NOT NULL,
  `name` varchar(255) CHARACTER SET utf8 COLLATE utf8_lithuanian_ci NOT NULL,
  `url` varchar(255) CHARACTER SET utf8 COLLATE utf8_lithuanian_ci NOT NULL,
  `description` text CHARACTER SET utf8 COLLATE utf8_lithuanian_ci,
  `visible_homepage` tinyint NOT NULL DEFAULT '0',
  `scope` varchar(30) CHARACTER SET utf8 COLLATE utf8_lithuanian_ci NOT NULL,
  `active` tinyint NOT NULL DEFAULT '1',
  `position` int DEFAULT NULL,
  `valid_from` datetime DEFAULT NULL,
  `valid_till` datetime DEFAULT NULL
) ENGINE=InnoDB DEFAULT CHARSET=utf8 COLLATE=utf8_lithuanian_ci;

--
-- Dumping data for table `lite_collections`
--

INSERT INTO `lite_collections` (`id`, `name`, `url`, `description`, `visible_homepage`, `scope`, `active`, `position`, `valid_from`, `valid_till`) VALUES
(1, 'Šiandienos pasiūlymai', 'siandienos-pasiulymai', NULL, 1, 'product_items', 1, 1, NULL, NULL);

-- --------------------------------------------------------

--
-- Table structure for table `lite_collection_items`
--

CREATE TABLE `lite_collection_items` (
  `collection_id` int NOT NULL,
  `item_id` int NOT NULL,
  `position` int DEFAULT NULL
) ENGINE=InnoDB DEFAULT CHARSET=utf8 COLLATE=utf8_lithuanian_ci;

-- --------------------------------------------------------

--
-- Table structure for table `lite_entities_languages`
--

CREATE TABLE `lite_entities_languages` (
  `entity_name` varchar(50) CHARACTER SET utf8 COLLATE utf8_lithuanian_ci NOT NULL,
  `entity_id` int NOT NULL,
  `language` varchar(50) CHARACTER SET utf8 COLLATE utf8_lithuanian_ci NOT NULL
) ENGINE=InnoDB DEFAULT CHARSET=utf8 COLLATE=utf8_lithuanian_ci;

--
-- Dumping data for table `lite_entities_languages`
--

INSERT INTO `lite_entities_languages` (`entity_name`, `entity_id`, `language`) VALUES
('banners', 1, 'lt'),
('banners', 2, 'lt'),
('banners', 3, 'lt'),
('banners', 4, 'lt'),
('banners', 5, 'lt'),
('banners', 6, 'lt'),
('infoblocks', 3, 'lt'),
('infoblocks', 4, 'lt'),
('infoblocks', 5, 'lt'),
('menu_columns', 1, 'lt'),
('menu_columns', 2, 'lt'),
('menu_groups', 1, 'lt'),
('menu_groups', 2, 'lt'),
('menu_groups', 3, 'lt'),
('menu_groups', 4, 'lt'),
('menu_groups', 5, 'lt'),
('menu_groups', 6, 'lt'),
('menu_groups', 7, 'lt'),
('menu_groups', 8, 'lt'),
('menu_groups', 9, 'lt'),
('menu_groups', 10, 'lt'),
('menu_groups', 11, 'lt'),
('menu_groups', 12, 'lt'),
('menu_groups', 13, 'lt'),
('menu_items', 1, 'lt'),
('pages', 1, 'en'),
('pages', 1, 'lt'),
('pages', 2, 'en'),
('pages', 2, 'lt'),
('pages', 3, 'lt'),
('pages', 4, 'lt'),
('pages', 5, 'lt'),
('pages', 6, 'lt'),
('pages', 7, 'lt'),
('pages', 8, 'lt'),
('pages', 9, 'lt'),
('pages', 10, 'lt'),
('pages', 11, 'lt'),
('pages', 12, 'lt'),
('pages', 13, 'lt'),
('pages', 14, 'lt'),
('pages', 15, 'lt'),
('pages', 16, 'lt'),
('pages', 17, 'lt'),
('pages', 18, 'lt'),
('pages', 19, 'lt'),
('pages', 20, 'lt');

-- --------------------------------------------------------

--
-- Table structure for table `lite_filters`
--

CREATE TABLE `lite_filters` (
  `id` int NOT NULL,
  `name` varchar(100) CHARACTER SET utf8 COLLATE utf8_lithuanian_ci NOT NULL,
  `active` tinyint NOT NULL DEFAULT '1',
  `position` int NOT NULL,
  `type` varchar(30) CHARACTER SET utf8 COLLATE utf8_lithuanian_ci NOT NULL,
  `scope` tinyint NOT NULL DEFAULT '1',
  `show_in_summary` tinyint UNSIGNED NOT NULL DEFAULT '0',
  `show_in_desc` tinyint NOT NULL DEFAULT '0',
  `show_in_filter` tinyint NOT NULL DEFAULT '0'
) ENGINE=InnoDB DEFAULT CHARSET=utf8 COLLATE=utf8_lithuanian_ci;

--
-- Dumping data for table `lite_filters`
--

INSERT INTO `lite_filters` (`id`, `name`, `active`, `position`, `type`, `scope`, `show_in_summary`, `show_in_desc`, `show_in_filter`) VALUES
(42, 'Pjovimo juostos ilgis, cm', 1, 1, 'select', 1, 0, 1, 1),
(43, 'Akumuliatorinė sistema', 1, 2, 'select', 1, 0, 1, 1),
(44, 'Juostos ilgis, cm', 1, 3, 'select', 1, 0, 1, 1),
(45, 'Atstumas tarp dantukų, mm', 1, 4, 'select', 1, 0, 1, 1),
(46, 'Cilindro darbo tūris, cm³', 1, 5, 'select', 1, 0, 1, 1),
(47, 'Galia, kW/AG', 1, 6, 'select', 1, 0, 1, 1),
(48, 'Darbinis plotis, cm', 1, 7, 'select', 1, 0, 1, 1),
(49, 'Įtampa, V', 1, 8, 'select', 1, 0, 1, 1),
(50, 'Laido ilgis, m', 1, 9, 'select', 1, 0, 1, 1),
(51, 'Svoris, kg', 1, 10, 'select', 1, 0, 1, 1),
(52, 'Galios ir svorio santykis, kg/kW', 1, 11, 'select', 1, 0, 1, 1),
(53, 'Garso lygis, dB(A)', 1, 12, 'select', 1, 0, 1, 1),
(54, 'Triukšmo lygis, dB(A)', 1, 13, 'select', 1, 0, 1, 1),
(55, 'Vibracijos lygis kairė/dešinė, m/s²', 1, 14, 'select', 1, 0, 1, 1),
(56, 'STIHL variklis, 2-MIX/4-MIX ®', 1, 15, 'select', 1, 0, 1, 1),
(57, 'Pjovimo grandinės žingsnis', 1, 16, 'select', 1, 0, 1, 1),
(58, 'STIHL „Oilmatic“ tipo pjovimo grandinė', 1, 17, 'select', 1, 0, 1, 1),
(59, 'CO2, g/kWh', 1, 18, 'select', 1, 0, 1, 1),
(60, 'Bendras ilgis, cm', 1, 19, 'select', 1, 0, 1, 1),
(61, 'Pjovimo diskas, mm', 1, 20, 'select', 1, 0, 1, 1),
(62, 'Didž. pjovimo gylis, mm', 1, 21, 'select', 1, 0, 1, 1),
(63, 'Pjovimo skersmuo, mm', 1, 22, 'select', 1, 0, 1, 1),
(64, 'Serijinės komplektacijos pjovimo įrankis', 1, 23, 'select', 1, 0, 1, 1),
(65, 'Degalų bako talpa, l', 1, 24, 'select', 1, 0, 1, 1),
(66, 'STIHL antivibracinė sistema', 1, 25, 'select', 1, 0, 1, 1),
(67, 'Didžiausias galimas vejos plotas, m²', 1, 26, 'select', 1, 0, 1, 1),
(68, 'Vejos plotams iki … m²', 1, 27, 'select', 1, 0, 1, 1),
(69, 'Žolės surinkimo dėžė, l', 1, 28, 'select', 1, 0, 1, 1),
(70, 'Frezos skersmuo, cm', 1, 29, 'select', 1, 0, 1, 1),
(71, 'Aukščiausia įkalnė, %', 1, 30, 'select', 1, 0, 1, 1),
(72, 'Pavara, km/h', 1, 31, 'select', 1, 0, 1, 1),
(73, 'Pjovimo plotis, cm', 1, 32, 'select', 1, 0, 1, 1),
(74, 'Pjovimo aukštis, mm', 1, 33, 'select', 1, 0, 1, 1),
(75, 'Pjovimo trukmė (Ø per savaitę / val.)', 1, 34, 'select', 1, 0, 1, 1),
(76, 'Nominalioji galia, W', 1, 35, 'select', 1, 0, 1, 1),
(77, 'Darbinis sūkių skaičius, sūk./min.', 1, 36, 'select', 1, 0, 1, 1),
(78, 'Akumuliatoriaus tipas', 1, 37, 'select', 1, 0, 1, 1),
(79, 'Išmatuotas garso galios lygis LwA (dB(A))', 1, 38, 'select', 1, 0, 1, 1),
(80, 'Garantuotasis garso galios lygis LwA (dB(A))', 1, 39, 'select', 1, 0, 1, 1),
(81, 'Išmatuotasis garso slėgio lygis LpA (dB(A))', 1, 40, 'select', 1, 0, 1, 1),
(82, 'Vibracijos vertė ahw ,m/s²', 1, 41, 'select', 1, 0, 1, 1),
(83, 'Variklio tipas', 1, 42, 'select', 1, 0, 1, 1),
(84, 'Pavarų dėžė', 1, 43, 'select', 1, 0, 1, 1),
(85, 'Konteinerio talpa, l', 1, 44, 'select', 1, 0, 1, 1),
(86, 'Maks. oro srautas, m³/h', 1, 45, 'select', 1, 0, 1, 1),
(87, 'Maks. Horizontalus purš. Atstumas, m', 1, 46, 'select', 1, 0, 1, 1),
(88, 'Darbinis slėgis, bar', 1, 47, 'select', 1, 0, 1, 1),
(89, 'Maks. Slėgis, bar', 1, 48, 'select', 1, 0, 1, 1),
(90, 'Maks. vandens srautas, l/val.', 1, 49, 'select', 1, 0, 1, 1),
(91, 'Galia, kW', 1, 50, 'select', 1, 0, 1, 1),
(92, 'Vibracijos lygis, m/s²', 1, 51, 'select', 1, 0, 1, 1),
(93, 'Maitinimo įtampa, V/Fazės/Hz', 1, 52, 'select', 1, 0, 1, 1),
(94, 'Variklio greitis, min-1', 1, 53, 'select', 1, 0, 1, 1),
(95, 'Aukšto slėgio žarnos ilgis, m', 1, 54, 'select', 1, 0, 1, 1),
(96, 'Maks. vakuumas, mbar', 1, 55, 'select', 1, 0, 1, 1),
(97, 'Našumas, l/min', 1, 56, 'select', 1, 0, 1, 1),
(98, 'Surinkimo talpa, l', 1, 57, 'select', 1, 0, 1, 1),
(99, 'Siurbimo žarnos ilgis, m', 1, 58, 'select', 1, 0, 1, 1),
(100, 'Žarnos skersmuo, mm', 1, 59, 'select', 1, 0, 1, 1),
(101, 'Maks. energijos sąnaudos Pmax, kW', 1, 60, 'select', 1, 0, 1, 1),
(102, 'Skirtas plotams iki…, m²', 1, 61, 'select', 1, 0, 1, 1),
(103, 'Maks. šakos skersmuo, Ø mm', 1, 62, 'select', 1, 0, 1, 1),
(104, 'Pjovimo įranga', 1, 63, 'select', 1, 0, 1, 1),
(105, 'Pūtimo jėga, N', 1, 64, 'select', 1, 0, 1, 1),
(106, 'Maks. oro greitis (m/s) su apvaliu / plokščiu antgaliu', 1, 65, 'select', 1, 0, 1, 1),
(107, 'Oro srautas (m³/val.) su apvaliu / plokščiu antgaliu', 1, 66, 'select', 1, 0, 1, 1),
(108, 'Oro srautas surinkimo režime, m³/val.', 1, 67, 'select', 1, 0, 1, 1),
(109, 'Surinkimo maišo talpa, l', 1, 68, 'select', 1, 0, 1, 1);

-- --------------------------------------------------------

--
-- Table structure for table `lite_filters_categories`
--

CREATE TABLE `lite_filters_categories` (
  `filter_id` int NOT NULL,
  `category_id` int NOT NULL
) ENGINE=InnoDB DEFAULT CHARSET=utf8 COLLATE=utf8_lithuanian_ci;

--
-- Dumping data for table `lite_filters_categories`
--

INSERT INTO `lite_filters_categories` (`filter_id`, `category_id`) VALUES
(42, -1),
(43, -1),
(44, -1),
(45, -1),
(46, -1),
(47, -1),
(48, -1),
(49, -1),
(50, -1),
(51, -1),
(52, -1),
(53, -1),
(54, -1),
(55, -1),
(56, -1),
(57, -1),
(58, -1),
(59, -1),
(60, -1),
(61, -1),
(62, -1),
(63, -1),
(64, -1),
(65, -1),
(66, -1),
(67, -1),
(68, -1),
(69, -1),
(70, -1),
(71, -1),
(72, -1),
(73, -1),
(74, -1),
(75, -1),
(76, -1),
(77, -1),
(78, -1),
(79, -1),
(80, -1),
(81, -1),
(82, -1),
(83, -1),
(84, -1),
(85, -1),
(86, -1),
(87, -1),
(88, -1),
(89, -1),
(90, -1),
(91, -1),
(92, -1),
(93, -1),
(94, -1),
(95, -1),
(96, -1),
(97, -1),
(98, -1),
(99, -1),
(100, -1),
(101, -1),
(102, -1),
(103, -1),
(104, -1),
(105, -1),
(106, -1),
(107, -1),
(108, -1),
(109, -1);

-- --------------------------------------------------------

--
-- Table structure for table `lite_filter_values`
--

CREATE TABLE `lite_filter_values` (
  `id` int NOT NULL,
  `filter_id` int NOT NULL,
  `name` varchar(100) CHARACTER SET utf8 COLLATE utf8_lithuanian_ci NOT NULL,
  `color` varchar(255) CHARACTER SET utf8 COLLATE utf8_lithuanian_ci DEFAULT NULL,
  `active` tinyint NOT NULL DEFAULT '0',
  `position` int NOT NULL
) ENGINE=InnoDB DEFAULT CHARSET=utf8 COLLATE=utf8_lithuanian_ci;

--
-- Dumping data for table `lite_filter_values`
--

INSERT INTO `lite_filter_values` (`id`, `filter_id`, `name`, `color`, `active`, `position`) VALUES
(1, 1, '29&quot;', NULL, 1, 1),
(2, 2, 'Vyrams', NULL, 1, 2),
(3, 3, 'Dviračiai', NULL, 1, 3),
(4, 1, '27,5&quot; / 600b', NULL, 1, 4),
(5, 1, '26&quot;', NULL, 1, 5),
(6, 1, '28&quot; / 700c', NULL, 1, 6),
(7, 1, '24&quot;', NULL, 1, 7),
(8, 2, 'Berniukams', NULL, 1, 8),
(9, 2, 'Moterims', NULL, 1, 9),
(10, 3, 'Kalnų slidinėjimas', NULL, 1, 10),
(11, 1, '20&quot;', NULL, 1, 11),
(12, 2, 'Vaikams', NULL, 1, 12),
(13, 2, 'Mergaitėms', NULL, 1, 13),
(14, 3, 'Riedučiai', NULL, 1, 14),
(15, 1, '28&quot; / 29&quot; / 700c', NULL, 1, 15),
(16, 1, '26&quot; - 4.0', NULL, 1, 16),
(17, 3, 'Bėgimas, treniruotės (fitnesas)', NULL, 1, 17),
(18, 3, 'Lygumų slidinėjimas', NULL, 1, 18),
(19, 4, '155 cm', NULL, 1, 19),
(20, 4, '162 cm', NULL, 1, 20),
(21, 3, 'Turizmas, pasivaikščiojimai', NULL, 1, 21),
(22, 4, '154 cm', NULL, 1, 22),
(23, 4, '164 cm', NULL, 1, 23),
(24, 4, '159 cm', NULL, 1, 24),
(25, 4, '160 cm', NULL, 1, 25),
(26, 4, '170 cm', NULL, 1, 26),
(27, 4, '156 cm', NULL, 1, 27),
(28, 1, '16&quot;', NULL, 1, 28),
(29, 4, '115 cm', NULL, 1, 29),
(30, 4, '120 cm', NULL, 1, 30),
(31, 4, '125 cm', NULL, 1, 31),
(32, 4, '130 cm', NULL, 1, 32),
(33, 4, '110 cm', NULL, 1, 33),
(34, 4, '165 cm', NULL, 1, 34),
(35, 4, '150 cm', NULL, 1, 35),
(36, 1, '26&quot; - 4.8', NULL, 1, 36),
(37, 1, '12&quot;', NULL, 1, 37),
(38, 1, '14&quot;', NULL, 1, 38),
(39, 1, '18&quot;', NULL, 1, 39),
(40, 5, 'Vyrams', NULL, 1, 40),
(41, 6, 'Tekstilė', NULL, 1, 41),
(42, 6, 'Oda', NULL, 1, 42),
(43, 7, 'Žalia', NULL, 1, 43),
(44, 8, 'Vasara/Pavasaris', NULL, 1, 44),
(45, 8, 'Žiema/Ruduo', NULL, 1, 45),
(46, 9, '41', NULL, 1, 46),
(47, 10, 'THE NORTH FACE Back To Berkeley', NULL, 1, 47),
(48, 9, '42', NULL, 1, 48),
(49, 9, '43', NULL, 1, 49),
(50, 9, '44', NULL, 1, 50),
(51, 9, '45', NULL, 1, 51),
(52, 9, '46', NULL, 1, 52),
(53, 9, '47', NULL, 1, 53),
(54, 7, 'Juoda', NULL, 1, 54),
(55, 7, 'Mėlyna', NULL, 1, 55),
(56, 5, 'Moterims', NULL, 1, 56),
(57, 9, '36', NULL, 1, 57),
(58, 9, '37', NULL, 1, 58),
(59, 9, '38', NULL, 1, 59),
(60, 9, '39', NULL, 1, 60),
(61, 9, '40', NULL, 1, 61),
(62, 6, 'Sintetika', NULL, 1, 62),
(63, 11, 'Aukšti', NULL, 1, 63),
(64, 6, 'Guma', NULL, 1, 64),
(65, 7, 'Pilka', NULL, 1, 65),
(66, 10, 'ADIDAS Tubular', NULL, 1, 66),
(67, 7, 'Ruda', NULL, 1, 67),
(68, 9, 'Vnt.', NULL, 1, 68),
(69, 10, 'NEW BALANCE 996', NULL, 1, 69),
(70, 10, 'TIMBERLAND 6-Inch', NULL, 1, 70),
(71, 10, 'NIKE Air Max', NULL, 1, 71),
(72, 7, 'Balta', NULL, 1, 72),
(73, 10, 'REEBOK Classic Leather', NULL, 1, 73),
(74, 10, 'NIKE Blazer', NULL, 1, 74),
(75, 10, 'NIKE Air Max 90', NULL, 1, 75),
(76, 6, 'Dirbtinė oda', NULL, 1, 76),
(77, 10, 'PUMA Vikky', NULL, 1, 77),
(78, 10, 'NIKE Air Force', NULL, 1, 78),
(79, 6, 'Poliesteris', NULL, 1, 79),
(80, 9, 'NS', NULL, 1, 80),
(81, 6, 'Medvilnė', NULL, 1, 81),
(82, 7, 'Oranžinė', NULL, 1, 82),
(83, 9, '36-40', NULL, 1, 83),
(84, 9, '41-46', NULL, 1, 84),
(85, 6, 'Nailonas', NULL, 1, 85),
(86, 6, 'Elastanas', NULL, 1, 86),
(87, 7, 'Raudona', NULL, 1, 87),
(88, 7, 'Rožinė', NULL, 1, 88),
(89, 7, 'Geltona', NULL, 1, 89),
(90, 9, '35-38', NULL, 1, 90),
(91, 9, '39-42', NULL, 1, 91),
(92, 9, '43-46', NULL, 1, 92),
(93, 9, '120cm', NULL, 1, 93),
(94, 9, '140cm', NULL, 1, 94),
(95, 9, '90cm', NULL, 1, 95),
(96, 7, 'Violetinė', NULL, 1, 96),
(97, 7, 'Rusva', NULL, 1, 97),
(98, 9, '130cm', NULL, 1, 98),
(99, 9, '150cm', NULL, 1, 99),
(100, 9, '48', NULL, 1, 100),
(101, 10, 'NIKE Lunar Force 1', NULL, 1, 101),
(102, 9, '49', NULL, 1, 102),
(103, 9, 'L', NULL, 1, 103),
(104, 9, 'M', NULL, 1, 104),
(105, 9, 'S', NULL, 1, 105),
(106, 9, 'XL', NULL, 1, 106),
(107, 9, 'XXL', NULL, 1, 107),
(108, 10, 'ADIDAS X_PLR', NULL, 1, 108),
(109, 6, 'Akrilas', NULL, 1, 109),
(110, 9, 'XS', NULL, 1, 110),
(111, 6, 'Vilna', NULL, 1, 111),
(112, 10, 'NIKE Air Huarache', NULL, 1, 112),
(113, 9, 'L/XL', NULL, 1, 113),
(114, 9, 'M/L', NULL, 1, 114),
(115, 9, 'S/M', NULL, 1, 115),
(116, 10, 'NEW BALANCE 574', NULL, 1, 116),
(117, 9, '7 1/2', NULL, 1, 117),
(118, 9, '7 1/4', NULL, 1, 118),
(119, 9, '7 3/8', NULL, 1, 119),
(120, 9, '7 5/8', NULL, 1, 120),
(121, 9, '7 1/8', NULL, 1, 121),
(122, 9, 'XS/S', NULL, 1, 122),
(123, 7, 'Auksinė', NULL, 1, 123),
(124, 9, '35', NULL, 1, 124),
(125, 9, '34', NULL, 1, 125),
(126, 9, '50', NULL, 1, 126),
(127, 9, '51', NULL, 1, 127),
(128, 11, 'EDT', NULL, 1, 128),
(129, 12, 'Vyrams', NULL, 1, 129),
(130, 13, 'Vandens', NULL, 1, 130),
(131, 13, 'Citrusiniai', NULL, 1, 131),
(132, 13, 'Vaisių', NULL, 1, 132),
(133, 11, 'EDP', NULL, 1, 133),
(134, 12, 'Moterims', NULL, 1, 134),
(135, 13, 'Rytietiški', NULL, 1, 135),
(136, 13, 'Medžio', NULL, 1, 136),
(137, 13, 'Gėlių', NULL, 1, 137),
(138, 13, 'Aldehidiniai', NULL, 1, 138),
(139, 13, 'Paparčių/aromatiniai', NULL, 1, 139),
(140, 13, 'Odos', NULL, 1, 140),
(141, 12, 'Unisex', NULL, 1, 141),
(142, 13, 'Vanilės', NULL, 1, 142),
(143, 13, 'Šipro', NULL, 1, 143),
(144, 13, 'Prieskonių', NULL, 1, 144),
(145, 12, 'Vaikams', NULL, 1, 145),
(146, 13, 'Žaluma', NULL, 1, 146),
(147, 11, 'PDT', NULL, 1, 147),
(148, 13, 'Muskusas', NULL, 1, 148),
(149, 13, 'Saldūs', NULL, 1, 149),
(150, 11, 'PP', NULL, 1, 150),
(151, 11, 'EDC', NULL, 1, 151),
(152, 13, 'Gaivūs', NULL, 1, 152),
(153, 13, 'Aromatiniai', NULL, 1, 153),
(154, 19, 'Lyginti aukštoje temperatūroje', NULL, 1, 154),
(155, 19, 'Džiovinti džiovyklėje žemoje temperatūroje', NULL, 1, 155),
(156, 19, 'Nevalyti sausai', NULL, 1, 156),
(157, 19, 'Skalbti 40°C', NULL, 1, 157),
(158, 19, 'Nebalinti', NULL, 1, 158),
(159, 32, '100% šukuotinė medvilnė', NULL, 1, 159),
(160, 36, 'Ne', NULL, 1, 160),
(161, 37, '550 g/m2', NULL, 1, 161),
(162, 40, 'Yra', NULL, 1, 162),
(163, 7, 'Brown', NULL, 1, 163),
(164, 7, 'Black', NULL, 1, 164),
(165, 9, '70x140 cm', NULL, 1, 165),
(166, 7, 'Green', NULL, 1, 166),
(167, 7, 'Pink', NULL, 1, 167),
(168, 7, 'Red', NULL, 1, 168),
(169, 7, 'White', NULL, 1, 169),
(170, 7, 'Purple', NULL, 1, 170),
(171, 7, 'Orange', NULL, 1, 171),
(172, 7, 'Grey', NULL, 1, 172),
(173, 32, '100% Medvilnė (trikotažas)', NULL, 1, 173),
(174, 11, 'Su guma', NULL, 1, 174),
(175, 19, 'Lyginti vidutinėje temperatūroje', NULL, 1, 175),
(176, 9, '120x200 cm', NULL, 1, 176),
(177, 9, '140x200 cm', NULL, 1, 177),
(178, 9, '160x200 cm', NULL, 1, 178),
(179, 9, '180x200 cm', NULL, 1, 179),
(180, 9, '200x200 cm', NULL, 1, 180),
(181, 9, '200x220 cm', NULL, 1, 181),
(182, 7, '00-0154 Dark brown', NULL, 1, 182),
(183, 7, 'Beige', NULL, 1, 183),
(184, 7, '00-0221 Dark plum', NULL, 1, 184),
(185, 7, '00-0022 Light blue', NULL, 1, 185),
(186, 7, '00-0188 Pale olive', NULL, 1, 186),
(187, 7, '00-0086 Parfait pink', NULL, 1, 187),
(188, 25, 'Nėra', NULL, 1, 188),
(189, 27, 'Be užsegimo', NULL, 1, 189),
(190, 32, '100% Medvilnė', NULL, 1, 190),
(191, 33, 'Įvairūs', NULL, 1, 191),
(192, 35, 'Glamžytas', NULL, 1, 192),
(193, 9, '205x215, 70x70 cm', NULL, 1, 193),
(194, 37, '380 g/m2', NULL, 1, 194),
(195, 9, '100x180 cm', NULL, 1, 195),
(196, 9, '30x50 cm', NULL, 1, 196),
(197, 7, 'Soft blue 268', NULL, 1, 197),
(198, 9, '100x150 cm', NULL, 1, 198),
(199, 7, 'Ivory', NULL, 1, 199),
(200, 7, 'Fusion coral', NULL, 1, 200),
(201, 9, '30x30 cm', NULL, 1, 201),
(202, 37, '500 g/m2', NULL, 1, 202),
(203, 35, 'Flanelė', NULL, 1, 203),
(204, 9, '205x215, 50x70 cm', NULL, 1, 204),
(205, 9, '150x210, 50x70 cm', NULL, 1, 205),
(206, 9, '150x210, 70x70 cm', NULL, 1, 206),
(207, 33, 'Gėlės', NULL, 1, 207),
(208, 9, '150x215, 70x70 cm', NULL, 1, 208),
(209, 33, 'Kvadratai', NULL, 1, 209),
(210, 32, '25% Vilna, 75% Akrilas', NULL, 1, 210),
(211, 11, 'Su kutais', NULL, 1, 211),
(212, 19, 'Negalima lyginti', NULL, 1, 212),
(213, 19, 'Galimas sausas valymas', NULL, 1, 213),
(214, 19, 'Negalima džiovinti džiovyklėje', NULL, 1, 214),
(215, 9, '130x170 cm', NULL, 1, 215),
(216, 33, 'Juostelės', NULL, 1, 216),
(217, 37, '700 g/m2', NULL, 1, 217),
(218, 9, '50x80 cm', NULL, 1, 218),
(219, 32, 'Poliesterio pluošto kamuoliukai (exclusive &quot;HUGIS&quot;)', NULL, 1, 219),
(220, 32, '100% Medvilnė (satinas)', NULL, 1, 220),
(221, 11, 'Be gumos', NULL, 1, 221),
(222, 9, '150x240 cm', NULL, 1, 222),
(223, 9, '180x240 cm', NULL, 1, 223),
(224, 9, '220x240 cm', NULL, 1, 224),
(225, 7, '00-0033 Lilac', NULL, 1, 225),
(226, 9, '150x220 cm', NULL, 1, 226),
(227, 7, '00-0187 Whisper pink', NULL, 1, 227),
(228, 7, '00-0222 Golden cream', NULL, 1, 228),
(229, 27, 'Sagos', NULL, 1, 229),
(230, 32, '48% linas, 52% medvilnė', NULL, 1, 230),
(231, 35, 'Linas', NULL, 1, 231),
(232, 9, '147x210, 50x70cm', NULL, 1, 232),
(233, 33, 'Vaikiškas', NULL, 1, 233),
(234, 35, 'Kartūnas', NULL, 1, 234),
(235, 32, '100% Medvilnė (drobė)', NULL, 1, 235),
(236, 9, '180x220 cm', NULL, 1, 236),
(237, 7, '00-0220 Bordeux', NULL, 1, 237),
(238, 33, 'Vienspalvis', NULL, 1, 238),
(239, 35, 'Mako satinas', NULL, 1, 239),
(240, 33, 'Dvipusis', NULL, 1, 240),
(241, 32, '52% poliesteris, 48% medvilnė', NULL, 1, 241),
(242, 35, 'Mišraus pluošto', NULL, 1, 242),
(243, 9, '140x200, 50x70 cm', NULL, 1, 243),
(244, 9, '200x220, 50x70 cm', NULL, 1, 244),
(245, 27, 'Su užtrauktukais', NULL, 1, 245),
(246, 35, 'Satinas', NULL, 1, 246),
(247, 32, '100% poliesteris', NULL, 1, 247),
(248, 35, 'Poliesteris', NULL, 1, 248),
(249, 9, '160x200, 70x80 cm', NULL, 1, 249),
(250, 32, '100% linas', NULL, 1, 250),
(251, 25, 'Yra', NULL, 1, 251),
(252, 9, '100x145, 40x60, 107x150 cm', NULL, 1, 252),
(253, 36, 'Taip', NULL, 1, 253),
(254, 9, '50x70, 70x140 cm', NULL, 1, 254),
(255, 35, '100% poliesteris', NULL, 1, 255),
(256, 38, '60% medvilnė, 40% poliesteris', NULL, 1, 256),
(257, 19, 'Lyginti žemoje temperatūroje', NULL, 1, 257),
(258, 9, '140x220 cm', NULL, 1, 258),
(259, 9, '240x260 cm', NULL, 1, 259),
(260, 35, 'Drobė', NULL, 1, 260),
(261, 32, '48% medvilnė, 52% poliesteris', NULL, 1, 261),
(262, 9, '180x215 cm', NULL, 1, 262),
(263, 9, '200x215 cm', NULL, 1, 263),
(264, 37, '530 g/m2', NULL, 1, 264),
(265, 9, '50x90 cm', NULL, 1, 265),
(266, 37, '430 g/m2', NULL, 1, 266),
(267, 37, '600 g/m2', NULL, 1, 267),
(268, 9, '40x60, 60x100, 100x150 cm', NULL, 1, 268),
(269, 9, '30x50, 50x100, 70x140 cm', NULL, 1, 269),
(270, 37, '490 g/m2', NULL, 1, 270),
(271, 9, '70x125 cm', NULL, 1, 271),
(272, 32, '50% vilna, 50% linas', NULL, 1, 272),
(273, 11, 'Vaikiškas', NULL, 1, 273),
(274, 9, '100x140 cm', NULL, 1, 274),
(275, 32, '15% vilna,70% akrilas,15% medvilnė', NULL, 1, 275),
(276, 11, 'Be kutų', NULL, 1, 276),
(277, 19, 'Skalbti 30°C', NULL, 1, 277),
(278, 9, '145x205 cm', NULL, 1, 278),
(279, 19, 'Džiovinti pakabinus, neišgręžus', NULL, 1, 279),
(280, 32, '100% Naujosios Zelandijos vilna', NULL, 1, 280),
(281, 19, 'Džiovinti patiesus', NULL, 1, 281),
(282, 32, '100% Merino vilna', NULL, 1, 282),
(283, 32, '50% Vilna, 50% Akrilas', NULL, 1, 283),
(284, 32, '90% Merino vilna, 10% Kašmyras', NULL, 1, 284),
(285, 32, '10% Vilna, 20% Medvilnė, 30% Poliesteris, 40% Akrilas', NULL, 1, 285),
(286, 32, '5% Kašmyras, 45% Vilna, 20% Poliesteris, 30% Akrilas', NULL, 1, 286),
(287, 9, '130x180 cm', NULL, 1, 287),
(288, 32, '70% Vilna, 30% Poliesteris', NULL, 1, 288),
(289, 32, '100% Vilna', NULL, 1, 289),
(290, 32, '20% Vilna, 50% Akrilas, 30% Poliesteris', NULL, 1, 290),
(291, 32, '15% linas, 85% poliesteris', NULL, 1, 291),
(292, 35, 'Užuolaidinis', NULL, 1, 292),
(293, 9, '280 cm', NULL, 1, 293),
(294, 33, 'Apskritimai', NULL, 1, 294),
(295, 33, 'Gyvūnai', NULL, 1, 295),
(296, 11, 'ALOE VERA', NULL, 1, 296),
(297, 38, '100% poliesteris', NULL, 1, 297),
(298, 39, '100% poliesteris', NULL, 1, 298),
(299, 41, 'Yra', NULL, 1, 299),
(300, 9, '70x70 cm', NULL, 1, 300),
(301, 11, 'FENG SHUI', NULL, 1, 301),
(302, 32, '80% medvilnė, 20% poliesteris', NULL, 1, 302),
(303, 40, 'Nėra', NULL, 1, 303),
(304, 32, '60% medvilnė, 40% poliesteris', NULL, 1, 304),
(305, 35, 'Žakardinis satinas', NULL, 1, 305),
(306, 9, '85x85 cm', NULL, 1, 306),
(307, 9, '150x250 cm', NULL, 1, 307),
(308, 9, '150x180 cm', NULL, 1, 308),
(309, 9, '35x35 cm', NULL, 1, 309),
(310, 9, '45x45 cm', NULL, 1, 310),
(311, 35, 'Medvilninis', NULL, 1, 311),
(312, 9, '120x155 cm', NULL, 1, 312),
(313, 9, '155x155 cm', NULL, 1, 313),
(314, 9, '250x155 cm', NULL, 1, 314),
(315, 32, '80% poliesteris, 20% poliamidas', NULL, 1, 315),
(316, 9, '34x34 cm', NULL, 1, 316),
(317, 9, '14x42 cm', NULL, 1, 317),
(318, 32, '75% poliesteris, 10% poliamidas, 15% poliuretanas', NULL, 1, 318),
(319, 9, '18x20 cm', NULL, 1, 319),
(320, 9, '220 cm', NULL, 1, 320),
(321, 9, '240 cm', NULL, 1, 321),
(322, 32, '40% medvilnė, 30% akrilas, 30% polieteris', NULL, 1, 322),
(323, 9, '150x200 cm', NULL, 1, 323),
(324, 11, 'ANTISTRESS', NULL, 1, 324),
(325, 11, 'ANTIASTHMA', NULL, 1, 325),
(326, 11, 'EMBOSSED', NULL, 1, 326),
(327, 41, 'Nėra', NULL, 1, 327),
(328, 11, 'SWEETDREAM', NULL, 1, 328),
(329, 11, 'ANATOMIC', NULL, 1, 329),
(330, 38, 'Viskoelastinė medžiaga', NULL, 1, 330),
(331, 9, '70x35 cm', NULL, 1, 331),
(332, 9, '200x210 cm', NULL, 1, 332),
(333, 9, '145x200 cm', NULL, 1, 333),
(334, 37, '650 g/m2', NULL, 1, 334),
(335, 27, 'Užtrauktukas', NULL, 1, 335),
(336, 35, 'Daigstytas', NULL, 1, 336),
(337, 9, '40x40 cm', NULL, 1, 337),
(338, 9, '140x205 cm', NULL, 1, 338),
(339, 9, '200x205 cm', NULL, 1, 339),
(340, 11, 'PROTECT', NULL, 1, 340),
(341, 38, '100% sinteponas', NULL, 1, 341),
(342, 37, '240 g/m2', NULL, 1, 342),
(343, 37, '170 g/m2', NULL, 1, 343),
(344, 37, '180 g/m2', NULL, 1, 344),
(345, 37, '185 g/m2', NULL, 1, 345),
(346, 37, '260 g/m2', NULL, 1, 346),
(347, 37, '230 g/m2', NULL, 1, 347),
(348, 37, '200 g/m2', NULL, 1, 348),
(349, 9, '160x240 cm', NULL, 1, 349),
(350, 9, '160x220 cm', NULL, 1, 350),
(351, 9, '220x220 cm', NULL, 1, 351),
(352, 9, '115x130, 50x50, 110x140 cm', NULL, 1, 352),
(353, 9, '100x145, 40x60 cm', NULL, 1, 353),
(354, 32, '100% Medvilnė (kartūnas)', NULL, 1, 354),
(355, 9, '107x150 cm', NULL, 1, 355),
(356, 35, 'Perkalis', NULL, 1, 356),
(357, 9, '140x200, 70x70 cm', NULL, 1, 357),
(358, 9, '200x220, 70x70 cm', NULL, 1, 358),
(359, 9, '95x145, 40x40, 105x150 cm', NULL, 1, 359),
(360, 33, 'KAKĖ MAKĖ', NULL, 1, 360),
(361, 9, '220x240, 50x70 cm', NULL, 1, 361),
(362, 9, '38x50 cm', NULL, 1, 362),
(363, 9, '120x150 cm', NULL, 1, 363),
(364, 9, '150x150 cm', NULL, 1, 364),
(365, 42, '35', NULL, 1, 1),
(366, 46, '30.1', NULL, 1, 1),
(367, 47, '1.2/1.6', NULL, 1, 1),
(368, 51, '4.1', NULL, 1, 1),
(369, 52, '3.4', NULL, 1, 1),
(370, 53, '100', NULL, 1, 1),
(371, 54, '111', NULL, 1, 1),
(372, 55, '5.2/5.5', NULL, 1, 1),
(373, 56, '2-MIX', NULL, 1, 1),
(374, 57, '3/8&#039;&#039;P', NULL, 1, 1),
(375, 58, 'PM3', NULL, 1, 1),
(376, 59, '969', NULL, 1, 1),
(377, 46, '31.8', NULL, 1, 2),
(378, 47, '1.4/1.9', NULL, 1, 2),
(379, 52, '3', NULL, 1, 2),
(380, 54, '112', NULL, 1, 2),
(381, 55, '6.6/7.8', NULL, 1, 2),
(382, 59, '859', NULL, 1, 2),
(383, 51, '4.5', NULL, 1, 2),
(384, 52, '3.2', NULL, 1, 3),
(385, 46, '35.2', NULL, 1, 3),
(386, 47, '1.7/2.3', NULL, 1, 3),
(387, 51, '4.3', NULL, 1, 3),
(388, 52, '2.5', NULL, 1, 4),
(389, 54, '113', NULL, 1, 3),
(390, 55, '3.5/3.5', NULL, 1, 3),
(391, 59, '999', NULL, 1, 3),
(392, 46, '42.6', NULL, 1, 4),
(393, 47, '2.0/2.7', NULL, 1, 4),
(394, 51, '4.8', NULL, 1, 4),
(395, 52, '2.4', NULL, 1, 5),
(396, 53, '103', NULL, 1, 2),
(397, 54, '114', NULL, 1, 4),
(398, 55, '3.9/3.9', NULL, 1, 4),
(399, 59, '917', NULL, 1, 4),
(400, 51, '5.1', NULL, 1, 5),
(401, 52, '2.6', NULL, 1, 6),
(402, 42, '37', NULL, 1, 2),
(403, 46, '50.2', NULL, 1, 5),
(404, 47, '2.6/3.5', NULL, 1, 5),
(405, 51, '5.6', NULL, 1, 6),
(406, 52, '2.2', NULL, 1, 7),
(407, 54, '115', NULL, 1, 5),
(408, 55, '4.5/4.5', NULL, 1, 5),
(409, 57, '.325&#039;&#039;', NULL, 1, 2),
(410, 58, 'RM', NULL, 1, 2),
(411, 59, '826', NULL, 1, 5),
(412, 46, '55.5', NULL, 1, 6),
(413, 47, '2.8/3.8', NULL, 1, 6),
(414, 52, '2', NULL, 1, 8),
(415, 54, '116', NULL, 1, 6),
(416, 59, '939', NULL, 1, 6),
(417, 42, '40', NULL, 1, 3),
(418, 46, '59', NULL, 1, 7),
(419, 47, '3.1/4.2', NULL, 1, 7),
(420, 51, '6.2', NULL, 1, 7),
(421, 53, '105', NULL, 1, 3),
(422, 54, '117', NULL, 1, 7),
(423, 55, '4.0/4.0', NULL, 1, 6),
(424, 57, '3/8&quot;', NULL, 1, 3),
(425, 59, '874', NULL, 1, 7),
(426, 46, '64.1', NULL, 1, 8),
(427, 47, '3.3/4.5', NULL, 1, 8),
(428, 52, '1.9', NULL, 1, 9),
(429, 59, '755', NULL, 1, 8),
(430, 42, '30', NULL, 1, 4),
(431, 46, '23.6', NULL, 1, 9),
(432, 47, '1.1/1.5', NULL, 1, 9),
(433, 51, '2.8', NULL, 1, 8),
(434, 53, '96', NULL, 1, 4),
(435, 54, '110', NULL, 1, 8),
(436, 55, '4.9/4.9', NULL, 1, 7),
(437, 57, '1/4&quot;P', NULL, 1, 4),
(438, 47, '2.3/3.1', NULL, 1, 10),
(439, 55, '2.9/2.9', NULL, 1, 8),
(440, 58, 'PS3', NULL, 1, 3),
(441, 59, '882', NULL, 1, 9),
(442, 47, '1.8/2.4', NULL, 1, 11),
(443, 51, '3.9', NULL, 1, 9),
(444, 53, '98', NULL, 1, 5),
(445, 55, '2.6/2.7', NULL, 1, 9),
(446, 47, '3.0/4.1', NULL, 1, 12),
(447, 51, '4.9', NULL, 1, 10),
(448, 53, '102', NULL, 1, 6),
(449, 59, '853', NULL, 1, 10),
(450, 52, '1.6', NULL, 1, 10),
(451, 53, '104', NULL, 1, 7),
(452, 59, '705', NULL, 1, 11),
(453, 52, '1.7', NULL, 1, 11),
(454, 42, '50', NULL, 1, 5),
(455, 46, '79.2', NULL, 1, 10),
(456, 47, '5.0/6.8', NULL, 1, 13),
(457, 52, '1.24', NULL, 1, 12),
(458, 53, '106', NULL, 1, 8),
(459, 54, '121', NULL, 1, 9),
(460, 55, '4.2/4.0', NULL, 1, 10),
(461, 58, 'RS', NULL, 1, 4),
(462, 59, '707', NULL, 1, 12),
(463, 47, '1.0/1.3', NULL, 1, 14),
(464, 51, '2.6', NULL, 1, 11),
(465, 53, '97', NULL, 1, 9),
(466, 51, '3.7', NULL, 1, 12),
(467, 52, '2.1', NULL, 1, 13),
(468, 55, '3.5/3.1', NULL, 1, 11),
(469, 57, '3/8&quot;P', NULL, 1, 5),
(470, 58, 'PMM3', NULL, 1, 5),
(471, 46, '31.76', NULL, 1, 11),
(472, 51, '3.3', NULL, 1, 13),
(473, 55, '3.6/3.6', NULL, 1, 12),
(474, 59, '896', NULL, 1, 13),
(475, 46, '72.2', NULL, 1, 12),
(476, 47, '4.4/6.0', NULL, 1, 15),
(477, 51, '6.5', NULL, 1, 14),
(478, 52, '1.48', NULL, 1, 14),
(479, 53, '108', NULL, 1, 10),
(480, 54, '119', NULL, 1, 10),
(481, 55, '3.3/2.7', NULL, 1, 13),
(482, 58, 'RDR', NULL, 1, 6),
(483, 43, 'AK sistema', NULL, 1, 1),
(484, 49, '36', NULL, 1, 1),
(485, 51, '2.7', NULL, 1, 15),
(486, 53, '83', NULL, 1, 11),
(487, 54, '94', NULL, 1, 11),
(488, 55, '3.4/3.2', NULL, 1, 14),
(489, 55, '4.3/4.8', NULL, 1, 15),
(490, 43, 'AP sistema', NULL, 1, 2),
(491, 51, '3.1', NULL, 1, 16),
(492, 53, '84', NULL, 1, 12),
(493, 54, '95', NULL, 1, 12),
(494, 55, '2.7/2.9', NULL, 1, 16),
(495, 51, '2.1', NULL, 1, 17),
(496, 55, '2.5/2.5', NULL, 1, 17),
(497, 55, '4.6/3.9', NULL, 1, 18),
(498, 51, '3.6', NULL, 1, 18),
(499, 53, '89', NULL, 1, 13),
(500, 54, '100', NULL, 1, 13),
(501, 55, '4.8/3.6', NULL, 1, 19),
(502, 49, '230', NULL, 1, 2),
(503, 50, '0.3', NULL, 1, 1),
(504, 53, '90', NULL, 1, 14),
(505, 54, '101', NULL, 1, 14),
(506, 55, '3.3/4.2', NULL, 1, 20),
(507, 50, '0.5', NULL, 1, 2),
(508, 51, '3.8', NULL, 1, 19),
(509, 53, '92', NULL, 1, 15),
(510, 54, '103', NULL, 1, 15),
(511, 55, '2.9/3.4', NULL, 1, 21),
(512, 50, '1.7', NULL, 1, 3),
(513, 50, '4', NULL, 1, 4),
(514, 51, '4', NULL, 1, 20),
(515, 53, '93', NULL, 1, 16),
(516, 54, '104', NULL, 1, 16),
(517, 55, '3.4/4.2', NULL, 1, 22),
(518, 51, '4.6', NULL, 1, 21),
(519, 53, '94', NULL, 1, 17),
(520, 54, '105', NULL, 1, 17),
(521, 55, '3.1/4.1', NULL, 1, 23),
(522, 44, '45', NULL, 1, 1),
(523, 45, '30', NULL, 1, 1),
(524, 46, '27.2', NULL, 1, 13),
(525, 47, '0.75/1.0', NULL, 1, 16),
(526, 51, '4.7', NULL, 1, 22),
(527, 54, '107', NULL, 1, 18),
(528, 55, '10.0 / 9.0', NULL, 1, 24),
(529, 60, '95', NULL, 1, 1),
(530, 44, '60', NULL, 1, 2),
(531, 51, '5', NULL, 1, 23),
(532, 60, '110', NULL, 1, 2),
(533, 45, '38', NULL, 1, 2),
(534, 46, '22.7', NULL, 1, 14),
(535, 47, '0.7/1.0', NULL, 1, 17),
(536, 51, '5.3', NULL, 1, 24),
(537, 55, '2.7 / 3.1', NULL, 1, 25),
(538, 60, '120', NULL, 1, 3),
(539, 44, '75', NULL, 1, 3),
(540, 55, '2.4 / 2.8', NULL, 1, 26),
(541, 60, '135', NULL, 1, 4),
(542, 53, '95', NULL, 1, 18),
(543, 55, '2.7 / 2.1', NULL, 1, 27),
(544, 60, '121', NULL, 1, 5),
(545, 55, '3.6 / 2.2', NULL, 1, 28),
(546, 60, '133', NULL, 1, 6),
(547, 51, '2.9', NULL, 1, 25),
(548, 53, '80', NULL, 1, 19),
(549, 54, '91', NULL, 1, 19),
(550, 55, '2.7 / 1.2', NULL, 1, 29),
(551, 60, '94', NULL, 1, 7),
(552, 44, '50', NULL, 1, 4),
(553, 55, '3.7 / 2.3', NULL, 1, 30),
(554, 60, '103', NULL, 1, 8),
(555, 44, '62', NULL, 1, 5),
(556, 45, '33', NULL, 1, 3),
(557, 60, '115', NULL, 1, 9),
(558, 53, '85', NULL, 1, 20),
(559, 54, '96', NULL, 1, 20),
(560, 55, '4.2 / 3.3', NULL, 1, 31),
(561, 60, '132', NULL, 1, 10),
(562, 53, '86', NULL, 1, 21),
(563, 54, '97', NULL, 1, 21),
(564, 55, '3.2 / 3.1', NULL, 1, 32),
(565, 60, '130', NULL, 1, 11),
(566, 45, '23', NULL, 1, 4),
(567, 55, '3.1 / 1.5', NULL, 1, 33),
(568, 60, '101', NULL, 1, 12),
(569, 45, '29', NULL, 1, 5),
(570, 55, '5.3 / 3.3', NULL, 1, 34),
(571, 60, '113', NULL, 1, 13),
(572, 45, '36', NULL, 1, 6),
(573, 53, '88', NULL, 1, 22),
(574, 54, '99', NULL, 1, 22),
(575, 55, '3.8 / 2.6', NULL, 1, 35),
(576, 60, '123', NULL, 1, 14),
(577, 53, '77', NULL, 1, 23),
(578, 54, '87', NULL, 1, 23),
(579, 55, '1.5 / 1.5', NULL, 1, 36),
(580, 60, '210', NULL, 1, 15),
(581, 51, '3.5', NULL, 1, 26),
(582, 55, '3.5 / 3.5', NULL, 1, 37),
(583, 60, '205', NULL, 1, 16),
(584, 51, '4.4', NULL, 1, 27),
(585, 53, '75', NULL, 1, 24),
(586, 55, '2.0 / 2.0', NULL, 1, 38),
(587, 60, '260-330', NULL, 1, 17),
(588, 45, '34', NULL, 1, 7),
(589, 55, '3.9 / 2.8', NULL, 1, 39),
(590, 60, '249', NULL, 1, 18),
(591, 46, '36.3', NULL, 1, 15),
(592, 54, '109', NULL, 1, 24),
(593, 55, '3.6/4.3', NULL, 1, 40),
(594, 56, '4-MIX', NULL, 1, 2),
(595, 60, '270-390', NULL, 1, 19),
(596, 42, '25', NULL, 1, 6),
(597, 53, '78', NULL, 1, 25),
(598, 54, '93', NULL, 1, 25),
(599, 55, '1.0/1.0', NULL, 1, 41),
(600, 60, '240', NULL, 1, 20),
(601, 51, '6.8', NULL, 1, 28),
(602, 55, '4.3/5.1', NULL, 1, 42),
(603, 60, '285-405', NULL, 1, 21),
(604, 55, '5.0/4.2', NULL, 1, 43),
(605, 53, '101', NULL, 1, 26),
(606, 55, '6.1/6.5', NULL, 1, 44),
(607, 51, '3.2', NULL, 1, 29),
(608, 53, '91', NULL, 1, 27),
(609, 54, '102', NULL, 1, 26),
(610, 55, '5.0/5.0', NULL, 1, 45),
(611, 51, '3.4', NULL, 1, 30),
(612, 55, '5.0/3.7', NULL, 1, 46),
(613, 47, '0.85/1.2', NULL, 1, 18),
(614, 51, '8.3', NULL, 1, 31),
(615, 55, '4.1/5.1', NULL, 1, 47),
(616, 60, '100', NULL, 1, 22),
(617, 51, '1.8', NULL, 1, 32),
(618, 60, '89', NULL, 1, 23),
(619, 51, '2.3', NULL, 1, 33),
(620, 60, '92', NULL, 1, 24),
(621, 51, '2.2', NULL, 1, 34),
(622, 60, '126', NULL, 1, 25),
(623, 51, '1.2', NULL, 1, 35),
(624, 51, '1.3', NULL, 1, 36),
(625, 51, '6.4', NULL, 1, 37),
(626, 60, '125', NULL, 1, 26),
(627, 51, '2.5', NULL, 1, 38),
(628, 48, '23', NULL, 1, 1),
(629, 51, '2', NULL, 1, 39),
(630, 48, '21', NULL, 1, 2),
(631, 51, '0.8', NULL, 1, 40),
(632, 48, '60', NULL, 1, 3),
(633, 51, '4.2', NULL, 1, 41),
(634, 48, '50', NULL, 1, 4),
(635, 51, '8.6', NULL, 1, 42),
(636, 43, 'AS sistema', NULL, 1, 3),
(637, 44, '10', NULL, 1, 6),
(638, 49, '10.8', NULL, 1, 3),
(639, 51, '1.45', NULL, 1, 43),
(640, 54, '86', NULL, 1, 27),
(641, 55, '2.9/2.8', NULL, 1, 48),
(642, 57, '1/4&quot;', NULL, 1, 6),
(643, 46, '66.7', NULL, 1, 16),
(644, 47, '3.2/4.4', NULL, 1, 19),
(645, 51, '9.7', NULL, 1, 44),
(646, 60, '72', NULL, 1, 27),
(647, 61, '350', NULL, 1, 1),
(648, 62, '125', NULL, 1, 1),
(649, 47, '3.9/5.3', NULL, 1, 20),
(650, 51, '10.2', NULL, 1, 45),
(651, 55, '2.4/2.0', NULL, 1, 49),
(652, 60, '73', NULL, 1, 28),
(653, 46, '98.5', NULL, 1, 17),
(654, 51, '11.7', NULL, 1, 46),
(655, 55, '6.6/4.5', NULL, 1, 50),
(656, 60, '84', NULL, 1, 29),
(657, 51, '12.7', NULL, 1, 47),
(658, 55, '6.5/3.9', NULL, 1, 51),
(659, 61, '400', NULL, 1, 2),
(660, 62, '145', NULL, 1, 2),
(661, 60, '55', NULL, 1, 30),
(662, 61, '230', NULL, 1, 3),
(663, 62, '70', NULL, 1, 3),
(664, 46, '76.5', NULL, 1, 18),
(665, 47, '4.3/5.8', NULL, 1, 21),
(666, 51, '7.6', NULL, 1, 48),
(667, 55, '4.5/4.0', NULL, 1, 52),
(668, 58, 'GBM', NULL, 1, 7),
(669, 47, '0.65/0.9', NULL, 1, 22),
(670, 54, '108', NULL, 1, 28),
(671, 55, '8.0/8.0', NULL, 1, 53),
(672, 60, '147', NULL, 1, 31),
(673, 63, '380', NULL, 1, 1),
(674, 64, 'Pjovimo galvutė „AutoCut“ C 6-2', NULL, 1, 1),
(675, 65, '0.33', NULL, 1, 1),
(676, 55, '7.0/6.4', NULL, 1, 54),
(677, 60, '145', NULL, 1, 32),
(678, 65, '0.34', NULL, 1, 2),
(679, 47, '0.8/1.1', NULL, 1, 23),
(680, 55, '6.0/5.7', NULL, 1, 55),
(681, 63, '420', NULL, 1, 2),
(682, 55, '6.8/5.6', NULL, 1, 56),
(683, 60, '170', NULL, 1, 33),
(684, 63, '230', NULL, 1, 3),
(685, 55, '5.5/5.5', NULL, 1, 57),
(686, 64, 'Žolės pjovimo peilis 230-2', NULL, 1, 2),
(687, 47, '0.9/1.2', NULL, 1, 24),
(688, 51, '5.4', NULL, 1, 49),
(689, 55, '6.6/6.6', NULL, 1, 58),
(690, 46, '28.4', NULL, 1, 19),
(691, 47, '0.95/1.3', NULL, 1, 25),
(692, 51, '5.8', NULL, 1, 50),
(693, 54, '106', NULL, 1, 29),
(694, 55, '2.7/2.7', NULL, 1, 59),
(695, 60, '180', NULL, 1, 34),
(696, 65, '0.71', NULL, 1, 3),
(697, 66, '1-taškas', NULL, 1, 1),
(698, 55, '3.2/2.5', NULL, 1, 60),
(699, 46, '24.1', NULL, 1, 20),
(700, 55, '4.3/3.5', NULL, 1, 61),
(701, 60, '178', NULL, 1, 35),
(702, 65, '0.54', NULL, 1, 4),
(703, 46, '31.4', NULL, 1, 21),
(704, 47, '1.05/1.4', NULL, 1, 26),
(705, 55, '3.7/3.7', NULL, 1, 62),
(706, 46, '30.8', NULL, 1, 22),
(707, 47, '1.3/1.8', NULL, 1, 27),
(708, 51, '6.3', NULL, 1, 51),
(709, 55, '4.9/4.2', NULL, 1, 63),
(710, 60, '177', NULL, 1, 36),
(711, 65, '0.64', NULL, 1, 5),
(712, 55, '3.7/3.4', NULL, 1, 64),
(713, 47, '1.55/2.1', NULL, 1, 28),
(714, 53, '99', NULL, 1, 28),
(715, 55, '5.1/4.1', NULL, 1, 65),
(716, 60, '181', NULL, 1, 37),
(717, 64, 'Pjovimo galvutė „AutoCut“ C 26-2', NULL, 1, 3),
(718, 65, '0.81', NULL, 1, 6),
(719, 46, '37.7', NULL, 1, 23),
(720, 51, '7.1', NULL, 1, 52),
(721, 55, '4.6/4.0', NULL, 1, 66),
(722, 63, '250', NULL, 1, 4),
(723, 65, '0.75', NULL, 1, 7),
(724, 46, '41.6', NULL, 1, 24),
(725, 51, '7.7', NULL, 1, 53),
(726, 55, '4.2/4.6', NULL, 1, 67),
(727, 60, '168', NULL, 1, 38),
(728, 63, '300', NULL, 1, 5),
(729, 64, 'Krūmynų peilis 300-3', NULL, 1, 4),
(730, 51, '7.2', NULL, 1, 54),
(731, 66, '4-taškai', NULL, 1, 2),
(732, 51, '8.5', NULL, 1, 55),
(733, 55, '2.2/2.0', NULL, 1, 68),
(734, 60, '179', NULL, 1, 39),
(735, 55, '2.3/2.0', NULL, 1, 69),
(736, 51, '8.4', NULL, 1, 56),
(737, 60, '167', NULL, 1, 40),
(738, 63, '225', NULL, 1, 6),
(739, 64, 'Žolės pjovimo diskas 225-24', NULL, 1, 5),
(740, 46, '51.6', NULL, 1, 25),
(741, 47, '2.4/3.3', NULL, 1, 29),
(742, 51, '9.3', NULL, 1, 57),
(743, 55, '2.8/2.8', NULL, 1, 70),
(744, 65, '0.99', NULL, 1, 8),
(745, 51, '9.2', NULL, 1, 58),
(746, 51, '9.4', NULL, 1, 59),
(747, 53, '74', NULL, 1, 29),
(748, 54, '89', NULL, 1, 30),
(749, 60, '149', NULL, 1, 41),
(750, 63, '280', NULL, 1, 7),
(751, 64, 'Pjovimo galvutė „AutoCut“ C 3-2', NULL, 1, 6),
(752, 53, '81', NULL, 1, 30),
(753, 55, '3.7/2.0', NULL, 1, 71),
(754, 63, '350', NULL, 1, 8),
(755, 60, '173', NULL, 1, 42),
(756, 54, '92', NULL, 1, 31),
(757, 55, '4.8/3.5', NULL, 1, 72),
(758, 53, '73', NULL, 1, 31),
(759, 54, '84', NULL, 1, 32),
(760, 63, '260', NULL, 1, 9),
(761, 64, 'Žolės pjovimo peilis 260-2', NULL, 1, 7),
(762, 60, '183', NULL, 1, 43),
(763, 55, '2.1/1.8', NULL, 1, 73),
(764, 49, '220-240', NULL, 1, 4),
(765, 53, '82', NULL, 1, 32),
(766, 55, '3.0/4.5', NULL, 1, 74),
(767, 60, '131', NULL, 1, 44),
(768, 64, 'Pjovimo galvutė „AutoCut“ 2-2', NULL, 1, 8),
(769, 55, '3.9/3.6', NULL, 1, 75),
(770, 60, '153', NULL, 1, 45),
(771, 55, '2.9/2.2', NULL, 1, 76),
(772, 51, '9.6', NULL, 1, 60),
(773, 55, '2.2/2.2', NULL, 1, 77),
(774, 60, '280', NULL, 1, 46),
(775, 51, '10.8', NULL, 1, 61),
(776, 55, '2.0/2.0', NULL, 1, 78),
(777, 64, 'Žolės pjovimo peilis 230-4', NULL, 1, 9),
(778, 46, '45.6', NULL, 1, 26),
(779, 47, '2.2/3.0', NULL, 1, 30),
(780, 51, '10.9', NULL, 1, 62),
(781, 51, '9', NULL, 1, 63),
(782, 67, '800', NULL, 1, 1),
(783, 71, '35', NULL, 1, 1),
(784, 73, '20', NULL, 1, 1),
(785, 74, '20–60 (daugiapakopis)', NULL, 1, 1),
(786, 75, '16', NULL, 1, 1),
(787, 76, '60', NULL, 1, 1),
(788, 77, '4450', NULL, 1, 1),
(789, 78, 'Ličio jonų', NULL, 1, 1),
(790, 79, '60', NULL, 1, 1),
(791, 81, '49', NULL, 1, 1),
(792, 67, '1500', NULL, 1, 2),
(793, 71, '40', NULL, 1, 2),
(794, 75, '25', NULL, 1, 2),
(795, 51, '10', NULL, 1, 64),
(796, 67, '1700', NULL, 1, 3),
(797, 75, '28', NULL, 1, 3),
(798, 67, '2100', NULL, 1, 4),
(799, 75, '35', NULL, 1, 4),
(800, 81, '52', NULL, 1, 2),
(801, 51, '14', NULL, 1, 65),
(802, 67, '3000', NULL, 1, 5),
(803, 71, '45', NULL, 1, 3),
(804, 73, '28', NULL, 1, 2),
(805, 76, '120', NULL, 1, 2),
(806, 77, '3150', NULL, 1, 2),
(807, 79, '59', NULL, 1, 2),
(808, 81, '48', NULL, 1, 3),
(809, 67, '3200', NULL, 1, 6),
(810, 75, '38', NULL, 1, 5),
(811, 67, '4000', NULL, 1, 7),
(812, 75, '40', NULL, 1, 6),
(813, 76, '185', NULL, 1, 3),
(814, 67, '5000', NULL, 1, 8),
(815, 75, '50', NULL, 1, 7),
(816, 46, '139', NULL, 1, 27),
(817, 47, '2.1/2.8', NULL, 1, 31),
(818, 51, '26', NULL, 1, 66),
(819, 68, '1200', NULL, 1, 1),
(820, 69, '55', NULL, 1, 1),
(821, 72, '–', NULL, 1, 1),
(822, 73, '46', NULL, 1, 3),
(823, 74, '25 – 75 (7 pakopų, centrinis)', NULL, 1, 2),
(824, 77, '2800', NULL, 1, 3),
(825, 80, '96', NULL, 1, 1),
(826, 81, '83', NULL, 1, 4),
(827, 82, '4', NULL, 1, 1),
(828, 83, 'STIHL EVC 200', NULL, 1, 1),
(829, 51, '28', NULL, 1, 67),
(830, 72, 'T/3.7', NULL, 1, 2),
(831, 81, '82', NULL, 1, 5),
(832, 82, '4.85', NULL, 1, 2),
(833, 46, '140', NULL, 1, 28),
(834, 51, '23', NULL, 1, 68),
(835, 73, '41', NULL, 1, 4),
(836, 80, '94', NULL, 1, 2),
(837, 81, '81', NULL, 1, 6),
(838, 82, '4.1', NULL, 1, 3),
(839, 83, 'B&amp;S serijos 550 EX OHV RS', NULL, 1, 2),
(840, 51, '25', NULL, 1, 69),
(841, 72, 'T/3.5', NULL, 1, 3),
(842, 46, '163', NULL, 1, 29),
(843, 51, '27', NULL, 1, 70),
(844, 69, '60', NULL, 1, 2),
(845, 73, '43', NULL, 1, 5),
(846, 74, '25 – 80 (7 pakopų, centrinis)', NULL, 1, 3),
(847, 80, '95', NULL, 1, 3),
(848, 83, 'B&amp;S serijos 650 EXi OHV', NULL, 1, 3),
(849, 51, '29', NULL, 1, 71),
(850, 72, 'T/3.6', NULL, 1, 4),
(851, 72, 'V/2.2– 3.8', NULL, 1, 5),
(852, 51, '31', NULL, 1, 72),
(853, 83, 'B&amp;S serijos 675 InStart OHV', NULL, 1, 4),
(854, 51, '30', NULL, 1, 73),
(855, 68, '2000', NULL, 1, 2),
(856, 69, '–', NULL, 1, 3),
(857, 73, '48', NULL, 1, 6),
(858, 74, '25 – 80 (5 pakopų, ašis, atskiras ratas)', NULL, 1, 4),
(859, 82, '4.8', NULL, 1, 4),
(860, 46, '149', NULL, 1, 30),
(861, 51, '35', NULL, 1, 74),
(862, 68, '2500', NULL, 1, 3),
(863, 72, 'T/4.9', NULL, 1, 6),
(864, 73, '53', NULL, 1, 7),
(865, 74, '30 – 70 (5 pakopų, centrinis)', NULL, 1, 5),
(866, 82, '3.33', NULL, 1, 5),
(867, 83, 'Kohler serijos HD 675 OHV SC', NULL, 1, 5),
(868, 46, '173', NULL, 1, 31),
(869, 51, '44', NULL, 1, 75),
(870, 72, 'T/4.6', NULL, 1, 7),
(871, 80, '93', NULL, 1, 4),
(872, 81, '80', NULL, 1, 7),
(873, 82, '2.4', NULL, 1, 6),
(874, 83, 'Kohler serijos HD 775 OHV SC', NULL, 1, 6),
(875, 69, '40', NULL, 1, 4),
(876, 73, '37', NULL, 1, 8),
(877, 74, '30–70 (5 pakopų, centrinis)', NULL, 1, 6),
(878, 77, '3350', NULL, 1, 4),
(879, 78, 'Akumuliatoriai AK', NULL, 1, 2),
(880, 80, '90', NULL, 1, 5),
(881, 81, '76', NULL, 1, 8),
(882, 82, '1.6', NULL, 1, 7),
(883, 51, '16', NULL, 1, 76),
(884, 51, '24', NULL, 1, 77),
(885, 72, 'V/2.0 – 4.5', NULL, 1, 8),
(886, 74, '25–75 (6 pakopų, centrinis)', NULL, 1, 7),
(887, 78, 'Akumuliatoriai AP', NULL, 1, 3),
(888, 82, '1.8', NULL, 1, 8),
(889, 72, 'T/4.0', NULL, 1, 9),
(890, 82, '1.4', NULL, 1, 9),
(891, 72, 'V/2.0 - 4.5', NULL, 1, 10),
(892, 74, '25–85 (4 pakopos, kiekvienoje ašyje)', NULL, 1, 8),
(893, 80, '88', NULL, 1, 6),
(894, 81, '74', NULL, 1, 9),
(895, 51, '13', NULL, 1, 78),
(896, 68, '300', NULL, 1, 4),
(897, 69, '30', NULL, 1, 5),
(898, 73, '33', NULL, 1, 9),
(899, 74, '25-60 (5 pakopų, centrinis)', NULL, 1, 9),
(900, 76, '1200', NULL, 1, 4),
(901, 77, '3200', NULL, 1, 5),
(902, 68, '500', NULL, 1, 5),
(903, 74, '30-70 (5 pakopų, centrinis)', NULL, 1, 10),
(904, 81, '79', NULL, 1, 10),
(905, 82, '0.82', NULL, 1, 10),
(906, 51, '15', NULL, 1, 79),
(907, 82, '0.5', NULL, 1, 11),
(908, 68, '800', NULL, 1, 6),
(909, 74, '25-80 (7 pakopų, centrinis)', NULL, 1, 11),
(910, 76, '1600', NULL, 1, 5),
(911, 82, '2.8', NULL, 1, 12),
(912, 51, '32', NULL, 1, 80),
(913, 72, 'V/2.4 - 4.0', NULL, 1, 11),
(914, 73, '34', NULL, 1, 10),
(915, 74, 'nuo 7,5 iki + 7,5 centrinis, nuoseklus', NULL, 1, 12),
(916, 76, '900', NULL, 1, 6),
(917, 77, '3650', NULL, 1, 6),
(918, 80, '75', NULL, 1, 7),
(919, 81, '92', NULL, 1, 11),
(920, 76, '1500', NULL, 1, 7),
(921, 77, '4100', NULL, 1, 7),
(922, 80, '78', NULL, 1, 8),
(923, 81, '94', NULL, 1, 12),
(924, 82, '5.8', NULL, 1, 13),
(925, 48, '45', NULL, 1, 5),
(926, 51, '36', NULL, 1, 81),
(927, 65, '0.8', NULL, 1, 9),
(928, 70, '30', NULL, 1, 1),
(929, 72, '1V', NULL, 1, 12),
(930, 77, '3100', NULL, 1, 8),
(931, 82, '5.5', NULL, 1, 14),
(932, 51, '37', NULL, 1, 82),
(933, 72, '1V + 1R', NULL, 1, 13),
(934, 47, '2.3/3.2', NULL, 1, 32),
(935, 48, '85', NULL, 1, 6),
(936, 65, '1.4', NULL, 1, 10),
(937, 70, '32', NULL, 1, 2),
(938, 77, '3000', NULL, 1, 9),
(939, 82, '5', NULL, 1, 15),
(940, 83, 'Kohler HD 675 OHV SC', NULL, 1, 7),
(941, 46, '212', NULL, 1, 32),
(942, 48, '78', NULL, 1, 7),
(943, 51, '68', NULL, 1, 83),
(944, 65, '3.6', NULL, 1, 11),
(945, 70, '31', NULL, 1, 3),
(946, 72, '2V + 1R', NULL, 1, 14),
(947, 77, '3600', NULL, 1, 10),
(948, 80, '101', NULL, 1, 9),
(949, 81, '87', NULL, 1, 13),
(950, 82, '6.9', NULL, 1, 16),
(951, 83, 'STIHL EHC 600', NULL, 1, 8),
(952, 47, '2.9/3.9', NULL, 1, 33),
(953, 51, '46', NULL, 1, 84),
(954, 82, '6', NULL, 1, 17),
(955, 83, 'Kohler HD 775 OHV SC', NULL, 1, 9),
(956, 46, '252', NULL, 1, 33),
(957, 47, '5.2/7.1', NULL, 1, 34),
(958, 48, '120', NULL, 1, 8),
(959, 51, '113', NULL, 1, 85),
(960, 70, '36', NULL, 1, 4),
(961, 80, '100', NULL, 1, 10),
(962, 81, '86', NULL, 1, 14),
(963, 83, 'STIHL EHC 700', NULL, 1, 10),
(964, 46, '452', NULL, 1, 34),
(965, 47, '8.2/11.1', NULL, 1, 35),
(966, 51, '202', NULL, 1, 86),
(967, 65, '6', NULL, 1, 12),
(968, 68, '4000', NULL, 1, 7),
(969, 69, '250', NULL, 1, 6),
(970, 73, '80', NULL, 1, 11),
(971, 74, '35–90', NULL, 1, 13),
(972, 77, '2700', NULL, 1, 11),
(973, 82, '0.60/3.00', NULL, 1, 18),
(974, 83, 'STIHL EVC 4000', NULL, 1, 11),
(975, 84, 'hidrostatinė', NULL, 1, 1),
(976, 47, '8.9/12.1', NULL, 1, 36),
(977, 65, '9', NULL, 1, 13),
(978, 68, '6000', NULL, 1, 8),
(979, 73, '95', NULL, 1, 12),
(980, 81, '85', NULL, 1, 15),
(981, 82, '0.50/2.8', NULL, 1, 19),
(982, 46, '656', NULL, 1, 35),
(983, 47, '9.3/11.6', NULL, 1, 37),
(984, 51, '224', NULL, 1, 87),
(985, 68, '8000', NULL, 1, 9),
(986, 73, '110', NULL, 1, 13),
(987, 77, '2950', NULL, 1, 12),
(988, 82, '0.50/2.50', NULL, 1, 20),
(989, 83, 'B&amp;S serijos 7160 Intek OHV (2 cilindrai)', NULL, 1, 12),
(990, 51, '228', NULL, 1, 88),
(991, 74, '30–100', NULL, 1, 14),
(992, 82, '0.98/2.60', NULL, 1, 21),
(993, 47, '8.7/11.8', NULL, 1, 38),
(994, 51, '236', NULL, 1, 89),
(995, 82, '0.98/2.20', NULL, 1, 22),
(996, 51, '263', NULL, 1, 90),
(997, 69, '350', NULL, 1, 7),
(998, 82, '0.50/4.40', NULL, 1, 23),
(999, 46, '724', NULL, 1, 36),
(1000, 47, '14.7/20.0', NULL, 1, 39),
(1001, 51, '269', NULL, 1, 91),
(1002, 68, '10000', NULL, 1, 10),
(1003, 73, '125', NULL, 1, 14),
(1004, 80, '105', NULL, 1, 11),
(1005, 81, '89', NULL, 1, 16),
(1006, 83, 'B&amp;S serijos 8240 Intek OHV (2 cilindrai)', NULL, 1, 13),
(1007, 55, '1.7/2.0', NULL, 1, 79),
(1008, 51, '7.8', NULL, 1, 92),
(1009, 55, '1.5', NULL, 1, 80),
(1010, 85, '10', NULL, 1, 1),
(1011, 86, '780', NULL, 1, 1),
(1012, 87, '9', NULL, 1, 1),
(1013, 46, '63.3', NULL, 1, 37),
(1014, 51, '12.2', NULL, 1, 93),
(1015, 55, '1.9', NULL, 1, 81),
(1016, 85, '14', NULL, 1, 2),
(1017, 86, '1300', NULL, 1, 2),
(1018, 87, '14.5', NULL, 1, 2),
(1019, 51, '12.8', NULL, 1, 94),
(1020, 51, '0.46', NULL, 1, 95),
(1021, 85, '1.5', NULL, 1, 3),
(1022, 85, '3', NULL, 1, 4),
(1023, 85, '5', NULL, 1, 5),
(1024, 85, '12', NULL, 1, 6),
(1025, 85, '18', NULL, 1, 7),
(1026, 50, '5', NULL, 1, 5),
(1027, 51, '9.8', NULL, 1, 96),
(1028, 54, '88', NULL, 1, 33),
(1029, 88, '10–100', NULL, 1, 1),
(1030, 89, '120', NULL, 1, 1),
(1031, 90, '520', NULL, 1, 1),
(1032, 91, '1.8', NULL, 1, 1),
(1033, 92, '≤ 2.5', NULL, 1, 1),
(1034, 93, '230 / 1~ / 50', NULL, 1, 1),
(1035, 94, '15000', NULL, 1, 1),
(1036, 95, '6', NULL, 1, 1),
(1037, 51, '16.5', NULL, 1, 97),
(1038, 53, '67', NULL, 1, 33),
(1039, 54, '81', NULL, 1, 34),
(1040, 88, '10–110', NULL, 1, 2),
(1041, 90, '440', NULL, 1, 2),
(1042, 91, '1.7', NULL, 1, 2),
(1043, 92, '&lt; 2.5', NULL, 1, 2),
(1044, 94, '2850', NULL, 1, 2),
(1045, 51, '17.6', NULL, 1, 98),
(1046, 95, '7', NULL, 1, 2),
(1047, 51, '20', NULL, 1, 99),
(1048, 88, '10–125', NULL, 1, 3),
(1049, 89, '140', NULL, 1, 2),
(1050, 90, '500', NULL, 1, 3),
(1051, 91, '2.1', NULL, 1, 3),
(1052, 92, '≤ 3.8', NULL, 1, 3),
(1053, 95, '8', NULL, 1, 3),
(1054, 51, '21.2', NULL, 1, 100),
(1055, 53, '72', NULL, 1, 34),
(1056, 88, '10–135', NULL, 1, 4),
(1057, 89, '150', NULL, 1, 3),
(1058, 91, '2.3', NULL, 1, 4),
(1059, 95, '9', NULL, 1, 4),
(1060, 53, '71', NULL, 1, 35),
(1061, 54, '85', NULL, 1, 35),
(1062, 88, '10–140', NULL, 1, 5),
(1063, 89, '180', NULL, 1, 4),
(1064, 90, '612', NULL, 1, 4),
(1065, 91, '2.9', NULL, 1, 5),
(1066, 95, '12', NULL, 1, 5),
(1067, 88, '10–150', NULL, 1, 6),
(1068, 90, '648', NULL, 1, 5),
(1069, 91, '3.3', NULL, 1, 6),
(1070, 53, '75.7', NULL, 1, 36),
(1071, 54, '89.9', NULL, 1, 36),
(1072, 88, '145', NULL, 1, 7),
(1073, 89, '200', NULL, 1, 5),
(1074, 90, '660', NULL, 1, 6),
(1075, 91, '3.2', NULL, 1, 7),
(1076, 92, '&lt; 1.5', NULL, 1, 4),
(1077, 94, '2800', NULL, 1, 3),
(1078, 95, '10', NULL, 1, 6),
(1079, 51, '42', NULL, 1, 101),
(1080, 53, '73.4', NULL, 1, 37),
(1081, 54, '87.6', NULL, 1, 37),
(1082, 88, '60–160', NULL, 1, 8),
(1083, 90, '760', NULL, 1, 7),
(1084, 91, '3.5', NULL, 1, 8),
(1085, 93, '400 / 3~ / 50', NULL, 1, 2),
(1086, 94, '1450', NULL, 1, 4),
(1087, 95, '15', NULL, 1, 7),
(1088, 51, '79', NULL, 1, 102),
(1089, 53, '76', NULL, 1, 38),
(1090, 54, '87.5', NULL, 1, 38),
(1091, 88, '35–180', NULL, 1, 9),
(1092, 90, '1080', NULL, 1, 8),
(1093, 91, '6.5', NULL, 1, 9),
(1094, 51, '83', NULL, 1, 103),
(1095, 54, '86.5', NULL, 1, 39),
(1096, 88, '35–220', NULL, 1, 10),
(1097, 90, '1130', NULL, 1, 9),
(1098, 91, '7.4', NULL, 1, 10),
(1099, 95, '20', NULL, 1, 8),
(1100, 93, '220 – 240 / -1 / 50 / 60', NULL, 1, 3),
(1101, 96, '210', NULL, 1, 1),
(1102, 97, '3600', NULL, 1, 1),
(1103, 98, '12', NULL, 1, 1),
(1104, 99, '2', NULL, 1, 1),
(1105, 100, '37', NULL, 1, 1),
(1106, 101, '1.4', NULL, 1, 1),
(1107, 51, '7.5', NULL, 1, 104),
(1108, 53, '70.9', NULL, 1, 39),
(1109, 98, '20', NULL, 1, 2),
(1110, 99, '2.5', NULL, 1, 2),
(1111, 100, '32', NULL, 1, 2),
(1112, 51, '8', NULL, 1, 105),
(1113, 99, '3.5', NULL, 1, 3),
(1114, 48, '77', NULL, 1, 9),
(1115, 85, '50', NULL, 1, 8),
(1116, 102, '1500', NULL, 1, 1),
(1117, 53, '64', NULL, 1, 40),
(1118, 54, '80', NULL, 1, 40),
(1119, 102, '2000', NULL, 1, 2),
(1120, 46, '190', NULL, 1, 38),
(1121, 47, '3.4 / 4.6', NULL, 1, 40),
(1122, 80, '92', NULL, 1, 12),
(1123, 81, '102', NULL, 1, 17),
(1124, 83, 'B&amp;S serija 850 EXi OHV RS', NULL, 1, 14),
(1125, 103, '45', NULL, 1, 1),
(1126, 104, '„Multi-Cut 370“', NULL, 1, 1),
(1127, 51, '59', NULL, 1, 106),
(1128, 81, '104', NULL, 1, 18),
(1129, 103, '60', NULL, 1, 2),
(1130, 104, '„Multi-Cut 450“', NULL, 1, 2),
(1131, 46, '344', NULL, 1, 39),
(1132, 47, '5.8 / 7.9', NULL, 1, 41),
(1133, 51, '75', NULL, 1, 107),
(1134, 80, '97', NULL, 1, 13),
(1135, 81, '108', NULL, 1, 19),
(1136, 83, 'B&amp;S serija 3115 PowerBuilt OHV', NULL, 1, 15),
(1137, 103, '75', NULL, 1, 3),
(1138, 49, '230 V~', NULL, 1, 5),
(1139, 76, '2500', NULL, 1, 8),
(1140, 80, '89', NULL, 1, 14),
(1141, 81, '99', NULL, 1, 20),
(1142, 103, '35', NULL, 1, 4),
(1143, 104, '„Multi-Cut 150“ (2.800 sūk./min.)', NULL, 1, 3),
(1144, 81, '103', NULL, 1, 21),
(1145, 103, '30', NULL, 1, 5),
(1146, 104, '„Multi-Cut 250“ (2.800 sūk./min.)', NULL, 1, 4),
(1147, 81, '100', NULL, 1, 22),
(1148, 104, '„Multi-Cut 355“ (2.750 sūk./min.)', NULL, 1, 5),
(1149, 49, '400 V 3~', NULL, 1, 6),
(1150, 76, '3000', NULL, 1, 9),
(1151, 103, '40', NULL, 1, 6),
(1152, 104, '„Multi-Cut 355“ (2.810 sūk./min.)', NULL, 1, 6),
(1153, 51, '52', NULL, 1, 108),
(1154, 80, '98', NULL, 1, 15),
(1155, 81, '106', NULL, 1, 23),
(1156, 103, '50', NULL, 1, 7),
(1157, 104, '„Multi-Cut 450“ (2.800 sūk./min.)', NULL, 1, 7),
(1158, 76, '3800', NULL, 1, 10),
(1159, 103, '55', NULL, 1, 8),
(1160, 91, '0.7', NULL, 1, 11),
(1161, 105, '13', NULL, 1, 1),
(1162, 106, '71 / –', NULL, 1, 1),
(1163, 107, '700 / –', NULL, 1, 1),
(1164, 105, '15', NULL, 1, 2),
(1165, 106, '76 / 89', NULL, 1, 2),
(1166, 107, '755 / 620', NULL, 1, 2),
(1167, 51, '5.7', NULL, 1, 109),
(1168, 91, '0.8', NULL, 1, 12),
(1169, 105, '12', NULL, 1, 3),
(1170, 106, '67 / –', NULL, 1, 3),
(1171, 107, '680 / –', NULL, 1, 3),
(1172, 105, '26', NULL, 1, 4),
(1173, 106, '98 / –', NULL, 1, 4),
(1174, 107, '850 / –', NULL, 1, 4),
(1175, 46, '64.8', NULL, 1, 40),
(1176, 51, '9.9', NULL, 1, 110),
(1177, 91, '3', NULL, 1, 13),
(1178, 105, '27', NULL, 1, 5),
(1179, 106, '113 / –', NULL, 1, 5),
(1180, 107, '930 / –', NULL, 1, 5),
(1181, 91, '2.8', NULL, 1, 14),
(1182, 105, '32', NULL, 1, 6),
(1183, 106, '106 / –', NULL, 1, 6),
(1184, 107, '1150 / –', NULL, 1, 6),
(1185, 105, '35', NULL, 1, 7),
(1186, 106, '88 / –', NULL, 1, 7),
(1187, 46, '79.9', NULL, 1, 41),
(1188, 105, '41', NULL, 1, 8),
(1189, 106, '97 / –', NULL, 1, 8),
(1190, 107, '1700 / –', NULL, 1, 7),
(1191, 43, 'AI sistema', NULL, 1, 4),
(1192, 49, '18', NULL, 1, 7),
(1193, 105, '5', NULL, 1, 9),
(1194, 106, '44 / –', NULL, 1, 9),
(1195, 107, '420 / –', NULL, 1, 8),
(1196, 53, '79', NULL, 1, 41),
(1197, 54, '90', NULL, 1, 41),
(1198, 105, '9', NULL, 1, 10),
(1199, 106, '55 / 60', NULL, 1, 10),
(1200, 107, '620 / 560', NULL, 1, 9),
(1201, 106, '69 / 76', NULL, 1, 11),
(1202, 107, '780 / 710', NULL, 1, 10),
(1203, 105, '17', NULL, 1, 11),
(1204, 106, '75 / 81', NULL, 1, 12),
(1205, 107, '840 / 760', NULL, 1, 11),
(1206, 105, '21', NULL, 1, 12),
(1207, 106, '84 / –', NULL, 1, 13),
(1208, 107, '940 / –', NULL, 1, 12),
(1209, 51, '3', NULL, 1, 111),
(1210, 91, '1.1', NULL, 1, 15),
(1211, 106, '– / 70', NULL, 1, 14),
(1212, 107, '– / 485', NULL, 1, 13),
(1213, 55, '9.1 / 8', NULL, 1, 82),
(1214, 108, '710', NULL, 1, 1),
(1215, 109, '45', NULL, 1, 1),
(1216, 55, '2.5 / 1.9', NULL, 1, 83),
(1217, 108, '770', NULL, 1, 2),
(1218, 55, '5.6 / 2.6', NULL, 1, 84),
(1219, 91, '1.4', NULL, 1, 16),
(1220, 108, '650', NULL, 1, 3),
(1221, 47, '1.5/2.0', NULL, 1, 42),
(1222, 52, '2.9', NULL, 1, 15),
(1223, 55, '3.5/3.0', NULL, 1, 85),
(1224, 59, '1039', NULL, 1, 14),
(1225, 59, '862', NULL, 1, 15),
(1226, 47, '3.5/4.8', NULL, 1, 43),
(1227, 57, '3/8&#039;&#039;', NULL, 1, 7),
(1228, 59, '857', NULL, 1, 16),
(1229, 42, '45', NULL, 1, 7),
(1230, 51, '6', NULL, 1, 112),
(1231, 52, '1.4', NULL, 1, 16),
(1232, 46, '91.1', NULL, 1, 42),
(1233, 47, '5.4/7.3', NULL, 1, 44),
(1234, 51, '7.4', NULL, 1, 113),
(1235, 54, '118', NULL, 1, 42),
(1236, 59, '818', NULL, 1, 17),
(1237, 46, '21.4', NULL, 1, 43),
(1238, 55, '4.7 / 5.5', NULL, 1, 86),
(1239, 60, '104', NULL, 1, 47),
(1240, 44, '20', NULL, 1, 7),
(1241, 45, '19', NULL, 1, 8),
(1242, 53, '69', NULL, 1, 42),
(1243, 55, '– / 1.0', NULL, 1, 87),
(1244, 60, '50', NULL, 1, 48),
(1245, 45, '24', NULL, 1, 9),
(1246, 53, '54', NULL, 1, 43),
(1247, 54, '77', NULL, 1, 43),
(1248, 55, '1.4 / 1.5', NULL, 1, 88),
(1249, 60, '91', NULL, 1, 49),
(1250, 45, '21', NULL, 1, 10),
(1251, 51, '2.4', NULL, 1, 114),
(1252, 60, '148', NULL, 1, 50),
(1253, 51, '9.5', NULL, 1, 115),
(1254, 60, '67.5', NULL, 1, 51),
(1255, 61, '300', NULL, 1, 4),
(1256, 62, '100', NULL, 1, 4),
(1257, 55, '1.9/1.6', NULL, 1, 89),
(1258, 46, '57.1', NULL, 1, 44),
(1259, 55, '3.3/3.3', NULL, 1, 90),
(1260, 60, '176', NULL, 1, 52),
(1261, 55, '1.7/4.9', NULL, 1, 91),
(1262, 63, '≤250', NULL, 1, 10),
(1263, 64, 'Pjovimo galvutė „PolyCut“ 2-2', NULL, 1, 10),
(1264, 55, '3.3/3.5', NULL, 1, 92),
(1265, 60, '175', NULL, 1, 53),
(1266, 55, '1.2/1.8', NULL, 1, 93),
(1267, 63, '245', NULL, 1, 11),
(1268, 64, 'Pjovimo galvutė su valo rite', NULL, 1, 11),
(1269, 68, '1800', NULL, 1, 11),
(1270, 73, '51', NULL, 1, 15),
(1271, 82, '3.9', NULL, 1, 24),
(1272, 83, 'B&amp;S serijos 575 EX OHV RS', NULL, 1, 16),
(1273, 69, '70', NULL, 1, 8),
(1274, 72, 'V/2.6– 4.6', NULL, 1, 15),
(1275, 74, '25 – 85 (7 pakopų, centrinis)', NULL, 1, 15),
(1276, 82, '3.4', NULL, 1, 25),
(1277, 81, '84', NULL, 1, 24),
(1278, 68, '1500', NULL, 1, 12),
(1279, 74, '28 – 85 (4 pakopos, kiekvienoje ašyje)', NULL, 1, 16),
(1280, 82, '7.9', NULL, 1, 26),
(1281, 74, '25–65 (5 pakopų, centrinis)', NULL, 1, 17),
(1282, 77, '3400', NULL, 1, 13),
(1283, 81, '78', NULL, 1, 25),
(1284, 69, '80', NULL, 1, 9),
(1285, 72, 'V/0 – 6.0', NULL, 1, 16),
(1286, 73, '63', NULL, 1, 16),
(1287, 74, '25–100 (8 pakopos, atskiras ratas )', NULL, 1, 18),
(1288, 77, '3300', NULL, 1, 14),
(1289, 78, 'Akumuliatoriai AP arba AR L', NULL, 1, 4),
(1290, 51, '19', NULL, 1, 116),
(1291, 68, '600', NULL, 1, 13),
(1292, 74, '25-75 (6 pakopų, centrinis)', NULL, 1, 19),
(1293, 77, '2900', NULL, 1, 15),
(1294, 51, '33', NULL, 1, 117),
(1295, 73, '38', NULL, 1, 17),
(1296, 74, '25, 6 reguliavimo padėtys', NULL, 1, 20),
(1297, 80, '81', NULL, 1, 16),
(1298, 82, '4.12', NULL, 1, 27),
(1299, 83, 'Kohler HD 650 OHV SC', NULL, 1, 17),
(1300, 51, '41', NULL, 1, 118),
(1301, 51, '246', NULL, 1, 119),
(1302, 82, '0.98/4.40', NULL, 1, 28),
(1303, 51, '12.1', NULL, 1, 120),
(1304, 53, '65.1', NULL, 1, 44),
(1305, 96, '250', NULL, 1, 2),
(1306, 98, '30', NULL, 1, 3),
(1307, 99, '3', NULL, 1, 4),
(1308, 100, '36', NULL, 1, 3),
(1309, 101, '1.5', NULL, 1, 2),
(1310, 80, '85', NULL, 1, 17),
(1311, 81, '93', NULL, 1, 26),
(1312, 104, 'Smulkinimo velenas (40 sūk./min.)', NULL, 1, 8),
(1313, 76, '2900', NULL, 1, 11),
(1314, 80, '91', NULL, 1, 18),
(1315, 81, '101', NULL, 1, 27),
(1316, 104, '„Multi-Cut 150“ (2.780 sūk./min.)', NULL, 1, 9);

-- --------------------------------------------------------

--
-- Table structure for table `lite_filter_values_elements`
--

CREATE TABLE `lite_filter_values_elements` (
  `id` int NOT NULL,
  `element_id` int DEFAULT NULL,
  `entity_name` varchar(50) CHARACTER SET utf8 COLLATE utf8_lithuanian_ci NOT NULL DEFAULT 'products',
  `filter_id` int DEFAULT NULL,
  `filter_value_id` int DEFAULT NULL,
  `checked_value` int DEFAULT NULL,
  `text_value` text CHARACTER SET utf8 COLLATE utf8_lithuanian_ci
) ENGINE=InnoDB DEFAULT CHARSET=utf8 COLLATE=utf8_lithuanian_ci;

--
-- Dumping data for table `lite_filter_values_elements`
--

INSERT INTO `lite_filter_values_elements` (`id`, `element_id`, `entity_name`, `filter_id`, `filter_value_id`, `checked_value`, `text_value`) VALUES
(13, 2, 'products', 42, 365, NULL, NULL),
(14, 2, 'products', 46, 377, NULL, NULL),
(15, 2, 'products', 47, 378, NULL, NULL),
(16, 2, 'products', 51, 368, NULL, NULL),
(17, 2, 'products', 52, 379, NULL, NULL),
(18, 2, 'products', 53, 370, NULL, NULL),
(19, 2, 'products', 54, 380, NULL, NULL),
(20, 2, 'products', 55, 381, NULL, NULL),
(21, 2, 'products', 56, 373, NULL, NULL),
(22, 2, 'products', 57, 374, NULL, NULL),
(23, 2, 'products', 58, 375, NULL, NULL),
(24, 2, 'products', 59, 382, NULL, NULL),
(25, 3, 'products', 42, 365, NULL, NULL),
(26, 3, 'products', 46, 377, NULL, NULL),
(27, 3, 'products', 47, 1221, NULL, NULL),
(28, 3, 'products', 51, 387, NULL, NULL),
(29, 3, 'products', 52, 1222, NULL, NULL),
(30, 3, 'products', 53, 370, NULL, NULL),
(31, 3, 'products', 54, 380, NULL, NULL),
(32, 3, 'products', 55, 1223, NULL, NULL),
(33, 3, 'products', 56, 373, NULL, NULL),
(34, 3, 'products', 57, 374, NULL, NULL),
(35, 3, 'products', 58, 375, NULL, NULL),
(36, 3, 'products', 59, 1224, NULL, NULL),
(37, 4, 'products', 42, 365, NULL, NULL),
(38, 4, 'products', 46, 385, NULL, NULL),
(39, 4, 'products', 47, 386, NULL, NULL),
(40, 4, 'products', 51, 387, NULL, NULL),
(41, 4, 'products', 52, 388, NULL, NULL),
(42, 4, 'products', 53, 370, NULL, NULL),
(43, 4, 'products', 54, 389, NULL, NULL),
(44, 4, 'products', 55, 390, NULL, NULL),
(45, 4, 'products', 56, 373, NULL, NULL),
(46, 4, 'products', 57, 374, NULL, NULL),
(47, 4, 'products', 58, 375, NULL, NULL),
(48, 4, 'products', 59, 391, NULL, NULL),
(49, 5, 'products', 42, 365, NULL, NULL),
(50, 5, 'products', 46, 392, NULL, NULL),
(51, 5, 'products', 47, 393, NULL, NULL),
(52, 5, 'products', 51, 394, NULL, NULL),
(53, 5, 'products', 52, 395, NULL, NULL),
(54, 5, 'products', 53, 396, NULL, NULL),
(55, 5, 'products', 54, 397, NULL, NULL),
(56, 5, 'products', 55, 398, NULL, NULL),
(57, 5, 'products', 56, 373, NULL, NULL),
(58, 5, 'products', 57, 374, NULL, NULL),
(59, 5, 'products', 58, 375, NULL, NULL),
(60, 5, 'products', 59, 399, NULL, NULL),
(61, 6, 'products', 42, 365, NULL, NULL),
(62, 6, 'products', 46, 778, NULL, NULL),
(63, 6, 'products', 47, 779, NULL, NULL),
(64, 6, 'products', 51, 394, NULL, NULL),
(65, 6, 'products', 52, 406, NULL, NULL),
(66, 6, 'products', 53, 396, NULL, NULL),
(67, 6, 'products', 54, 397, NULL, NULL),
(68, 6, 'products', 55, 398, NULL, NULL),
(69, 6, 'products', 56, 373, NULL, NULL),
(70, 6, 'products', 57, 374, NULL, NULL),
(71, 6, 'products', 58, 375, NULL, NULL),
(72, 6, 'products', 59, 1225, NULL, NULL),
(73, 7, 'products', 42, 402, NULL, NULL),
(74, 7, 'products', 46, 403, NULL, NULL),
(75, 7, 'products', 47, 404, NULL, NULL),
(76, 7, 'products', 51, 405, NULL, NULL),
(77, 7, 'products', 52, 406, NULL, NULL),
(78, 7, 'products', 53, 396, NULL, NULL),
(79, 7, 'products', 54, 407, NULL, NULL),
(80, 7, 'products', 55, 408, NULL, NULL),
(81, 7, 'products', 56, 373, NULL, NULL),
(82, 7, 'products', 57, 409, NULL, NULL),
(83, 7, 'products', 58, 410, NULL, NULL),
(84, 7, 'products', 59, 411, NULL, NULL),
(85, 8, 'products', 42, 402, NULL, NULL),
(86, 8, 'products', 46, 412, NULL, NULL),
(87, 8, 'products', 47, 413, NULL, NULL),
(88, 8, 'products', 51, 405, NULL, NULL),
(89, 8, 'products', 52, 414, NULL, NULL),
(90, 8, 'products', 53, 396, NULL, NULL),
(91, 8, 'products', 54, 415, NULL, NULL),
(92, 8, 'products', 55, 408, NULL, NULL),
(93, 8, 'products', 56, 373, NULL, NULL),
(94, 8, 'products', 57, 409, NULL, NULL),
(95, 8, 'products', 58, 410, NULL, NULL),
(96, 8, 'products', 59, 416, NULL, NULL),
(97, 9, 'products', 42, 417, NULL, NULL),
(98, 9, 'products', 46, 418, NULL, NULL),
(99, 9, 'products', 47, 419, NULL, NULL),
(100, 9, 'products', 51, 420, NULL, NULL),
(101, 9, 'products', 52, 414, NULL, NULL),
(102, 9, 'products', 53, 421, NULL, NULL),
(103, 9, 'products', 54, 422, NULL, NULL),
(104, 9, 'products', 55, 423, NULL, NULL),
(105, 9, 'products', 56, 373, NULL, NULL),
(106, 9, 'products', 57, 424, NULL, NULL),
(107, 9, 'products', 58, 410, NULL, NULL),
(108, 9, 'products', 59, 425, NULL, NULL),
(109, 10, 'products', 42, 417, NULL, NULL),
(110, 10, 'products', 46, 426, NULL, NULL),
(111, 10, 'products', 47, 427, NULL, NULL),
(112, 10, 'products', 51, 420, NULL, NULL),
(113, 10, 'products', 52, 428, NULL, NULL),
(114, 10, 'products', 53, 421, NULL, NULL),
(115, 10, 'products', 54, 422, NULL, NULL),
(116, 10, 'products', 55, 423, NULL, NULL),
(117, 10, 'products', 56, 373, NULL, NULL),
(118, 10, 'products', 57, 424, NULL, NULL),
(119, 10, 'products', 58, 410, NULL, NULL),
(120, 10, 'products', 59, 429, NULL, NULL),
(121, 11, 'products', 42, 430, NULL, NULL),
(122, 11, 'products', 46, 431, NULL, NULL),
(123, 11, 'products', 47, 432, NULL, NULL),
(124, 11, 'products', 51, 433, NULL, NULL),
(125, 11, 'products', 52, 388, NULL, NULL),
(126, 11, 'products', 53, 434, NULL, NULL),
(127, 11, 'products', 54, 435, NULL, NULL),
(128, 11, 'products', 55, 436, NULL, NULL),
(129, 11, 'products', 56, 373, NULL, NULL),
(130, 11, 'products', 57, 437, NULL, NULL),
(131, 11, 'products', 58, 375, NULL, NULL),
(132, 11, 'products', 59, 376, NULL, NULL),
(133, 12, 'products', 42, 417, NULL, NULL),
(134, 12, 'products', 46, 392, NULL, NULL),
(135, 12, 'products', 47, 438, NULL, NULL),
(136, 12, 'products', 51, 383, NULL, NULL),
(137, 12, 'products', 52, 414, NULL, NULL),
(138, 12, 'products', 53, 396, NULL, NULL),
(139, 12, 'products', 54, 407, NULL, NULL),
(140, 12, 'products', 55, 439, NULL, NULL),
(141, 12, 'products', 56, 373, NULL, NULL),
(142, 12, 'products', 57, 374, NULL, NULL),
(143, 12, 'products', 58, 440, NULL, NULL),
(144, 12, 'products', 59, 441, NULL, NULL),
(145, 13, 'products', 42, 365, NULL, NULL),
(146, 13, 'products', 46, 385, NULL, NULL),
(147, 13, 'products', 47, 442, NULL, NULL),
(148, 13, 'products', 51, 443, NULL, NULL),
(149, 13, 'products', 52, 406, NULL, NULL),
(150, 13, 'products', 53, 444, NULL, NULL),
(151, 13, 'products', 54, 380, NULL, NULL),
(152, 13, 'products', 55, 445, NULL, NULL),
(153, 13, 'products', 56, 373, NULL, NULL),
(154, 13, 'products', 57, 374, NULL, NULL),
(155, 13, 'products', 58, 375, NULL, NULL),
(156, 14, 'products', 42, 402, NULL, NULL),
(157, 14, 'products', 46, 403, NULL, NULL),
(158, 14, 'products', 47, 446, NULL, NULL),
(159, 14, 'products', 51, 447, NULL, NULL),
(160, 14, 'products', 52, 428, NULL, NULL),
(161, 14, 'products', 53, 448, NULL, NULL),
(162, 14, 'products', 54, 397, NULL, NULL),
(163, 14, 'products', 55, 390, NULL, NULL),
(164, 14, 'products', 56, 373, NULL, NULL),
(165, 14, 'products', 57, 409, NULL, NULL),
(166, 14, 'products', 58, 410, NULL, NULL),
(167, 14, 'products', 59, 449, NULL, NULL),
(168, 15, 'products', 42, 417, NULL, NULL),
(169, 15, 'products', 46, 418, NULL, NULL),
(170, 15, 'products', 47, 1226, NULL, NULL),
(171, 15, 'products', 51, 405, NULL, NULL),
(172, 15, 'products', 52, 450, NULL, NULL),
(173, 15, 'products', 53, 458, NULL, NULL),
(174, 15, 'products', 54, 422, NULL, NULL),
(175, 15, 'products', 55, 390, NULL, NULL),
(176, 15, 'products', 56, 373, NULL, NULL),
(177, 15, 'products', 57, 1227, NULL, NULL),
(178, 15, 'products', 58, 410, NULL, NULL),
(179, 15, 'products', 59, 1228, NULL, NULL),
(180, 16, 'products', 42, 1229, NULL, NULL),
(181, 16, 'products', 46, 475, NULL, NULL),
(182, 16, 'products', 47, 476, NULL, NULL),
(183, 16, 'products', 51, 1230, NULL, NULL),
(184, 16, 'products', 52, 1231, NULL, NULL),
(185, 16, 'products', 53, 479, NULL, NULL),
(186, 16, 'products', 54, 480, NULL, NULL),
(187, 16, 'products', 55, 501, NULL, NULL),
(188, 16, 'products', 56, 373, NULL, NULL),
(189, 16, 'products', 57, 424, NULL, NULL),
(190, 16, 'products', 58, 410, NULL, NULL),
(192, 17, 'products', 42, 454, NULL, NULL),
(193, 17, 'products', 46, 1232, NULL, NULL),
(194, 17, 'products', 47, 1233, NULL, NULL),
(195, 17, 'products', 51, 1234, NULL, NULL),
(196, 17, 'products', 52, 1231, NULL, NULL),
(197, 17, 'products', 53, 421, NULL, NULL),
(198, 17, 'products', 54, 1235, NULL, NULL),
(199, 17, 'products', 55, 685, NULL, NULL),
(200, 17, 'products', 56, 373, NULL, NULL),
(201, 17, 'products', 57, 424, NULL, NULL),
(202, 17, 'products', 58, 410, NULL, NULL),
(203, 17, 'products', 59, 1236, NULL, NULL),
(204, 18, 'products', 42, 454, NULL, NULL),
(205, 18, 'products', 46, 455, NULL, NULL),
(206, 18, 'products', 47, 456, NULL, NULL),
(207, 18, 'products', 51, 420, NULL, NULL),
(208, 18, 'products', 52, 457, NULL, NULL),
(209, 18, 'products', 53, 458, NULL, NULL),
(210, 18, 'products', 54, 459, NULL, NULL),
(211, 18, 'products', 55, 460, NULL, NULL),
(212, 18, 'products', 56, 373, NULL, NULL),
(213, 18, 'products', 57, 424, NULL, NULL),
(214, 18, 'products', 58, 461, NULL, NULL),
(215, 18, 'products', 59, 462, NULL, NULL),
(216, 19, 'products', 42, 430, NULL, NULL),
(217, 19, 'products', 46, 431, NULL, NULL),
(218, 19, 'products', 47, 463, NULL, NULL),
(219, 19, 'products', 51, 464, NULL, NULL),
(220, 19, 'products', 52, 401, NULL, NULL),
(221, 19, 'products', 53, 465, NULL, NULL),
(222, 19, 'products', 54, 435, NULL, NULL),
(223, 19, 'products', 55, 436, NULL, NULL),
(224, 19, 'products', 56, 373, NULL, NULL),
(225, 19, 'products', 57, 437, NULL, NULL),
(226, 19, 'products', 58, 375, NULL, NULL),
(227, 20, 'products', 42, 430, NULL, NULL),
(228, 20, 'products', 46, 385, NULL, NULL),
(229, 20, 'products', 47, 442, NULL, NULL),
(230, 20, 'products', 51, 466, NULL, NULL),
(231, 20, 'products', 52, 467, NULL, NULL),
(232, 20, 'products', 53, 444, NULL, NULL),
(233, 20, 'products', 54, 380, NULL, NULL),
(234, 20, 'products', 55, 468, NULL, NULL),
(235, 20, 'products', 56, 373, NULL, NULL),
(236, 20, 'products', 57, 469, NULL, NULL),
(237, 20, 'products', 58, 470, NULL, NULL),
(238, 21, 'products', 42, 430, NULL, NULL),
(239, 21, 'products', 46, 471, NULL, NULL),
(240, 21, 'products', 47, 378, NULL, NULL),
(241, 21, 'products', 51, 472, NULL, NULL),
(242, 21, 'products', 52, 395, NULL, NULL),
(243, 21, 'products', 53, 370, NULL, NULL),
(244, 21, 'products', 54, 380, NULL, NULL),
(245, 21, 'products', 55, 473, NULL, NULL),
(246, 21, 'products', 56, 373, NULL, NULL),
(247, 21, 'products', 57, 469, NULL, NULL),
(248, 21, 'products', 58, 470, NULL, NULL),
(249, 21, 'products', 59, 474, NULL, NULL),
(250, 22, 'products', 42, 454, NULL, NULL),
(251, 22, 'products', 46, 475, NULL, NULL),
(252, 22, 'products', 47, 476, NULL, NULL),
(253, 22, 'products', 51, 477, NULL, NULL),
(254, 22, 'products', 52, 478, NULL, NULL),
(255, 22, 'products', 53, 479, NULL, NULL),
(256, 22, 'products', 54, 480, NULL, NULL),
(257, 22, 'products', 55, 481, NULL, NULL),
(258, 22, 'products', 56, 373, NULL, NULL),
(259, 22, 'products', 57, 424, NULL, NULL),
(260, 22, 'products', 58, 482, NULL, NULL),
(261, 23, 'products', 42, 430, NULL, NULL),
(262, 23, 'products', 43, 483, NULL, NULL),
(263, 23, 'products', 49, 484, NULL, NULL),
(264, 23, 'products', 51, 485, NULL, NULL),
(265, 23, 'products', 53, 486, NULL, NULL),
(266, 23, 'products', 54, 487, NULL, NULL),
(267, 23, 'products', 55, 488, NULL, NULL),
(268, 23, 'products', 57, 437, NULL, NULL),
(269, 23, 'products', 58, 375, NULL, NULL),
(270, 24, 'products', 42, 430, NULL, NULL),
(271, 24, 'products', 43, 483, NULL, NULL),
(272, 24, 'products', 49, 484, NULL, NULL),
(273, 24, 'products', 51, 464, NULL, NULL),
(274, 24, 'products', 53, 486, NULL, NULL),
(275, 24, 'products', 54, 487, NULL, NULL),
(276, 24, 'products', 55, 489, NULL, NULL),
(277, 24, 'products', 57, 437, NULL, NULL),
(278, 24, 'products', 58, 375, NULL, NULL),
(279, 25, 'products', 42, 430, NULL, NULL),
(280, 25, 'products', 43, 490, NULL, NULL),
(281, 25, 'products', 49, 484, NULL, NULL),
(282, 25, 'products', 51, 491, NULL, NULL),
(283, 25, 'products', 53, 492, NULL, NULL),
(284, 25, 'products', 54, 493, NULL, NULL),
(285, 25, 'products', 55, 494, NULL, NULL),
(286, 25, 'products', 57, 437, NULL, NULL),
(287, 25, 'products', 58, 375, NULL, NULL),
(288, 26, 'products', 42, 430, NULL, NULL),
(289, 26, 'products', 43, 490, NULL, NULL),
(290, 26, 'products', 49, 484, NULL, NULL),
(291, 26, 'products', 51, 495, NULL, NULL),
(292, 26, 'products', 53, 492, NULL, NULL),
(293, 26, 'products', 54, 493, NULL, NULL),
(294, 26, 'products', 55, 496, NULL, NULL),
(295, 26, 'products', 57, 437, NULL, NULL),
(296, 26, 'products', 58, 375, NULL, NULL),
(297, 27, 'products', 42, 365, NULL, NULL),
(298, 27, 'products', 43, 490, NULL, NULL),
(299, 27, 'products', 49, 484, NULL, NULL),
(300, 27, 'products', 51, 472, NULL, NULL),
(301, 27, 'products', 53, 492, NULL, NULL),
(302, 27, 'products', 54, 493, NULL, NULL),
(303, 27, 'products', 55, 497, NULL, NULL),
(304, 27, 'products', 57, 437, NULL, NULL),
(305, 27, 'products', 58, 375, NULL, NULL),
(306, 28, 'products', 42, 365, NULL, NULL),
(307, 28, 'products', 43, 490, NULL, NULL),
(308, 28, 'products', 49, 484, NULL, NULL),
(309, 28, 'products', 51, 498, NULL, NULL),
(310, 28, 'products', 53, 499, NULL, NULL),
(311, 28, 'products', 54, 500, NULL, NULL),
(312, 28, 'products', 55, 501, NULL, NULL),
(313, 28, 'products', 57, 469, NULL, NULL),
(314, 28, 'products', 58, 440, NULL, NULL),
(315, 29, 'products', 42, 365, NULL, NULL),
(316, 29, 'products', 49, 502, NULL, NULL),
(317, 29, 'products', 50, 503, NULL, NULL),
(318, 29, 'products', 51, 498, NULL, NULL),
(319, 29, 'products', 53, 504, NULL, NULL),
(320, 29, 'products', 54, 505, NULL, NULL),
(321, 29, 'products', 55, 506, NULL, NULL),
(322, 29, 'products', 57, 469, NULL, NULL),
(323, 29, 'products', 58, 375, NULL, NULL),
(324, 30, 'products', 42, 365, NULL, NULL),
(325, 30, 'products', 49, 502, NULL, NULL),
(326, 30, 'products', 50, 507, NULL, NULL),
(327, 30, 'products', 51, 508, NULL, NULL),
(328, 30, 'products', 53, 509, NULL, NULL),
(329, 30, 'products', 54, 510, NULL, NULL),
(330, 30, 'products', 55, 511, NULL, NULL),
(331, 30, 'products', 57, 469, NULL, NULL),
(332, 30, 'products', 58, 375, NULL, NULL),
(333, 31, 'products', 42, 365, NULL, NULL),
(334, 31, 'products', 49, 502, NULL, NULL),
(335, 31, 'products', 50, 512, NULL, NULL),
(336, 31, 'products', 51, 508, NULL, NULL),
(337, 31, 'products', 53, 509, NULL, NULL),
(338, 31, 'products', 54, 510, NULL, NULL),
(339, 31, 'products', 55, 511, NULL, NULL),
(340, 31, 'products', 57, 469, NULL, NULL),
(341, 31, 'products', 58, 375, NULL, NULL),
(342, 32, 'products', 42, 365, NULL, NULL),
(343, 32, 'products', 49, 502, NULL, NULL),
(344, 32, 'products', 50, 513, NULL, NULL),
(345, 32, 'products', 51, 514, NULL, NULL),
(346, 32, 'products', 53, 515, NULL, NULL),
(347, 32, 'products', 54, 516, NULL, NULL),
(348, 32, 'products', 55, 517, NULL, NULL),
(349, 32, 'products', 57, 469, NULL, NULL),
(350, 32, 'products', 58, 375, NULL, NULL),
(354, 33, 'products', 51, 383, NULL, NULL),
(355, 33, 'products', 53, 542, NULL, NULL),
(356, 33, 'products', 54, 527, NULL, NULL),
(357, 33, 'products', 55, 1238, NULL, NULL),
(360, 34, 'products', 42, 417, NULL, NULL),
(361, 34, 'products', 49, 502, NULL, NULL),
(362, 34, 'products', 50, 513, NULL, NULL),
(363, 34, 'products', 51, 368, NULL, NULL),
(364, 34, 'products', 53, 515, NULL, NULL),
(365, 34, 'products', 54, 516, NULL, NULL),
(366, 34, 'products', 55, 517, NULL, NULL),
(367, 34, 'products', 57, 469, NULL, NULL),
(368, 34, 'products', 58, 375, NULL, NULL),
(373, 35, 'products', 51, 518, NULL, NULL),
(374, 35, 'products', 53, 519, NULL, NULL),
(375, 35, 'products', 54, 520, NULL, NULL),
(376, 35, 'products', 55, 521, NULL, NULL),
(379, 36, 'products', 44, 522, NULL, NULL),
(380, 36, 'products', 45, 523, NULL, NULL),
(381, 36, 'products', 46, 524, NULL, NULL),
(382, 36, 'products', 47, 525, NULL, NULL),
(383, 36, 'products', 51, 526, NULL, NULL),
(384, 36, 'products', 53, 465, NULL, NULL),
(385, 36, 'products', 54, 527, NULL, NULL),
(386, 36, 'products', 55, 528, NULL, NULL),
(387, 36, 'products', 56, 373, NULL, NULL),
(388, 36, 'products', 60, 529, NULL, NULL),
(389, 37, 'products', 44, 530, NULL, NULL),
(390, 37, 'products', 45, 533, NULL, NULL),
(391, 37, 'products', 46, 534, NULL, NULL),
(392, 37, 'products', 47, 535, NULL, NULL),
(393, 37, 'products', 51, 536, NULL, NULL),
(394, 37, 'products', 53, 519, NULL, NULL),
(395, 37, 'products', 54, 527, NULL, NULL),
(396, 37, 'products', 55, 537, NULL, NULL),
(397, 37, 'products', 56, 373, NULL, NULL),
(398, 37, 'products', 60, 538, NULL, NULL),
(399, 38, 'products', 44, 530, NULL, NULL),
(400, 38, 'products', 45, 533, NULL, NULL),
(401, 38, 'products', 46, 534, NULL, NULL),
(402, 38, 'products', 47, 535, NULL, NULL),
(403, 38, 'products', 51, 536, NULL, NULL),
(404, 38, 'products', 53, 519, NULL, NULL),
(405, 38, 'products', 54, 527, NULL, NULL),
(406, 38, 'products', 55, 537, NULL, NULL),
(407, 38, 'products', 56, 373, NULL, NULL),
(408, 38, 'products', 60, 538, NULL, NULL),
(409, 39, 'products', 44, 1240, NULL, NULL),
(410, 39, 'products', 45, 1241, NULL, NULL),
(413, 39, 'products', 51, 631, NULL, NULL),
(414, 39, 'products', 53, 1242, NULL, NULL),
(415, 39, 'products', 54, 1118, NULL, NULL),
(416, 39, 'products', 55, 1243, NULL, NULL),
(418, 39, 'products', 60, 1244, NULL, NULL),
(419, 40, 'products', 44, 552, NULL, NULL),
(420, 40, 'products', 45, 1245, NULL, NULL),
(423, 40, 'products', 51, 619, NULL, NULL),
(424, 40, 'products', 53, 1246, NULL, NULL),
(425, 40, 'products', 54, 1247, NULL, NULL),
(426, 40, 'products', 55, 1248, NULL, NULL),
(428, 40, 'products', 60, 1249, NULL, NULL),
(429, 41, 'products', 43, 483, NULL, NULL),
(430, 41, 'products', 44, 522, NULL, NULL),
(431, 41, 'products', 45, 523, NULL, NULL),
(432, 41, 'products', 49, 484, NULL, NULL),
(433, 41, 'products', 51, 547, NULL, NULL),
(434, 41, 'products', 53, 548, NULL, NULL),
(435, 41, 'products', 54, 549, NULL, NULL),
(436, 41, 'products', 55, 550, NULL, NULL),
(437, 41, 'products', 60, 551, NULL, NULL),
(438, 42, 'products', 43, 490, NULL, NULL),
(439, 42, 'products', 44, 552, NULL, NULL),
(440, 42, 'products', 45, 523, NULL, NULL),
(441, 42, 'products', 49, 484, NULL, NULL),
(442, 42, 'products', 51, 491, NULL, NULL),
(443, 42, 'products', 53, 486, NULL, NULL),
(444, 42, 'products', 54, 487, NULL, NULL),
(445, 42, 'products', 55, 553, NULL, NULL),
(446, 42, 'products', 60, 554, NULL, NULL),
(447, 43, 'products', 43, 490, NULL, NULL),
(448, 43, 'products', 44, 555, NULL, NULL),
(449, 43, 'products', 45, 556, NULL, NULL),
(450, 43, 'products', 49, 484, NULL, NULL),
(451, 43, 'products', 51, 368, NULL, NULL),
(452, 43, 'products', 53, 486, NULL, NULL),
(453, 43, 'products', 54, 487, NULL, NULL),
(454, 43, 'products', 55, 553, NULL, NULL),
(455, 43, 'products', 60, 557, NULL, NULL),
(456, 44, 'products', 43, 490, NULL, NULL),
(457, 44, 'products', 44, 539, NULL, NULL),
(458, 44, 'products', 45, 533, NULL, NULL),
(459, 44, 'products', 49, 484, NULL, NULL),
(460, 44, 'products', 51, 443, NULL, NULL),
(461, 44, 'products', 53, 558, NULL, NULL),
(462, 44, 'products', 54, 559, NULL, NULL),
(463, 44, 'products', 55, 560, NULL, NULL),
(464, 44, 'products', 60, 561, NULL, NULL),
(466, 45, 'products', 44, 522, NULL, NULL),
(467, 45, 'products', 45, 1250, NULL, NULL),
(468, 45, 'products', 49, 502, NULL, NULL),
(469, 45, 'products', 51, 1209, NULL, NULL),
(470, 45, 'products', 53, 492, NULL, NULL),
(471, 45, 'products', 54, 493, NULL, NULL),
(472, 45, 'products', 55, 567, NULL, NULL),
(473, 45, 'products', 60, 620, NULL, NULL),
(474, 46, 'products', 44, 552, NULL, NULL),
(475, 46, 'products', 45, 566, NULL, NULL),
(476, 46, 'products', 49, 502, NULL, NULL),
(477, 46, 'products', 51, 491, NULL, NULL),
(478, 46, 'products', 53, 492, NULL, NULL),
(479, 46, 'products', 54, 493, NULL, NULL),
(480, 46, 'products', 55, 567, NULL, NULL),
(481, 46, 'products', 60, 568, NULL, NULL),
(482, 47, 'products', 44, 552, NULL, NULL),
(483, 47, 'products', 45, 569, NULL, NULL),
(484, 47, 'products', 49, 502, NULL, NULL),
(485, 47, 'products', 51, 443, NULL, NULL),
(486, 47, 'products', 53, 558, NULL, NULL),
(487, 47, 'products', 54, 559, NULL, NULL),
(488, 47, 'products', 55, 570, NULL, NULL),
(489, 47, 'products', 60, 571, NULL, NULL),
(490, 48, 'products', 44, 530, NULL, NULL),
(491, 48, 'products', 45, 572, NULL, NULL),
(492, 48, 'products', 49, 502, NULL, NULL),
(493, 48, 'products', 51, 368, NULL, NULL),
(494, 48, 'products', 53, 573, NULL, NULL),
(495, 48, 'products', 54, 574, NULL, NULL),
(496, 48, 'products', 55, 575, NULL, NULL),
(497, 48, 'products', 60, 576, NULL, NULL),
(498, 49, 'products', 43, 483, NULL, NULL),
(499, 49, 'products', 44, 522, NULL, NULL),
(500, 49, 'products', 45, 523, NULL, NULL),
(501, 49, 'products', 49, 484, NULL, NULL),
(502, 49, 'products', 51, 508, NULL, NULL),
(503, 49, 'products', 53, 577, NULL, NULL),
(504, 49, 'products', 54, 578, NULL, NULL),
(505, 49, 'products', 55, 579, NULL, NULL),
(506, 49, 'products', 60, 580, NULL, NULL),
(507, 50, 'products', 43, 490, NULL, NULL),
(508, 50, 'products', 44, 552, NULL, NULL),
(509, 50, 'products', 45, 556, NULL, NULL),
(510, 50, 'products', 49, 484, NULL, NULL),
(511, 50, 'products', 51, 581, NULL, NULL),
(512, 50, 'products', 53, 558, NULL, NULL),
(513, 50, 'products', 54, 487, NULL, NULL),
(514, 50, 'products', 55, 582, NULL, NULL),
(515, 50, 'products', 60, 583, NULL, NULL),
(516, 51, 'products', 43, 490, NULL, NULL),
(517, 51, 'products', 44, 552, NULL, NULL),
(518, 51, 'products', 45, 556, NULL, NULL),
(519, 51, 'products', 49, 484, NULL, NULL),
(520, 51, 'products', 51, 584, NULL, NULL),
(521, 51, 'products', 53, 585, NULL, NULL),
(522, 51, 'products', 54, 487, NULL, NULL),
(523, 51, 'products', 55, 586, NULL, NULL),
(524, 51, 'products', 60, 587, NULL, NULL),
(525, 52, 'products', 43, 490, NULL, NULL),
(526, 52, 'products', 44, 530, NULL, NULL),
(527, 52, 'products', 45, 588, NULL, NULL),
(528, 52, 'products', 49, 484, NULL, NULL),
(529, 52, 'products', 51, 405, NULL, NULL),
(530, 52, 'products', 53, 558, NULL, NULL),
(531, 52, 'products', 54, 559, NULL, NULL),
(532, 52, 'products', 55, 589, NULL, NULL),
(533, 52, 'products', 60, 590, NULL, NULL),
(534, 53, 'products', 42, 430, NULL, NULL),
(535, 53, 'products', 46, 591, NULL, NULL),
(536, 53, 'products', 47, 378, NULL, NULL),
(537, 53, 'products', 51, 447, NULL, NULL),
(538, 53, 'products', 53, 515, NULL, NULL),
(539, 53, 'products', 54, 592, NULL, NULL),
(540, 53, 'products', 55, 593, NULL, NULL),
(541, 53, 'products', 56, 594, NULL, NULL),
(542, 53, 'products', 60, 595, NULL, NULL),
(543, 54, 'products', 42, 596, NULL, NULL),
(544, 54, 'products', 43, 490, NULL, NULL),
(545, 54, 'products', 49, 484, NULL, NULL),
(546, 54, 'products', 51, 472, NULL, NULL),
(547, 54, 'products', 53, 597, NULL, NULL),
(548, 54, 'products', 54, 598, NULL, NULL),
(549, 54, 'products', 55, 599, NULL, NULL),
(550, 54, 'products', 60, 600, NULL, NULL),
(551, 55, 'products', 42, 430, NULL, NULL),
(552, 55, 'products', 43, 490, NULL, NULL),
(553, 55, 'products', 49, 484, NULL, NULL),
(554, 55, 'products', 51, 518, NULL, NULL),
(555, 55, 'products', 53, 577, NULL, NULL),
(556, 55, 'products', 54, 598, NULL, NULL),
(557, 55, 'products', 55, 599, NULL, NULL),
(558, 55, 'products', 60, 595, NULL, NULL),
(559, 56, 'products', 42, 430, NULL, NULL),
(560, 56, 'products', 43, 490, NULL, NULL),
(561, 56, 'products', 49, 484, NULL, NULL),
(562, 56, 'products', 51, 601, NULL, NULL),
(563, 56, 'products', 53, 492, NULL, NULL),
(564, 56, 'products', 54, 559, NULL, NULL),
(565, 56, 'products', 55, 602, NULL, NULL),
(566, 56, 'products', 60, 603, NULL, NULL),
(567, 57, 'products', 46, 591, NULL, NULL),
(568, 57, 'products', 47, 378, NULL, NULL),
(569, 57, 'products', 51, 394, NULL, NULL),
(570, 57, 'products', 53, 370, NULL, NULL),
(571, 57, 'products', 54, 435, NULL, NULL),
(572, 57, 'products', 55, 604, NULL, NULL),
(573, 57, 'products', 56, 594, NULL, NULL),
(574, 58, 'products', 46, 591, NULL, NULL),
(575, 58, 'products', 47, 378, NULL, NULL),
(576, 58, 'products', 51, 584, NULL, NULL),
(577, 58, 'products', 53, 605, NULL, NULL),
(578, 58, 'products', 54, 435, NULL, NULL),
(579, 58, 'products', 55, 606, NULL, NULL),
(580, 58, 'products', 56, 594, NULL, NULL),
(581, 59, 'products', 43, 490, NULL, NULL),
(582, 59, 'products', 49, 484, NULL, NULL),
(583, 59, 'products', 51, 607, NULL, NULL),
(584, 59, 'products', 53, 608, NULL, NULL),
(585, 59, 'products', 54, 609, NULL, NULL),
(586, 59, 'products', 55, 610, NULL, NULL),
(587, 60, 'products', 43, 490, NULL, NULL),
(588, 60, 'products', 49, 484, NULL, NULL),
(589, 60, 'products', 51, 611, NULL, NULL),
(590, 60, 'products', 53, 608, NULL, NULL),
(591, 60, 'products', 54, 516, NULL, NULL),
(592, 60, 'products', 55, 612, NULL, NULL),
(593, 61, 'products', 46, 524, NULL, NULL),
(594, 61, 'products', 47, 613, NULL, NULL),
(595, 61, 'products', 51, 614, NULL, NULL),
(596, 61, 'products', 53, 519, NULL, NULL),
(597, 61, 'products', 54, 609, NULL, NULL),
(598, 61, 'products', 55, 615, NULL, NULL),
(599, 62, 'products', 51, 368, NULL, NULL),
(600, 62, 'products', 60, 616, NULL, NULL),
(601, 63, 'products', 51, 617, NULL, NULL),
(602, 63, 'products', 60, 618, NULL, NULL),
(603, 64, 'products', 51, 619, NULL, NULL),
(604, 64, 'products', 60, 620, NULL, NULL),
(605, 65, 'products', 51, 621, NULL, NULL),
(606, 65, 'products', 60, 622, NULL, NULL),
(607, 66, 'products', 51, 623, NULL, NULL),
(608, 66, 'products', 60, 551, NULL, NULL),
(609, 67, 'products', 51, 1251, NULL, NULL),
(610, 67, 'products', 60, 1252, NULL, NULL),
(611, 68, 'products', 51, 624, NULL, NULL),
(612, 68, 'products', 60, 622, NULL, NULL),
(613, 69, 'products', 51, 625, NULL, NULL),
(614, 69, 'products', 60, 626, NULL, NULL),
(615, 70, 'products', 51, 627, NULL, NULL),
(616, 71, 'products', 48, 628, NULL, NULL),
(617, 71, 'products', 51, 629, NULL, NULL),
(618, 72, 'products', 48, 630, NULL, NULL),
(619, 72, 'products', 51, 629, NULL, NULL),
(620, 73, 'products', 51, 631, NULL, NULL),
(621, 74, 'products', 48, 632, NULL, NULL),
(622, 74, 'products', 51, 633, NULL, NULL),
(623, 75, 'products', 48, 632, NULL, NULL),
(624, 75, 'products', 51, 443, NULL, NULL),
(625, 76, 'products', 48, 634, NULL, NULL),
(626, 76, 'products', 51, 635, NULL, NULL),
(627, 77, 'products', 48, 628, NULL, NULL),
(628, 77, 'products', 51, 629, NULL, NULL),
(632, 78, 'products', 51, 1253, NULL, NULL),
(633, 78, 'products', 53, 444, NULL, NULL),
(634, 78, 'products', 54, 592, NULL, NULL),
(635, 78, 'products', 55, 398, NULL, NULL),
(638, 79, 'products', 46, 643, NULL, NULL),
(639, 79, 'products', 47, 644, NULL, NULL),
(640, 79, 'products', 51, 645, NULL, NULL),
(641, 79, 'products', 53, 444, NULL, NULL),
(642, 79, 'products', 54, 592, NULL, NULL),
(643, 79, 'products', 55, 398, NULL, NULL),
(644, 79, 'products', 56, 373, NULL, NULL),
(645, 79, 'products', 60, 646, NULL, NULL),
(646, 79, 'products', 61, 647, NULL, NULL),
(647, 79, 'products', 62, 648, NULL, NULL),
(648, 80, 'products', 46, 475, NULL, NULL),
(649, 80, 'products', 47, 649, NULL, NULL),
(650, 80, 'products', 51, 650, NULL, NULL),
(651, 80, 'products', 53, 444, NULL, NULL),
(652, 80, 'products', 54, 380, NULL, NULL),
(653, 80, 'products', 55, 651, NULL, NULL),
(654, 80, 'products', 56, 373, NULL, NULL),
(655, 80, 'products', 60, 652, NULL, NULL),
(656, 80, 'products', 61, 647, NULL, NULL),
(657, 80, 'products', 62, 648, NULL, NULL),
(658, 81, 'products', 46, 653, NULL, NULL),
(659, 81, 'products', 47, 456, NULL, NULL),
(660, 81, 'products', 51, 654, NULL, NULL),
(661, 81, 'products', 53, 605, NULL, NULL),
(662, 81, 'products', 54, 389, NULL, NULL),
(663, 81, 'products', 55, 655, NULL, NULL),
(664, 81, 'products', 56, 373, NULL, NULL),
(665, 81, 'products', 60, 656, NULL, NULL),
(666, 81, 'products', 61, 647, NULL, NULL),
(667, 81, 'products', 62, 648, NULL, NULL),
(668, 82, 'products', 46, 653, NULL, NULL),
(669, 82, 'products', 47, 456, NULL, NULL),
(670, 82, 'products', 51, 657, NULL, NULL),
(671, 82, 'products', 53, 605, NULL, NULL),
(672, 82, 'products', 54, 397, NULL, NULL),
(673, 82, 'products', 55, 658, NULL, NULL),
(674, 82, 'products', 56, 373, NULL, NULL),
(675, 82, 'products', 60, 618, NULL, NULL),
(676, 82, 'products', 61, 659, NULL, NULL),
(677, 82, 'products', 62, 660, NULL, NULL),
(678, 83, 'products', 43, 490, NULL, NULL),
(679, 83, 'products', 49, 484, NULL, NULL),
(680, 83, 'products', 51, 443, NULL, NULL),
(681, 83, 'products', 53, 396, NULL, NULL),
(682, 83, 'products', 54, 397, NULL, NULL),
(683, 83, 'products', 55, 390, NULL, NULL),
(684, 83, 'products', 60, 661, NULL, NULL),
(685, 83, 'products', 61, 662, NULL, NULL),
(686, 83, 'products', 62, 663, NULL, NULL),
(687, 84, 'products', 42, 417, NULL, NULL),
(688, 84, 'products', 46, 664, NULL, NULL),
(689, 84, 'products', 47, 665, NULL, NULL),
(690, 84, 'products', 51, 666, NULL, NULL),
(691, 84, 'products', 53, 421, NULL, NULL),
(692, 84, 'products', 54, 407, NULL, NULL),
(693, 84, 'products', 55, 667, NULL, NULL),
(694, 84, 'products', 56, 373, NULL, NULL),
(695, 84, 'products', 57, 424, NULL, NULL),
(696, 84, 'products', 58, 668, NULL, NULL),
(697, 85, 'products', 46, 524, NULL, NULL),
(698, 85, 'products', 47, 669, NULL, NULL),
(699, 85, 'products', 51, 633, NULL, NULL),
(700, 85, 'products', 53, 519, NULL, NULL),
(701, 85, 'products', 54, 670, NULL, NULL),
(702, 85, 'products', 55, 671, NULL, NULL),
(703, 85, 'products', 56, 373, NULL, NULL),
(704, 85, 'products', 60, 672, NULL, NULL),
(705, 85, 'products', 63, 673, NULL, NULL),
(706, 85, 'products', 64, 674, NULL, NULL),
(707, 85, 'products', 65, 675, NULL, NULL),
(708, 86, 'products', 46, 524, NULL, NULL),
(709, 86, 'products', 47, 535, NULL, NULL),
(710, 86, 'products', 51, 584, NULL, NULL),
(711, 86, 'products', 53, 519, NULL, NULL),
(712, 86, 'products', 54, 527, NULL, NULL),
(713, 86, 'products', 55, 676, NULL, NULL),
(714, 86, 'products', 56, 373, NULL, NULL),
(715, 86, 'products', 60, 677, NULL, NULL),
(716, 86, 'products', 63, 673, NULL, NULL),
(717, 86, 'products', 64, 674, NULL, NULL),
(718, 86, 'products', 65, 678, NULL, NULL),
(719, 87, 'products', 46, 524, NULL, NULL),
(720, 87, 'products', 47, 679, NULL, NULL),
(721, 87, 'products', 51, 584, NULL, NULL),
(722, 87, 'products', 53, 515, NULL, NULL),
(723, 87, 'products', 54, 670, NULL, NULL),
(724, 87, 'products', 55, 680, NULL, NULL),
(725, 87, 'products', 56, 373, NULL, NULL),
(726, 87, 'products', 60, 677, NULL, NULL),
(727, 87, 'products', 63, 681, NULL, NULL),
(728, 87, 'products', 64, 674, NULL, NULL),
(729, 87, 'products', 65, 678, NULL, NULL),
(730, 88, 'products', 46, 524, NULL, NULL),
(731, 88, 'products', 47, 525, NULL, NULL),
(732, 88, 'products', 51, 447, NULL, NULL),
(733, 88, 'products', 53, 519, NULL, NULL),
(734, 88, 'products', 54, 527, NULL, NULL),
(735, 88, 'products', 55, 682, NULL, NULL),
(736, 88, 'products', 56, 373, NULL, NULL),
(737, 88, 'products', 60, 683, NULL, NULL),
(738, 88, 'products', 63, 684, NULL, NULL),
(739, 88, 'products', 64, 674, NULL, NULL),
(740, 88, 'products', 65, 675, NULL, NULL),
(741, 89, 'products', 46, 524, NULL, NULL),
(742, 89, 'products', 47, 679, NULL, NULL),
(743, 89, 'products', 51, 400, NULL, NULL),
(744, 89, 'products', 53, 519, NULL, NULL),
(745, 89, 'products', 54, 527, NULL, NULL),
(746, 89, 'products', 55, 685, NULL, NULL),
(747, 89, 'products', 56, 373, NULL, NULL),
(748, 89, 'products', 60, 683, NULL, NULL),
(749, 89, 'products', 63, 684, NULL, NULL),
(750, 89, 'products', 64, 686, NULL, NULL),
(751, 89, 'products', 65, 678, NULL, NULL),
(752, 90, 'products', 46, 524, NULL, NULL),
(753, 90, 'products', 47, 687, NULL, NULL),
(754, 90, 'products', 51, 688, NULL, NULL),
(755, 90, 'products', 53, 519, NULL, NULL),
(756, 90, 'products', 54, 527, NULL, NULL),
(757, 90, 'products', 55, 689, NULL, NULL),
(758, 90, 'products', 56, 373, NULL, NULL),
(759, 90, 'products', 60, 683, NULL, NULL),
(760, 90, 'products', 63, 684, NULL, NULL),
(761, 90, 'products', 64, 686, NULL, NULL),
(762, 90, 'products', 65, 678, NULL, NULL),
(763, 91, 'products', 46, 690, NULL, NULL),
(764, 91, 'products', 47, 691, NULL, NULL),
(765, 91, 'products', 51, 692, NULL, NULL),
(766, 91, 'products', 53, 542, NULL, NULL),
(767, 91, 'products', 54, 693, NULL, NULL),
(768, 91, 'products', 55, 694, NULL, NULL),
(769, 91, 'products', 56, 594, NULL, NULL),
(770, 91, 'products', 60, 695, NULL, NULL),
(771, 91, 'products', 63, 684, NULL, NULL),
(772, 91, 'products', 64, 686, NULL, NULL),
(773, 91, 'products', 65, 696, NULL, NULL),
(774, 91, 'products', 66, 697, NULL, NULL),
(775, 92, 'products', 46, 690, NULL, NULL),
(776, 92, 'products', 47, 691, NULL, NULL),
(777, 92, 'products', 51, 692, NULL, NULL),
(778, 92, 'products', 53, 542, NULL, NULL),
(779, 92, 'products', 54, 693, NULL, NULL),
(780, 92, 'products', 55, 698, NULL, NULL),
(781, 92, 'products', 56, 594, NULL, NULL),
(782, 92, 'products', 60, 695, NULL, NULL),
(783, 92, 'products', 63, 684, NULL, NULL),
(784, 92, 'products', 64, 686, NULL, NULL),
(785, 92, 'products', 65, 696, NULL, NULL),
(786, 92, 'products', 66, 697, NULL, NULL),
(787, 93, 'products', 46, 699, NULL, NULL),
(788, 93, 'products', 47, 687, NULL, NULL),
(789, 93, 'products', 51, 447, NULL, NULL),
(790, 93, 'products', 53, 515, NULL, NULL),
(791, 93, 'products', 54, 527, NULL, NULL),
(792, 93, 'products', 55, 700, NULL, NULL),
(793, 93, 'products', 56, 373, NULL, NULL),
(794, 93, 'products', 60, 701, NULL, NULL),
(795, 93, 'products', 63, 684, NULL, NULL),
(796, 93, 'products', 64, 686, NULL, NULL),
(797, 93, 'products', 65, 702, NULL, NULL),
(798, 93, 'products', 66, 697, NULL, NULL),
(799, 94, 'products', 46, 703, NULL, NULL),
(800, 94, 'products', 47, 704, NULL, NULL),
(801, 94, 'products', 51, 692, NULL, NULL),
(802, 94, 'products', 53, 542, NULL, NULL),
(803, 94, 'products', 54, 693, NULL, NULL),
(804, 94, 'products', 55, 705, NULL, NULL),
(805, 94, 'products', 56, 594, NULL, NULL),
(806, 94, 'products', 60, 695, NULL, NULL),
(807, 94, 'products', 63, 684, NULL, NULL),
(808, 94, 'products', 64, 686, NULL, NULL),
(809, 94, 'products', 65, 696, NULL, NULL),
(810, 94, 'products', 66, 697, NULL, NULL),
(811, 95, 'products', 46, 706, NULL, NULL),
(812, 95, 'products', 47, 707, NULL, NULL),
(813, 95, 'products', 51, 708, NULL, NULL),
(814, 95, 'products', 53, 444, NULL, NULL),
(815, 95, 'products', 54, 435, NULL, NULL),
(816, 95, 'products', 55, 709, NULL, NULL),
(817, 95, 'products', 56, 373, NULL, NULL),
(818, 95, 'products', 60, 710, NULL, NULL),
(819, 95, 'products', 63, 684, NULL, NULL),
(820, 95, 'products', 64, 674, NULL, NULL),
(821, 95, 'products', 65, 711, NULL, NULL),
(822, 95, 'products', 66, 697, NULL, NULL),
(823, 96, 'products', 46, 591, NULL, NULL),
(824, 96, 'products', 47, 378, NULL, NULL),
(825, 96, 'products', 51, 692, NULL, NULL),
(826, 96, 'products', 53, 444, NULL, NULL),
(827, 96, 'products', 54, 592, NULL, NULL),
(828, 96, 'products', 55, 712, NULL, NULL),
(829, 96, 'products', 56, 594, NULL, NULL),
(830, 96, 'products', 60, 695, NULL, NULL),
(831, 96, 'products', 63, 684, NULL, NULL),
(832, 96, 'products', 64, 686, NULL, NULL),
(833, 96, 'products', 65, 696, NULL, NULL),
(834, 96, 'products', 66, 697, NULL, NULL),
(835, 97, 'products', 46, 591, NULL, NULL),
(836, 97, 'products', 47, 713, NULL, NULL),
(837, 97, 'products', 51, 601, NULL, NULL),
(838, 97, 'products', 53, 714, NULL, NULL),
(839, 97, 'products', 54, 371, NULL, NULL),
(840, 97, 'products', 55, 715, NULL, NULL),
(841, 97, 'products', 56, 373, NULL, NULL),
(842, 97, 'products', 60, 716, NULL, NULL),
(843, 97, 'products', 63, 681, NULL, NULL),
(844, 97, 'products', 64, 717, NULL, NULL),
(845, 97, 'products', 65, 718, NULL, NULL),
(846, 97, 'products', 66, 697, NULL, NULL),
(847, 98, 'products', 46, 719, NULL, NULL),
(848, 98, 'products', 47, 386, NULL, NULL),
(849, 98, 'products', 51, 720, NULL, NULL),
(850, 98, 'products', 53, 444, NULL, NULL),
(851, 98, 'products', 54, 670, NULL, NULL),
(852, 98, 'products', 55, 721, NULL, NULL),
(853, 98, 'products', 56, 373, NULL, NULL),
(854, 98, 'products', 60, 695, NULL, NULL),
(855, 98, 'products', 63, 722, NULL, NULL),
(856, 98, 'products', 64, 674, NULL, NULL),
(857, 98, 'products', 65, 723, NULL, NULL),
(858, 98, 'products', 66, 697, NULL, NULL),
(859, 99, 'products', 46, 724, NULL, NULL),
(860, 99, 'products', 47, 393, NULL, NULL),
(861, 99, 'products', 51, 725, NULL, NULL),
(862, 99, 'products', 53, 370, NULL, NULL),
(863, 99, 'products', 54, 380, NULL, NULL),
(864, 99, 'products', 55, 726, NULL, NULL),
(865, 99, 'products', 56, 373, NULL, NULL),
(866, 99, 'products', 60, 727, NULL, NULL),
(867, 99, 'products', 63, 728, NULL, NULL),
(868, 99, 'products', 64, 729, NULL, NULL),
(869, 99, 'products', 65, 723, NULL, NULL),
(870, 99, 'products', 66, 697, NULL, NULL),
(871, 100, 'products', 46, 591, NULL, NULL),
(872, 100, 'products', 47, 378, NULL, NULL),
(873, 100, 'products', 51, 730, NULL, NULL),
(874, 100, 'products', 53, 444, NULL, NULL),
(875, 100, 'products', 54, 435, NULL, NULL),
(876, 100, 'products', 55, 439, NULL, NULL),
(877, 100, 'products', 56, 594, NULL, NULL),
(878, 100, 'products', 60, 695, NULL, NULL),
(879, 100, 'products', 63, 728, NULL, NULL),
(880, 100, 'products', 64, 729, NULL, NULL),
(881, 100, 'products', 65, 696, NULL, NULL),
(882, 100, 'products', 66, 731, NULL, NULL),
(883, 101, 'products', 46, 719, NULL, NULL),
(884, 101, 'products', 47, 386, NULL, NULL),
(885, 101, 'products', 51, 732, NULL, NULL),
(886, 101, 'products', 53, 444, NULL, NULL),
(887, 101, 'products', 54, 435, NULL, NULL),
(888, 101, 'products', 55, 733, NULL, NULL),
(889, 101, 'products', 56, 373, NULL, NULL),
(890, 101, 'products', 60, 734, NULL, NULL),
(891, 101, 'products', 63, 728, NULL, NULL),
(892, 101, 'products', 64, 729, NULL, NULL),
(893, 101, 'products', 65, 723, NULL, NULL),
(894, 101, 'products', 66, 731, NULL, NULL),
(895, 102, 'products', 46, 724, NULL, NULL),
(896, 102, 'products', 47, 393, NULL, NULL),
(897, 102, 'products', 51, 732, NULL, NULL),
(898, 102, 'products', 53, 714, NULL, NULL),
(899, 102, 'products', 54, 380, NULL, NULL),
(900, 102, 'products', 55, 735, NULL, NULL),
(901, 102, 'products', 56, 373, NULL, NULL),
(902, 102, 'products', 60, 734, NULL, NULL),
(903, 102, 'products', 63, 728, NULL, NULL),
(904, 102, 'products', 64, 729, NULL, NULL),
(905, 102, 'products', 65, 723, NULL, NULL),
(906, 102, 'products', 66, 731, NULL, NULL),
(907, 103, 'products', 46, 778, NULL, NULL),
(908, 103, 'products', 47, 779, NULL, NULL),
(909, 103, 'products', 51, 732, NULL, NULL),
(910, 103, 'products', 53, 370, NULL, NULL),
(911, 103, 'products', 54, 389, NULL, NULL),
(912, 103, 'products', 55, 1257, NULL, NULL),
(913, 103, 'products', 56, 373, NULL, NULL),
(914, 103, 'products', 60, 734, NULL, NULL),
(915, 103, 'products', 63, 728, NULL, NULL),
(916, 103, 'products', 64, 729, NULL, NULL),
(917, 103, 'products', 65, 723, NULL, NULL),
(918, 103, 'products', 66, 731, NULL, NULL),
(919, 104, 'products', 46, 740, NULL, NULL),
(920, 104, 'products', 47, 741, NULL, NULL),
(921, 104, 'products', 51, 742, NULL, NULL),
(922, 104, 'products', 53, 448, NULL, NULL),
(923, 104, 'products', 54, 415, NULL, NULL),
(924, 104, 'products', 55, 743, NULL, NULL),
(925, 104, 'products', 56, 373, NULL, NULL),
(926, 104, 'products', 60, 734, NULL, NULL),
(927, 104, 'products', 63, 728, NULL, NULL),
(928, 104, 'products', 64, 729, NULL, NULL),
(929, 104, 'products', 65, 744, NULL, NULL),
(930, 104, 'products', 66, 731, NULL, NULL),
(931, 105, 'products', 46, 1258, NULL, NULL),
(932, 105, 'products', 47, 413, NULL, NULL),
(933, 105, 'products', 51, 650, NULL, NULL),
(934, 105, 'products', 53, 451, NULL, NULL),
(935, 105, 'products', 54, 422, NULL, NULL),
(936, 105, 'products', 55, 1259, NULL, NULL),
(937, 105, 'products', 56, 373, NULL, NULL),
(938, 105, 'products', 60, 1260, NULL, NULL),
(939, 105, 'products', 63, 738, NULL, NULL),
(940, 105, 'products', 64, 739, NULL, NULL),
(941, 105, 'products', 65, 744, NULL, NULL),
(942, 105, 'products', 66, 731, NULL, NULL),
(945, 106, 'products', 51, 619, NULL, NULL),
(946, 106, 'products', 53, 577, NULL, NULL),
(947, 106, 'products', 54, 578, NULL, NULL),
(948, 106, 'products', 55, 1261, NULL, NULL),
(950, 106, 'products', 60, 532, NULL, NULL),
(951, 106, 'products', 63, 1262, NULL, NULL),
(952, 106, 'products', 64, 1263, NULL, NULL),
(955, 107, 'products', 43, 483, NULL, NULL),
(956, 107, 'products', 49, 484, NULL, NULL),
(957, 107, 'products', 51, 485, NULL, NULL),
(958, 107, 'products', 53, 747, NULL, NULL),
(959, 107, 'products', 54, 748, NULL, NULL),
(960, 107, 'products', 55, 423, NULL, NULL),
(961, 107, 'products', 60, 749, NULL, NULL),
(962, 107, 'products', 63, 750, NULL, NULL),
(963, 107, 'products', 64, 751, NULL, NULL),
(964, 108, 'products', 43, 483, NULL, NULL),
(965, 108, 'products', 49, 484, NULL, NULL),
(966, 108, 'products', 51, 472, NULL, NULL),
(967, 108, 'products', 53, 752, NULL, NULL),
(968, 108, 'products', 54, 487, NULL, NULL),
(969, 108, 'products', 55, 753, NULL, NULL),
(970, 108, 'products', 60, 727, NULL, NULL),
(971, 108, 'products', 63, 754, NULL, NULL),
(972, 108, 'products', 64, 674, NULL, NULL),
(973, 109, 'products', 43, 490, NULL, NULL),
(974, 109, 'products', 49, 484, NULL, NULL),
(975, 109, 'products', 51, 611, NULL, NULL),
(976, 109, 'products', 53, 752, NULL, NULL),
(977, 109, 'products', 54, 487, NULL, NULL),
(978, 109, 'products', 55, 753, NULL, NULL),
(979, 109, 'products', 60, 755, NULL, NULL),
(980, 109, 'products', 63, 754, NULL, NULL),
(981, 109, 'products', 64, 674, NULL, NULL),
(982, 110, 'products', 43, 490, NULL, NULL),
(983, 110, 'products', 49, 484, NULL, NULL),
(984, 110, 'products', 51, 433, NULL, NULL),
(985, 110, 'products', 53, 486, NULL, NULL),
(986, 110, 'products', 54, 756, NULL, NULL),
(987, 110, 'products', 55, 757, NULL, NULL),
(988, 110, 'products', 60, 710, NULL, NULL),
(989, 110, 'products', 63, 673, NULL, NULL),
(990, 110, 'products', 64, 717, NULL, NULL),
(991, 111, 'products', 43, 490, NULL, NULL),
(992, 111, 'products', 49, 484, NULL, NULL),
(993, 111, 'products', 51, 443, NULL, NULL),
(994, 111, 'products', 53, 486, NULL, NULL),
(995, 111, 'products', 54, 487, NULL, NULL),
(996, 111, 'products', 55, 1264, NULL, NULL),
(997, 111, 'products', 60, 1265, NULL, NULL),
(998, 111, 'products', 63, 681, NULL, NULL),
(999, 111, 'products', 64, 717, NULL, NULL),
(1000, 112, 'products', 43, 490, NULL, NULL),
(1001, 112, 'products', 49, 484, NULL, NULL),
(1002, 112, 'products', 51, 387, NULL, NULL),
(1003, 112, 'products', 53, 548, NULL, NULL),
(1004, 112, 'products', 54, 756, NULL, NULL),
(1005, 112, 'products', 55, 439, NULL, NULL),
(1006, 112, 'products', 60, 762, NULL, NULL),
(1007, 112, 'products', 63, 681, NULL, NULL),
(1008, 112, 'products', 64, 761, NULL, NULL),
(1010, 113, 'products', 49, 502, NULL, NULL),
(1011, 113, 'products', 51, 621, NULL, NULL),
(1012, 113, 'products', 53, 765, NULL, NULL),
(1013, 113, 'products', 54, 756, NULL, NULL),
(1014, 113, 'products', 55, 1266, NULL, NULL),
(1015, 113, 'products', 60, 532, NULL, NULL),
(1016, 113, 'products', 63, 1267, NULL, NULL),
(1017, 113, 'products', 64, 1268, NULL, NULL),
(1018, 114, 'products', 49, 764, NULL, NULL),
(1019, 114, 'products', 51, 621, NULL, NULL),
(1020, 114, 'products', 53, 765, NULL, NULL),
(1021, 114, 'products', 54, 487, NULL, NULL),
(1022, 114, 'products', 55, 766, NULL, NULL),
(1023, 114, 'products', 60, 767, NULL, NULL),
(1024, 114, 'products', 63, 728, NULL, NULL),
(1025, 114, 'products', 64, 768, NULL, NULL),
(1026, 115, 'products', 49, 502, NULL, NULL),
(1027, 115, 'products', 51, 443, NULL, NULL),
(1028, 115, 'products', 53, 486, NULL, NULL),
(1029, 115, 'products', 54, 487, NULL, NULL),
(1030, 115, 'products', 55, 769, NULL, NULL),
(1031, 115, 'products', 60, 770, NULL, NULL),
(1032, 115, 'products', 63, 754, NULL, NULL),
(1033, 115, 'products', 64, 674, NULL, NULL),
(1034, 116, 'products', 49, 502, NULL, NULL),
(1035, 116, 'products', 51, 526, NULL, NULL),
(1036, 116, 'products', 53, 486, NULL, NULL),
(1037, 116, 'products', 54, 598, NULL, NULL),
(1038, 116, 'products', 55, 771, NULL, NULL),
(1039, 116, 'products', 60, 770, NULL, NULL),
(1040, 116, 'products', 63, 754, NULL, NULL),
(1041, 116, 'products', 64, 674, NULL, NULL),
(1042, 117, 'products', 46, 591, NULL, NULL),
(1043, 117, 'products', 47, 378, NULL, NULL),
(1044, 117, 'products', 51, 772, NULL, NULL),
(1045, 117, 'products', 53, 465, NULL, NULL),
(1046, 117, 'products', 54, 435, NULL, NULL),
(1047, 117, 'products', 55, 773, NULL, NULL),
(1048, 117, 'products', 56, 594, NULL, NULL),
(1049, 117, 'products', 60, 774, NULL, NULL),
(1050, 117, 'products', 63, 684, NULL, NULL),
(1051, 117, 'products', 64, 686, NULL, NULL),
(1052, 117, 'products', 65, 696, NULL, NULL),
(1053, 118, 'products', 46, 724, NULL, NULL),
(1054, 118, 'products', 47, 393, NULL, NULL),
(1055, 118, 'products', 51, 775, NULL, NULL),
(1056, 118, 'products', 53, 714, NULL, NULL),
(1057, 118, 'products', 54, 389, NULL, NULL),
(1058, 118, 'products', 55, 776, NULL, NULL),
(1059, 118, 'products', 56, 373, NULL, NULL),
(1060, 118, 'products', 60, 774, NULL, NULL),
(1061, 118, 'products', 63, 681, NULL, NULL),
(1062, 118, 'products', 64, 777, NULL, NULL),
(1063, 118, 'products', 65, 723, NULL, NULL),
(1064, 119, 'products', 46, 778, NULL, NULL),
(1065, 119, 'products', 47, 779, NULL, NULL),
(1066, 119, 'products', 51, 780, NULL, NULL),
(1067, 119, 'products', 53, 714, NULL, NULL),
(1068, 119, 'products', 54, 389, NULL, NULL),
(1069, 119, 'products', 55, 776, NULL, NULL),
(1070, 119, 'products', 56, 373, NULL, NULL),
(1071, 119, 'products', 60, 774, NULL, NULL),
(1072, 119, 'products', 63, 681, NULL, NULL),
(1073, 119, 'products', 64, 777, NULL, NULL),
(1074, 119, 'products', 65, 723, NULL, NULL),
(1075, 120, 'products', 51, 781, NULL, NULL),
(1076, 120, 'products', 67, 782, NULL, NULL),
(1077, 120, 'products', 71, 783, NULL, NULL),
(1078, 120, 'products', 73, 784, NULL, NULL),
(1079, 120, 'products', 74, 785, NULL, NULL),
(1080, 120, 'products', 75, 786, NULL, NULL),
(1081, 120, 'products', 76, 787, NULL, NULL),
(1082, 120, 'products', 77, 788, NULL, NULL),
(1083, 120, 'products', 78, 789, NULL, NULL),
(1084, 120, 'products', 79, 790, NULL, NULL),
(1085, 120, 'products', 81, 791, NULL, NULL),
(1086, 121, 'products', 51, 781, NULL, NULL),
(1087, 121, 'products', 67, 792, NULL, NULL),
(1088, 121, 'products', 71, 793, NULL, NULL),
(1089, 121, 'products', 73, 784, NULL, NULL),
(1090, 121, 'products', 74, 785, NULL, NULL),
(1091, 121, 'products', 75, 794, NULL, NULL),
(1092, 121, 'products', 76, 787, NULL, NULL),
(1093, 121, 'products', 77, 788, NULL, NULL),
(1094, 121, 'products', 78, 789, NULL, NULL),
(1095, 121, 'products', 79, 790, NULL, NULL),
(1096, 121, 'products', 81, 791, NULL, NULL),
(1097, 122, 'products', 51, 795, NULL, NULL),
(1098, 122, 'products', 67, 796, NULL, NULL),
(1099, 122, 'products', 71, 793, NULL, NULL),
(1100, 122, 'products', 73, 784, NULL, NULL),
(1101, 122, 'products', 74, 785, NULL, NULL),
(1102, 122, 'products', 75, 797, NULL, NULL),
(1103, 122, 'products', 76, 787, NULL, NULL),
(1104, 122, 'products', 77, 788, NULL, NULL),
(1105, 122, 'products', 78, 789, NULL, NULL),
(1106, 122, 'products', 79, 790, NULL, NULL),
(1107, 122, 'products', 81, 791, NULL, NULL),
(1108, 123, 'products', 51, 795, NULL, NULL),
(1109, 123, 'products', 67, 798, NULL, NULL),
(1110, 123, 'products', 71, 793, NULL, NULL),
(1111, 123, 'products', 73, 784, NULL, NULL),
(1112, 123, 'products', 74, 785, NULL, NULL),
(1113, 123, 'products', 75, 799, NULL, NULL),
(1114, 123, 'products', 76, 787, NULL, NULL),
(1115, 123, 'products', 77, 788, NULL, NULL),
(1116, 123, 'products', 78, 789, NULL, NULL),
(1117, 123, 'products', 79, 790, NULL, NULL),
(1118, 123, 'products', 81, 800, NULL, NULL),
(1119, 124, 'products', 51, 801, NULL, NULL),
(1120, 124, 'products', 67, 802, NULL, NULL),
(1121, 124, 'products', 71, 803, NULL, NULL),
(1122, 124, 'products', 73, 804, NULL, NULL),
(1123, 124, 'products', 74, 785, NULL, NULL),
(1124, 124, 'products', 75, 799, NULL, NULL),
(1125, 124, 'products', 76, 805, NULL, NULL),
(1126, 124, 'products', 77, 806, NULL, NULL),
(1127, 124, 'products', 78, 789, NULL, NULL),
(1128, 124, 'products', 79, 807, NULL, NULL),
(1129, 124, 'products', 81, 808, NULL, NULL),
(1130, 125, 'products', 51, 801, NULL, NULL),
(1131, 125, 'products', 67, 809, NULL, NULL),
(1132, 125, 'products', 71, 803, NULL, NULL),
(1133, 125, 'products', 73, 804, NULL, NULL),
(1134, 125, 'products', 74, 785, NULL, NULL),
(1135, 125, 'products', 75, 810, NULL, NULL),
(1136, 125, 'products', 76, 805, NULL, NULL),
(1137, 125, 'products', 77, 806, NULL, NULL),
(1138, 125, 'products', 78, 789, NULL, NULL),
(1139, 125, 'products', 79, 807, NULL, NULL),
(1140, 125, 'products', 81, 808, NULL, NULL),
(1141, 126, 'products', 51, 801, NULL, NULL),
(1142, 126, 'products', 67, 811, NULL, NULL),
(1143, 126, 'products', 71, 803, NULL, NULL),
(1144, 126, 'products', 73, 804, NULL, NULL),
(1145, 126, 'products', 74, 785, NULL, NULL),
(1146, 126, 'products', 75, 812, NULL, NULL),
(1147, 126, 'products', 76, 813, NULL, NULL),
(1148, 126, 'products', 77, 806, NULL, NULL),
(1149, 126, 'products', 78, 789, NULL, NULL),
(1150, 126, 'products', 79, 807, NULL, NULL),
(1151, 126, 'products', 81, 808, NULL, NULL),
(1152, 127, 'products', 51, 801, NULL, NULL),
(1153, 127, 'products', 67, 814, NULL, NULL),
(1154, 127, 'products', 71, 803, NULL, NULL),
(1155, 127, 'products', 73, 804, NULL, NULL),
(1156, 127, 'products', 74, 785, NULL, NULL),
(1157, 127, 'products', 75, 815, NULL, NULL),
(1158, 127, 'products', 76, 813, NULL, NULL),
(1159, 127, 'products', 77, 806, NULL, NULL),
(1160, 127, 'products', 78, 789, NULL, NULL),
(1161, 127, 'products', 79, 807, NULL, NULL),
(1162, 127, 'products', 81, 808, NULL, NULL),
(1163, 128, 'products', 46, 816, NULL, NULL),
(1164, 128, 'products', 47, 817, NULL, NULL),
(1165, 128, 'products', 51, 818, NULL, NULL),
(1166, 128, 'products', 68, 819, NULL, NULL),
(1167, 128, 'products', 69, 820, NULL, NULL),
(1168, 128, 'products', 72, 821, NULL, NULL),
(1169, 128, 'products', 73, 822, NULL, NULL),
(1170, 128, 'products', 74, 823, NULL, NULL),
(1171, 128, 'products', 77, 824, NULL, NULL),
(1172, 128, 'products', 80, 825, NULL, NULL),
(1173, 128, 'products', 81, 826, NULL, NULL),
(1174, 128, 'products', 82, 827, NULL, NULL),
(1175, 128, 'products', 83, 828, NULL, NULL),
(1176, 129, 'products', 46, 816, NULL, NULL),
(1177, 129, 'products', 47, 817, NULL, NULL),
(1178, 129, 'products', 51, 843, NULL, NULL),
(1179, 129, 'products', 68, 1269, NULL, NULL),
(1180, 129, 'products', 69, 820, NULL, NULL),
(1181, 129, 'products', 72, 821, NULL, NULL),
(1182, 129, 'products', 73, 1270, NULL, NULL),
(1183, 129, 'products', 74, 823, NULL, NULL),
(1184, 129, 'products', 77, 824, NULL, NULL),
(1185, 129, 'products', 80, 1154, NULL, NULL),
(1186, 129, 'products', 81, 980, NULL, NULL),
(1187, 129, 'products', 82, 939, NULL, NULL),
(1188, 129, 'products', 83, 828, NULL, NULL),
(1189, 130, 'products', 46, 833, NULL, NULL),
(1190, 130, 'products', 47, 817, NULL, NULL),
(1191, 130, 'products', 51, 834, NULL, NULL),
(1192, 130, 'products', 68, 819, NULL, NULL),
(1193, 130, 'products', 69, 820, NULL, NULL),
(1194, 130, 'products', 72, 821, NULL, NULL),
(1195, 130, 'products', 73, 835, NULL, NULL),
(1196, 130, 'products', 74, 823, NULL, NULL),
(1197, 130, 'products', 77, 824, NULL, NULL),
(1198, 130, 'products', 80, 836, NULL, NULL),
(1199, 130, 'products', 81, 837, NULL, NULL),
(1200, 130, 'products', 82, 838, NULL, NULL),
(1201, 130, 'products', 83, 839, NULL, NULL),
(1202, 131, 'products', 46, 833, NULL, NULL),
(1203, 131, 'products', 47, 817, NULL, NULL),
(1204, 131, 'products', 51, 818, NULL, NULL),
(1205, 131, 'products', 68, 819, NULL, NULL),
(1206, 131, 'products', 69, 820, NULL, NULL),
(1207, 131, 'products', 72, 841, NULL, NULL),
(1208, 131, 'products', 73, 822, NULL, NULL),
(1209, 131, 'products', 74, 823, NULL, NULL),
(1210, 131, 'products', 77, 824, NULL, NULL),
(1211, 131, 'products', 80, 825, NULL, NULL),
(1212, 131, 'products', 81, 826, NULL, NULL),
(1213, 131, 'products', 82, 1271, NULL, NULL),
(1214, 131, 'products', 83, 1272, NULL, NULL),
(1215, 132, 'products', 46, 842, NULL, NULL),
(1216, 132, 'products', 47, 741, NULL, NULL),
(1217, 132, 'products', 51, 843, NULL, NULL),
(1218, 132, 'products', 68, 819, NULL, NULL);
INSERT INTO `lite_filter_values_elements` (`id`, `element_id`, `entity_name`, `filter_id`, `filter_value_id`, `checked_value`, `text_value`) VALUES
(1219, 132, 'products', 69, 844, NULL, NULL),
(1220, 132, 'products', 72, 821, NULL, NULL),
(1221, 132, 'products', 73, 845, NULL, NULL),
(1222, 132, 'products', 74, 846, NULL, NULL),
(1223, 132, 'products', 77, 824, NULL, NULL),
(1224, 132, 'products', 80, 847, NULL, NULL),
(1225, 132, 'products', 81, 831, NULL, NULL),
(1226, 132, 'products', 82, 838, NULL, NULL),
(1227, 132, 'products', 83, 848, NULL, NULL),
(1228, 133, 'products', 46, 868, NULL, NULL),
(1229, 133, 'products', 47, 404, NULL, NULL),
(1230, 133, 'products', 51, 953, NULL, NULL),
(1231, 133, 'products', 68, 855, NULL, NULL),
(1232, 133, 'products', 69, 1273, NULL, NULL),
(1233, 133, 'products', 72, 1274, NULL, NULL),
(1234, 133, 'products', 73, 857, NULL, NULL),
(1235, 133, 'products', 74, 1275, NULL, NULL),
(1236, 133, 'products', 77, 824, NULL, NULL),
(1237, 133, 'products', 80, 847, NULL, NULL),
(1238, 133, 'products', 81, 837, NULL, NULL),
(1239, 133, 'products', 82, 1276, NULL, NULL),
(1240, 133, 'products', 83, 874, NULL, NULL),
(1241, 134, 'products', 46, 868, NULL, NULL),
(1242, 134, 'products', 47, 404, NULL, NULL),
(1243, 134, 'products', 51, 953, NULL, NULL),
(1244, 134, 'products', 68, 862, NULL, NULL),
(1245, 134, 'products', 69, 1273, NULL, NULL),
(1246, 134, 'products', 72, 1274, NULL, NULL),
(1247, 134, 'products', 73, 864, NULL, NULL),
(1248, 134, 'products', 74, 1275, NULL, NULL),
(1249, 134, 'products', 77, 824, NULL, NULL),
(1250, 134, 'products', 80, 1154, NULL, NULL),
(1251, 134, 'products', 81, 1277, NULL, NULL),
(1252, 134, 'products', 82, 1276, NULL, NULL),
(1253, 134, 'products', 83, 874, NULL, NULL),
(1254, 135, 'products', 46, 816, NULL, NULL),
(1255, 135, 'products', 47, 817, NULL, NULL),
(1256, 135, 'products', 51, 834, NULL, NULL),
(1257, 135, 'products', 68, 1278, NULL, NULL),
(1258, 135, 'products', 69, 856, NULL, NULL),
(1259, 135, 'products', 72, 821, NULL, NULL),
(1260, 135, 'products', 73, 822, NULL, NULL),
(1261, 135, 'products', 74, 1279, NULL, NULL),
(1262, 135, 'products', 77, 824, NULL, NULL),
(1263, 135, 'products', 80, 836, NULL, NULL),
(1264, 135, 'products', 81, 837, NULL, NULL),
(1265, 135, 'products', 82, 1280, NULL, NULL),
(1266, 135, 'products', 83, 828, NULL, NULL),
(1267, 136, 'products', 46, 842, NULL, NULL),
(1268, 136, 'products', 47, 741, NULL, NULL),
(1269, 136, 'products', 51, 854, NULL, NULL),
(1270, 136, 'products', 68, 855, NULL, NULL),
(1271, 136, 'products', 69, 856, NULL, NULL),
(1272, 136, 'products', 72, 841, NULL, NULL),
(1273, 136, 'products', 73, 857, NULL, NULL),
(1274, 136, 'products', 74, 858, NULL, NULL),
(1275, 136, 'products', 77, 824, NULL, NULL),
(1276, 136, 'products', 80, 825, NULL, NULL),
(1277, 136, 'products', 81, 831, NULL, NULL),
(1278, 136, 'products', 82, 859, NULL, NULL),
(1279, 136, 'products', 83, 848, NULL, NULL),
(1280, 137, 'products', 46, 860, NULL, NULL),
(1281, 137, 'products', 47, 779, NULL, NULL),
(1282, 137, 'products', 51, 861, NULL, NULL),
(1283, 137, 'products', 68, 862, NULL, NULL),
(1284, 137, 'products', 69, 856, NULL, NULL),
(1285, 137, 'products', 72, 863, NULL, NULL),
(1286, 137, 'products', 73, 864, NULL, NULL),
(1287, 137, 'products', 74, 865, NULL, NULL),
(1288, 137, 'products', 77, 824, NULL, NULL),
(1289, 137, 'products', 80, 836, NULL, NULL),
(1290, 137, 'products', 81, 831, NULL, NULL),
(1291, 137, 'products', 82, 866, NULL, NULL),
(1292, 137, 'products', 83, 867, NULL, NULL),
(1295, 138, 'products', 51, 801, NULL, NULL),
(1297, 138, 'products', 69, 897, NULL, NULL),
(1298, 138, 'products', 72, 821, NULL, NULL),
(1299, 138, 'products', 73, 898, NULL, NULL),
(1300, 138, 'products', 74, 1281, NULL, NULL),
(1301, 138, 'products', 77, 1282, NULL, NULL),
(1302, 138, 'products', 80, 1140, NULL, NULL),
(1303, 138, 'products', 81, 881, NULL, NULL),
(1304, 138, 'products', 82, 888, NULL, NULL),
(1306, 139, 'products', 43, 483, NULL, NULL),
(1307, 139, 'products', 49, 484, NULL, NULL),
(1308, 139, 'products', 51, 801, NULL, NULL),
(1309, 139, 'products', 69, 875, NULL, NULL),
(1310, 139, 'products', 72, 821, NULL, NULL),
(1311, 139, 'products', 73, 876, NULL, NULL),
(1312, 139, 'products', 74, 877, NULL, NULL),
(1313, 139, 'products', 77, 878, NULL, NULL),
(1314, 139, 'products', 78, 879, NULL, NULL),
(1315, 139, 'products', 80, 880, NULL, NULL),
(1316, 139, 'products', 81, 881, NULL, NULL),
(1317, 139, 'products', 82, 882, NULL, NULL),
(1318, 140, 'products', 43, 490, NULL, NULL),
(1319, 140, 'products', 49, 484, NULL, NULL),
(1320, 140, 'products', 51, 1047, NULL, NULL),
(1321, 140, 'products', 69, 820, NULL, NULL),
(1322, 140, 'products', 72, 821, NULL, NULL),
(1323, 140, 'products', 73, 835, NULL, NULL),
(1324, 140, 'products', 74, 886, NULL, NULL),
(1325, 140, 'products', 77, 806, NULL, NULL),
(1326, 140, 'products', 78, 887, NULL, NULL),
(1327, 140, 'products', 80, 1122, NULL, NULL),
(1328, 140, 'products', 81, 1283, NULL, NULL),
(1329, 140, 'products', 82, 888, NULL, NULL),
(1330, 141, 'products', 43, 490, NULL, NULL),
(1331, 141, 'products', 49, 484, NULL, NULL),
(1332, 141, 'products', 51, 884, NULL, NULL),
(1333, 141, 'products', 69, 820, NULL, NULL),
(1334, 141, 'products', 72, 885, NULL, NULL),
(1335, 141, 'products', 73, 822, NULL, NULL),
(1336, 141, 'products', 74, 886, NULL, NULL),
(1337, 141, 'products', 77, 806, NULL, NULL),
(1338, 141, 'products', 78, 887, NULL, NULL),
(1339, 141, 'products', 80, 847, NULL, NULL),
(1340, 141, 'products', 81, 831, NULL, NULL),
(1341, 141, 'products', 82, 888, NULL, NULL),
(1342, 142, 'products', 43, 490, NULL, NULL),
(1343, 142, 'products', 49, 484, NULL, NULL),
(1344, 142, 'products', 51, 869, NULL, NULL),
(1345, 142, 'products', 69, 1284, NULL, NULL),
(1346, 142, 'products', 72, 1285, NULL, NULL),
(1347, 142, 'products', 73, 1286, NULL, NULL),
(1348, 142, 'products', 74, 1287, NULL, NULL),
(1349, 142, 'products', 77, 1288, NULL, NULL),
(1350, 142, 'products', 78, 1289, NULL, NULL),
(1351, 142, 'products', 80, 871, NULL, NULL),
(1352, 142, 'products', 81, 1277, NULL, NULL),
(1353, 142, 'products', 82, 890, NULL, NULL),
(1354, 143, 'products', 43, 490, NULL, NULL),
(1355, 143, 'products', 49, 484, NULL, NULL),
(1356, 143, 'products', 51, 834, NULL, NULL),
(1357, 143, 'products', 69, 856, NULL, NULL),
(1358, 143, 'products', 72, 885, NULL, NULL),
(1359, 143, 'products', 73, 822, NULL, NULL),
(1360, 143, 'products', 74, 892, NULL, NULL),
(1361, 143, 'products', 77, 806, NULL, NULL),
(1362, 143, 'products', 78, 887, NULL, NULL),
(1363, 143, 'products', 80, 893, NULL, NULL),
(1364, 143, 'products', 81, 894, NULL, NULL),
(1365, 143, 'products', 82, 890, NULL, NULL),
(1366, 144, 'products', 43, 490, NULL, NULL),
(1367, 144, 'products', 49, 484, NULL, NULL),
(1368, 144, 'products', 51, 834, NULL, NULL),
(1369, 144, 'products', 69, 856, NULL, NULL),
(1370, 144, 'products', 72, 891, NULL, NULL),
(1371, 144, 'products', 73, 822, NULL, NULL),
(1372, 144, 'products', 74, 892, NULL, NULL),
(1373, 144, 'products', 77, 806, NULL, NULL),
(1374, 144, 'products', 78, 887, NULL, NULL),
(1375, 144, 'products', 80, 893, NULL, NULL),
(1376, 144, 'products', 81, 894, NULL, NULL),
(1377, 144, 'products', 82, 890, NULL, NULL),
(1378, 145, 'products', 49, 502, NULL, NULL),
(1379, 145, 'products', 51, 895, NULL, NULL),
(1380, 145, 'products', 68, 896, NULL, NULL),
(1381, 145, 'products', 69, 897, NULL, NULL),
(1382, 145, 'products', 72, 821, NULL, NULL),
(1383, 145, 'products', 73, 898, NULL, NULL),
(1384, 145, 'products', 74, 899, NULL, NULL),
(1385, 145, 'products', 76, 900, NULL, NULL),
(1386, 145, 'products', 77, 901, NULL, NULL),
(1387, 145, 'products', 80, 871, NULL, NULL),
(1388, 145, 'products', 81, 872, NULL, NULL),
(1389, 145, 'products', 82, 890, NULL, NULL),
(1390, 146, 'products', 49, 502, NULL, NULL),
(1391, 146, 'products', 51, 801, NULL, NULL),
(1392, 146, 'products', 68, 902, NULL, NULL),
(1393, 146, 'products', 69, 875, NULL, NULL),
(1394, 146, 'products', 72, 821, NULL, NULL),
(1395, 146, 'products', 73, 876, NULL, NULL),
(1396, 146, 'products', 74, 903, NULL, NULL),
(1397, 146, 'products', 76, 900, NULL, NULL),
(1398, 146, 'products', 77, 901, NULL, NULL),
(1399, 146, 'products', 80, 871, NULL, NULL),
(1400, 146, 'products', 81, 904, NULL, NULL),
(1401, 146, 'products', 82, 905, NULL, NULL),
(1402, 147, 'products', 49, 502, NULL, NULL),
(1403, 147, 'products', 51, 1290, NULL, NULL),
(1404, 147, 'products', 68, 1291, NULL, NULL),
(1405, 147, 'products', 69, 820, NULL, NULL),
(1406, 147, 'products', 72, 821, NULL, NULL),
(1407, 147, 'products', 73, 835, NULL, NULL),
(1408, 147, 'products', 74, 1292, NULL, NULL),
(1409, 147, 'products', 76, 920, NULL, NULL),
(1410, 147, 'products', 77, 1293, NULL, NULL),
(1411, 147, 'products', 80, 825, NULL, NULL),
(1412, 147, 'products', 81, 831, NULL, NULL),
(1413, 147, 'products', 82, 890, NULL, NULL),
(1414, 148, 'products', 49, 502, NULL, NULL),
(1415, 148, 'products', 51, 818, NULL, NULL),
(1416, 148, 'products', 68, 908, NULL, NULL),
(1417, 148, 'products', 69, 844, NULL, NULL),
(1418, 148, 'products', 72, 821, NULL, NULL),
(1419, 148, 'products', 73, 845, NULL, NULL),
(1420, 148, 'products', 74, 909, NULL, NULL),
(1421, 148, 'products', 76, 910, NULL, NULL),
(1422, 148, 'products', 77, 824, NULL, NULL),
(1423, 148, 'products', 80, 836, NULL, NULL),
(1424, 148, 'products', 81, 831, NULL, NULL),
(1425, 148, 'products', 82, 911, NULL, NULL),
(1427, 149, 'products', 51, 1294, NULL, NULL),
(1428, 149, 'products', 68, 855, NULL, NULL),
(1431, 149, 'products', 73, 1295, NULL, NULL),
(1432, 149, 'products', 74, 1296, NULL, NULL),
(1434, 149, 'products', 77, 824, NULL, NULL),
(1435, 149, 'products', 80, 1297, NULL, NULL),
(1436, 149, 'products', 81, 923, NULL, NULL),
(1437, 149, 'products', 82, 1298, NULL, NULL),
(1438, 150, 'products', 43, 483, NULL, NULL),
(1439, 150, 'products', 49, 484, NULL, NULL),
(1440, 150, 'products', 51, 906, NULL, NULL),
(1441, 150, 'products', 68, 902, NULL, NULL),
(1442, 150, 'products', 73, 914, NULL, NULL),
(1443, 150, 'products', 74, 915, NULL, NULL),
(1444, 150, 'products', 76, 916, NULL, NULL),
(1445, 150, 'products', 77, 917, NULL, NULL),
(1446, 150, 'products', 78, 879, NULL, NULL),
(1447, 150, 'products', 80, 918, NULL, NULL),
(1448, 150, 'products', 81, 919, NULL, NULL),
(1449, 150, 'products', 82, 859, NULL, NULL),
(1450, 151, 'products', 49, 502, NULL, NULL),
(1451, 151, 'products', 51, 883, NULL, NULL),
(1452, 151, 'products', 68, 902, NULL, NULL),
(1453, 151, 'products', 73, 914, NULL, NULL),
(1454, 151, 'products', 74, 915, NULL, NULL),
(1455, 151, 'products', 76, 920, NULL, NULL),
(1456, 151, 'products', 77, 921, NULL, NULL),
(1457, 151, 'products', 80, 922, NULL, NULL),
(1458, 151, 'products', 81, 923, NULL, NULL),
(1459, 151, 'products', 82, 924, NULL, NULL),
(1460, 152, 'products', 46, 833, NULL, NULL),
(1461, 152, 'products', 47, 779, NULL, NULL),
(1462, 152, 'products', 48, 925, NULL, NULL),
(1463, 152, 'products', 51, 926, NULL, NULL),
(1464, 152, 'products', 65, 927, NULL, NULL),
(1465, 152, 'products', 70, 928, NULL, NULL),
(1466, 152, 'products', 72, 929, NULL, NULL),
(1467, 152, 'products', 77, 930, NULL, NULL),
(1468, 152, 'products', 80, 871, NULL, NULL),
(1469, 152, 'products', 81, 872, NULL, NULL),
(1470, 152, 'products', 82, 931, NULL, NULL),
(1471, 152, 'products', 83, 839, NULL, NULL),
(1472, 153, 'products', 46, 860, NULL, NULL),
(1473, 153, 'products', 47, 934, NULL, NULL),
(1474, 153, 'products', 48, 632, NULL, NULL),
(1475, 153, 'products', 51, 1300, NULL, NULL),
(1476, 153, 'products', 65, 936, NULL, NULL),
(1477, 153, 'products', 70, 937, NULL, NULL),
(1478, 153, 'products', 72, 933, NULL, NULL),
(1479, 153, 'products', 77, 938, NULL, NULL),
(1480, 153, 'products', 80, 871, NULL, NULL),
(1481, 153, 'products', 81, 904, NULL, NULL),
(1482, 153, 'products', 82, 939, NULL, NULL),
(1483, 153, 'products', 83, 940, NULL, NULL),
(1484, 154, 'products', 46, 860, NULL, NULL),
(1485, 154, 'products', 47, 934, NULL, NULL),
(1486, 154, 'products', 48, 935, NULL, NULL),
(1487, 154, 'products', 51, 869, NULL, NULL),
(1488, 154, 'products', 65, 936, NULL, NULL),
(1489, 154, 'products', 70, 937, NULL, NULL),
(1490, 154, 'products', 72, 933, NULL, NULL),
(1491, 154, 'products', 77, 938, NULL, NULL),
(1492, 154, 'products', 80, 871, NULL, NULL),
(1493, 154, 'products', 81, 904, NULL, NULL),
(1494, 154, 'products', 82, 939, NULL, NULL),
(1495, 154, 'products', 83, 940, NULL, NULL),
(1496, 155, 'products', 46, 941, NULL, NULL),
(1497, 155, 'products', 47, 476, NULL, NULL),
(1498, 155, 'products', 48, 942, NULL, NULL),
(1499, 155, 'products', 51, 943, NULL, NULL),
(1500, 155, 'products', 65, 944, NULL, NULL),
(1501, 155, 'products', 70, 945, NULL, NULL),
(1502, 155, 'products', 72, 946, NULL, NULL),
(1503, 155, 'products', 77, 947, NULL, NULL),
(1504, 155, 'products', 80, 948, NULL, NULL),
(1505, 155, 'products', 81, 949, NULL, NULL),
(1506, 155, 'products', 82, 950, NULL, NULL),
(1507, 155, 'products', 83, 951, NULL, NULL),
(1508, 156, 'products', 46, 868, NULL, NULL),
(1509, 156, 'products', 47, 952, NULL, NULL),
(1510, 156, 'products', 48, 935, NULL, NULL),
(1511, 156, 'products', 51, 953, NULL, NULL),
(1512, 156, 'products', 65, 936, NULL, NULL),
(1513, 156, 'products', 70, 937, NULL, NULL),
(1514, 156, 'products', 72, 933, NULL, NULL),
(1515, 156, 'products', 77, 901, NULL, NULL),
(1516, 156, 'products', 80, 871, NULL, NULL),
(1517, 156, 'products', 81, 872, NULL, NULL),
(1518, 156, 'products', 82, 954, NULL, NULL),
(1519, 156, 'products', 83, 955, NULL, NULL),
(1520, 157, 'products', 46, 956, NULL, NULL),
(1521, 157, 'products', 47, 957, NULL, NULL),
(1522, 157, 'products', 48, 958, NULL, NULL),
(1523, 157, 'products', 51, 959, NULL, NULL),
(1524, 157, 'products', 65, 944, NULL, NULL),
(1525, 157, 'products', 70, 960, NULL, NULL),
(1526, 157, 'products', 72, 946, NULL, NULL),
(1527, 157, 'products', 77, 947, NULL, NULL),
(1528, 157, 'products', 80, 961, NULL, NULL),
(1529, 157, 'products', 81, 962, NULL, NULL),
(1530, 157, 'products', 82, 950, NULL, NULL),
(1531, 157, 'products', 83, 963, NULL, NULL),
(1532, 158, 'products', 46, 964, NULL, NULL),
(1533, 158, 'products', 47, 965, NULL, NULL),
(1534, 158, 'products', 51, 966, NULL, NULL),
(1535, 158, 'products', 65, 967, NULL, NULL),
(1536, 158, 'products', 68, 968, NULL, NULL),
(1537, 158, 'products', 69, 969, NULL, NULL),
(1538, 158, 'products', 73, 970, NULL, NULL),
(1539, 158, 'products', 74, 971, NULL, NULL),
(1540, 158, 'products', 77, 972, NULL, NULL),
(1541, 158, 'products', 80, 961, NULL, NULL),
(1542, 158, 'products', 81, 962, NULL, NULL),
(1543, 158, 'products', 82, 973, NULL, NULL),
(1544, 158, 'products', 83, 974, NULL, NULL),
(1545, 158, 'products', 84, 975, NULL, NULL),
(1546, 159, 'products', 46, 964, NULL, NULL),
(1547, 159, 'products', 47, 976, NULL, NULL),
(1548, 159, 'products', 51, 966, NULL, NULL),
(1549, 159, 'products', 65, 977, NULL, NULL),
(1550, 159, 'products', 68, 978, NULL, NULL),
(1551, 159, 'products', 69, 856, NULL, NULL),
(1552, 159, 'products', 73, 979, NULL, NULL),
(1553, 159, 'products', 74, 971, NULL, NULL),
(1554, 159, 'products', 77, 930, NULL, NULL),
(1555, 159, 'products', 80, 961, NULL, NULL),
(1556, 159, 'products', 81, 980, NULL, NULL),
(1557, 159, 'products', 82, 981, NULL, NULL),
(1558, 159, 'products', 83, 974, NULL, NULL),
(1559, 159, 'products', 84, 975, NULL, NULL),
(1560, 160, 'products', 46, 982, NULL, NULL),
(1561, 160, 'products', 47, 983, NULL, NULL),
(1562, 160, 'products', 51, 984, NULL, NULL),
(1563, 160, 'products', 65, 977, NULL, NULL),
(1564, 160, 'products', 68, 985, NULL, NULL),
(1565, 160, 'products', 69, 856, NULL, NULL),
(1566, 160, 'products', 73, 986, NULL, NULL),
(1567, 160, 'products', 74, 971, NULL, NULL),
(1568, 160, 'products', 77, 987, NULL, NULL),
(1569, 160, 'products', 80, 961, NULL, NULL),
(1570, 160, 'products', 81, 962, NULL, NULL),
(1571, 160, 'products', 82, 988, NULL, NULL),
(1572, 160, 'products', 83, 989, NULL, NULL),
(1573, 160, 'products', 84, 975, NULL, NULL),
(1574, 161, 'products', 46, 964, NULL, NULL),
(1575, 161, 'products', 47, 965, NULL, NULL),
(1576, 161, 'products', 51, 990, NULL, NULL),
(1577, 161, 'products', 65, 977, NULL, NULL),
(1578, 161, 'products', 68, 978, NULL, NULL),
(1579, 161, 'products', 69, 969, NULL, NULL),
(1580, 161, 'products', 73, 979, NULL, NULL),
(1581, 161, 'products', 74, 991, NULL, NULL),
(1582, 161, 'products', 77, 972, NULL, NULL),
(1583, 161, 'products', 80, 961, NULL, NULL),
(1584, 161, 'products', 81, 962, NULL, NULL),
(1585, 161, 'products', 82, 992, NULL, NULL),
(1586, 161, 'products', 83, 974, NULL, NULL),
(1587, 161, 'products', 84, 975, NULL, NULL),
(1588, 162, 'products', 46, 982, NULL, NULL),
(1589, 162, 'products', 47, 993, NULL, NULL),
(1590, 162, 'products', 51, 1301, NULL, NULL),
(1591, 162, 'products', 65, 977, NULL, NULL),
(1592, 162, 'products', 68, 985, NULL, NULL),
(1593, 162, 'products', 69, 997, NULL, NULL),
(1594, 162, 'products', 73, 986, NULL, NULL),
(1595, 162, 'products', 74, 991, NULL, NULL),
(1596, 162, 'products', 77, 972, NULL, NULL),
(1597, 162, 'products', 80, 961, NULL, NULL),
(1598, 162, 'products', 81, 962, NULL, NULL),
(1599, 162, 'products', 82, 1302, NULL, NULL),
(1600, 162, 'products', 83, 989, NULL, NULL),
(1601, 162, 'products', 84, 975, NULL, NULL),
(1602, 163, 'products', 46, 982, NULL, NULL),
(1603, 163, 'products', 47, 993, NULL, NULL),
(1604, 163, 'products', 51, 996, NULL, NULL),
(1605, 163, 'products', 65, 977, NULL, NULL),
(1606, 163, 'products', 68, 985, NULL, NULL),
(1607, 163, 'products', 69, 997, NULL, NULL),
(1608, 163, 'products', 73, 986, NULL, NULL),
(1609, 163, 'products', 74, 991, NULL, NULL),
(1610, 163, 'products', 77, 972, NULL, NULL),
(1611, 163, 'products', 80, 961, NULL, NULL),
(1612, 163, 'products', 81, 962, NULL, NULL),
(1613, 163, 'products', 82, 998, NULL, NULL),
(1614, 163, 'products', 83, 989, NULL, NULL),
(1615, 163, 'products', 84, 975, NULL, NULL),
(1616, 164, 'products', 46, 999, NULL, NULL),
(1617, 164, 'products', 47, 1000, NULL, NULL),
(1618, 164, 'products', 51, 1001, NULL, NULL),
(1619, 164, 'products', 65, 977, NULL, NULL),
(1620, 164, 'products', 68, 1002, NULL, NULL),
(1621, 164, 'products', 69, 997, NULL, NULL),
(1622, 164, 'products', 73, 1003, NULL, NULL),
(1623, 164, 'products', 74, 991, NULL, NULL),
(1624, 164, 'products', 77, 938, NULL, NULL),
(1625, 164, 'products', 80, 1004, NULL, NULL),
(1626, 164, 'products', 81, 1005, NULL, NULL),
(1627, 164, 'products', 82, 998, NULL, NULL),
(1628, 164, 'products', 83, 1006, NULL, NULL),
(1629, 164, 'products', 84, 975, NULL, NULL),
(1630, 165, 'products', 46, 591, NULL, NULL),
(1631, 165, 'products', 47, 378, NULL, NULL),
(1632, 165, 'products', 51, 795, NULL, NULL),
(1633, 165, 'products', 53, 509, NULL, NULL),
(1634, 165, 'products', 54, 500, NULL, NULL),
(1635, 165, 'products', 55, 1007, NULL, NULL),
(1636, 165, 'products', 56, 594, NULL, NULL),
(1637, 166, 'products', 46, 524, NULL, NULL),
(1638, 166, 'products', 51, 1008, NULL, NULL),
(1639, 166, 'products', 53, 519, NULL, NULL),
(1640, 166, 'products', 54, 516, NULL, NULL),
(1641, 166, 'products', 55, 1009, NULL, NULL),
(1642, 166, 'products', 56, 373, NULL, NULL),
(1643, 166, 'products', 85, 1010, NULL, NULL),
(1644, 166, 'products', 86, 1011, NULL, NULL),
(1645, 166, 'products', 87, 1012, NULL, NULL),
(1646, 167, 'products', 46, 1013, NULL, NULL),
(1647, 167, 'products', 51, 1014, NULL, NULL),
(1648, 167, 'products', 53, 465, NULL, NULL),
(1649, 167, 'products', 54, 592, NULL, NULL),
(1650, 167, 'products', 55, 1015, NULL, NULL),
(1651, 167, 'products', 56, 373, NULL, NULL),
(1652, 167, 'products', 85, 1016, NULL, NULL),
(1653, 167, 'products', 86, 1017, NULL, NULL),
(1654, 167, 'products', 87, 1018, NULL, NULL),
(1655, 168, 'products', 46, 1013, NULL, NULL),
(1656, 168, 'products', 51, 1019, NULL, NULL),
(1657, 168, 'products', 53, 605, NULL, NULL),
(1658, 168, 'products', 54, 435, NULL, NULL),
(1659, 168, 'products', 55, 1015, NULL, NULL),
(1660, 168, 'products', 56, 373, NULL, NULL),
(1661, 168, 'products', 85, 1016, NULL, NULL),
(1662, 168, 'products', 86, 1017, NULL, NULL),
(1663, 168, 'products', 87, 1018, NULL, NULL),
(1664, 169, 'products', 51, 1020, NULL, NULL),
(1665, 169, 'products', 85, 1021, NULL, NULL),
(1666, 170, 'products', 51, 623, NULL, NULL),
(1667, 170, 'products', 85, 1022, NULL, NULL),
(1668, 171, 'products', 51, 617, NULL, NULL),
(1669, 171, 'products', 85, 1023, NULL, NULL),
(1670, 172, 'products', 51, 383, NULL, NULL),
(1671, 172, 'products', 85, 1024, NULL, NULL),
(1672, 173, 'products', 51, 394, NULL, NULL),
(1673, 173, 'products', 85, 1025, NULL, NULL),
(1674, 174, 'products', 50, 1026, NULL, NULL),
(1675, 174, 'products', 51, 1027, NULL, NULL),
(1676, 174, 'products', 53, 548, NULL, NULL),
(1677, 174, 'products', 54, 1028, NULL, NULL),
(1678, 174, 'products', 88, 1029, NULL, NULL),
(1679, 174, 'products', 89, 1030, NULL, NULL),
(1680, 174, 'products', 90, 1031, NULL, NULL),
(1681, 174, 'products', 91, 1032, NULL, NULL),
(1682, 174, 'products', 92, 1033, NULL, NULL),
(1683, 174, 'products', 93, 1034, NULL, NULL),
(1684, 174, 'products', 94, 1035, NULL, NULL),
(1685, 174, 'products', 95, 1036, NULL, NULL),
(1686, 175, 'products', 50, 1026, NULL, NULL),
(1687, 175, 'products', 51, 1037, NULL, NULL),
(1688, 175, 'products', 53, 1038, NULL, NULL),
(1689, 175, 'products', 54, 1039, NULL, NULL),
(1690, 175, 'products', 88, 1040, NULL, NULL),
(1691, 175, 'products', 89, 1030, NULL, NULL),
(1692, 175, 'products', 90, 1041, NULL, NULL),
(1693, 175, 'products', 91, 1042, NULL, NULL),
(1694, 175, 'products', 92, 1043, NULL, NULL),
(1695, 175, 'products', 93, 1034, NULL, NULL),
(1696, 175, 'products', 94, 1044, NULL, NULL),
(1697, 175, 'products', 95, 1036, NULL, NULL),
(1698, 176, 'products', 50, 1026, NULL, NULL),
(1699, 176, 'products', 51, 1045, NULL, NULL),
(1700, 176, 'products', 53, 1038, NULL, NULL),
(1701, 176, 'products', 54, 1039, NULL, NULL),
(1702, 176, 'products', 88, 1040, NULL, NULL),
(1703, 176, 'products', 89, 1030, NULL, NULL),
(1704, 176, 'products', 90, 1041, NULL, NULL),
(1705, 176, 'products', 91, 1042, NULL, NULL),
(1706, 176, 'products', 92, 1043, NULL, NULL),
(1707, 176, 'products', 93, 1034, NULL, NULL),
(1708, 176, 'products', 94, 1044, NULL, NULL),
(1709, 176, 'products', 95, 1046, NULL, NULL),
(1710, 177, 'products', 50, 1026, NULL, NULL),
(1711, 177, 'products', 51, 1047, NULL, NULL),
(1712, 177, 'products', 53, 1038, NULL, NULL),
(1713, 177, 'products', 54, 1039, NULL, NULL),
(1714, 177, 'products', 88, 1048, NULL, NULL),
(1715, 177, 'products', 89, 1049, NULL, NULL),
(1716, 177, 'products', 90, 1050, NULL, NULL),
(1717, 177, 'products', 91, 1051, NULL, NULL),
(1718, 177, 'products', 92, 1052, NULL, NULL),
(1719, 177, 'products', 93, 1034, NULL, NULL),
(1720, 177, 'products', 94, 1044, NULL, NULL),
(1721, 177, 'products', 95, 1053, NULL, NULL),
(1722, 178, 'products', 50, 1026, NULL, NULL),
(1723, 178, 'products', 51, 1054, NULL, NULL),
(1724, 178, 'products', 53, 1055, NULL, NULL),
(1725, 178, 'products', 54, 640, NULL, NULL),
(1726, 178, 'products', 88, 1056, NULL, NULL),
(1727, 178, 'products', 89, 1057, NULL, NULL),
(1728, 178, 'products', 90, 1050, NULL, NULL),
(1729, 178, 'products', 91, 1058, NULL, NULL),
(1730, 178, 'products', 92, 1033, NULL, NULL),
(1731, 178, 'products', 93, 1034, NULL, NULL),
(1732, 178, 'products', 94, 1044, NULL, NULL),
(1733, 178, 'products', 95, 1059, NULL, NULL),
(1734, 179, 'products', 50, 1026, NULL, NULL),
(1735, 179, 'products', 51, 852, NULL, NULL),
(1736, 179, 'products', 53, 1060, NULL, NULL),
(1737, 179, 'products', 54, 1061, NULL, NULL),
(1738, 179, 'products', 88, 1062, NULL, NULL),
(1739, 179, 'products', 89, 1063, NULL, NULL),
(1740, 179, 'products', 90, 1064, NULL, NULL),
(1741, 179, 'products', 91, 1065, NULL, NULL),
(1742, 179, 'products', 92, 1043, NULL, NULL),
(1743, 179, 'products', 93, 1034, NULL, NULL),
(1744, 179, 'products', 94, 1044, NULL, NULL),
(1745, 179, 'products', 95, 1066, NULL, NULL),
(1746, 180, 'products', 50, 1026, NULL, NULL),
(1747, 180, 'products', 51, 852, NULL, NULL),
(1748, 180, 'products', 53, 1060, NULL, NULL),
(1749, 180, 'products', 54, 1061, NULL, NULL),
(1750, 180, 'products', 88, 1067, NULL, NULL),
(1751, 180, 'products', 89, 1063, NULL, NULL),
(1752, 180, 'products', 90, 1068, NULL, NULL),
(1753, 180, 'products', 91, 1069, NULL, NULL),
(1754, 180, 'products', 92, 1043, NULL, NULL),
(1755, 180, 'products', 93, 1034, NULL, NULL),
(1756, 180, 'products', 94, 1044, NULL, NULL),
(1757, 180, 'products', 95, 1066, NULL, NULL),
(1758, 181, 'products', 50, 1026, NULL, NULL),
(1759, 181, 'products', 51, 926, NULL, NULL),
(1760, 181, 'products', 53, 1070, NULL, NULL),
(1761, 181, 'products', 54, 1071, NULL, NULL),
(1762, 181, 'products', 88, 1072, NULL, NULL),
(1763, 181, 'products', 89, 1073, NULL, NULL),
(1764, 181, 'products', 90, 1074, NULL, NULL),
(1765, 181, 'products', 91, 1075, NULL, NULL),
(1766, 181, 'products', 92, 1076, NULL, NULL),
(1767, 181, 'products', 93, 1034, NULL, NULL),
(1768, 181, 'products', 94, 1077, NULL, NULL),
(1769, 181, 'products', 95, 1078, NULL, NULL),
(1770, 182, 'products', 50, 1026, NULL, NULL),
(1771, 182, 'products', 51, 1079, NULL, NULL),
(1772, 182, 'products', 53, 1080, NULL, NULL),
(1773, 182, 'products', 54, 1081, NULL, NULL),
(1774, 182, 'products', 88, 1082, NULL, NULL),
(1775, 182, 'products', 89, 1073, NULL, NULL),
(1776, 182, 'products', 90, 1083, NULL, NULL),
(1777, 182, 'products', 91, 1084, NULL, NULL),
(1778, 182, 'products', 92, 1076, NULL, NULL),
(1779, 182, 'products', 93, 1085, NULL, NULL),
(1780, 182, 'products', 94, 1086, NULL, NULL),
(1781, 182, 'products', 95, 1087, NULL, NULL),
(1782, 183, 'products', 50, 1026, NULL, NULL),
(1783, 183, 'products', 51, 1088, NULL, NULL),
(1784, 183, 'products', 53, 1089, NULL, NULL),
(1785, 183, 'products', 54, 1090, NULL, NULL),
(1786, 183, 'products', 88, 1091, NULL, NULL),
(1787, 183, 'products', 90, 1092, NULL, NULL),
(1788, 183, 'products', 91, 1093, NULL, NULL),
(1789, 183, 'products', 92, 1043, NULL, NULL),
(1790, 183, 'products', 93, 1085, NULL, NULL),
(1791, 183, 'products', 94, 1086, NULL, NULL),
(1792, 183, 'products', 95, 1087, NULL, NULL),
(1793, 184, 'products', 50, 1026, NULL, NULL),
(1794, 184, 'products', 51, 1094, NULL, NULL),
(1795, 184, 'products', 53, 585, NULL, NULL),
(1796, 184, 'products', 54, 1095, NULL, NULL),
(1797, 184, 'products', 88, 1096, NULL, NULL),
(1798, 184, 'products', 90, 1097, NULL, NULL),
(1799, 184, 'products', 91, 1098, NULL, NULL),
(1800, 184, 'products', 92, 1043, NULL, NULL),
(1801, 184, 'products', 93, 1085, NULL, NULL),
(1802, 184, 'products', 94, 1086, NULL, NULL),
(1803, 184, 'products', 95, 1099, NULL, NULL),
(1804, 185, 'products', 51, 688, NULL, NULL),
(1805, 185, 'products', 53, 758, NULL, NULL),
(1806, 185, 'products', 93, 1100, NULL, NULL),
(1807, 185, 'products', 96, 1101, NULL, NULL),
(1808, 185, 'products', 97, 1102, NULL, NULL),
(1809, 185, 'products', 98, 1103, NULL, NULL),
(1810, 185, 'products', 99, 1104, NULL, NULL),
(1811, 185, 'products', 100, 1105, NULL, NULL),
(1812, 185, 'products', 101, 1106, NULL, NULL),
(1813, 186, 'products', 51, 1107, NULL, NULL),
(1814, 186, 'products', 53, 1108, NULL, NULL),
(1815, 186, 'products', 93, 1100, NULL, NULL),
(1816, 186, 'products', 96, 1101, NULL, NULL),
(1817, 186, 'products', 97, 1102, NULL, NULL),
(1818, 186, 'products', 98, 1109, NULL, NULL),
(1819, 186, 'products', 99, 1110, NULL, NULL),
(1820, 186, 'products', 100, 1111, NULL, NULL),
(1821, 186, 'products', 101, 1106, NULL, NULL),
(1822, 187, 'products', 51, 1303, NULL, NULL),
(1823, 187, 'products', 53, 1304, NULL, NULL),
(1824, 187, 'products', 93, 1100, NULL, NULL),
(1825, 187, 'products', 96, 1305, NULL, NULL),
(1826, 187, 'products', 97, 1102, NULL, NULL),
(1827, 187, 'products', 98, 1306, NULL, NULL),
(1828, 187, 'products', 99, 1307, NULL, NULL),
(1829, 187, 'products', 100, 1308, NULL, NULL),
(1830, 187, 'products', 101, 1309, NULL, NULL),
(1831, 188, 'products', 48, 1114, NULL, NULL),
(1832, 188, 'products', 51, 895, NULL, NULL),
(1833, 188, 'products', 85, 1115, NULL, NULL),
(1834, 188, 'products', 102, 1116, NULL, NULL),
(1835, 189, 'products', 43, 490, NULL, NULL),
(1836, 189, 'products', 48, 1114, NULL, NULL),
(1837, 189, 'products', 49, 484, NULL, NULL),
(1838, 189, 'products', 51, 883, NULL, NULL),
(1839, 189, 'products', 53, 1117, NULL, NULL),
(1840, 189, 'products', 54, 1118, NULL, NULL),
(1841, 189, 'products', 85, 1115, NULL, NULL),
(1842, 189, 'products', 102, 1119, NULL, NULL),
(1843, 190, 'products', 46, 1120, NULL, NULL),
(1844, 190, 'products', 47, 1121, NULL, NULL),
(1845, 190, 'products', 51, 1079, NULL, NULL),
(1846, 190, 'products', 77, 938, NULL, NULL),
(1847, 190, 'products', 80, 1122, NULL, NULL),
(1848, 190, 'products', 81, 1123, NULL, NULL),
(1849, 190, 'products', 83, 1124, NULL, NULL),
(1850, 190, 'products', 103, 1125, NULL, NULL),
(1851, 190, 'products', 104, 1126, NULL, NULL),
(1852, 191, 'products', 46, 1120, NULL, NULL),
(1853, 191, 'products', 47, 1121, NULL, NULL),
(1854, 191, 'products', 51, 1127, NULL, NULL),
(1855, 191, 'products', 77, 938, NULL, NULL),
(1856, 191, 'products', 80, 825, NULL, NULL),
(1857, 191, 'products', 81, 1128, NULL, NULL),
(1858, 191, 'products', 83, 1124, NULL, NULL),
(1859, 191, 'products', 103, 1129, NULL, NULL),
(1860, 191, 'products', 104, 1130, NULL, NULL),
(1863, 192, 'products', 51, 884, NULL, NULL),
(1865, 192, 'products', 80, 1310, NULL, NULL),
(1866, 192, 'products', 81, 1311, NULL, NULL),
(1868, 192, 'products', 103, 1151, NULL, NULL),
(1869, 192, 'products', 104, 1312, NULL, NULL),
(1870, 193, 'products', 49, 1138, NULL, NULL),
(1871, 193, 'products', 51, 818, NULL, NULL),
(1872, 193, 'products', 76, 1139, NULL, NULL),
(1873, 193, 'products', 80, 1140, NULL, NULL),
(1874, 193, 'products', 81, 1141, NULL, NULL),
(1875, 193, 'products', 103, 1142, NULL, NULL),
(1876, 193, 'products', 104, 1143, NULL, NULL),
(1877, 194, 'products', 49, 1138, NULL, NULL),
(1878, 194, 'products', 51, 843, NULL, NULL),
(1879, 194, 'products', 76, 1139, NULL, NULL),
(1880, 194, 'products', 80, 1122, NULL, NULL),
(1881, 194, 'products', 81, 1144, NULL, NULL),
(1882, 194, 'products', 103, 1145, NULL, NULL),
(1883, 194, 'products', 104, 1146, NULL, NULL),
(1884, 195, 'products', 49, 1149, NULL, NULL),
(1885, 195, 'products', 51, 843, NULL, NULL),
(1886, 195, 'products', 76, 1313, NULL, NULL),
(1887, 195, 'products', 80, 1314, NULL, NULL),
(1888, 195, 'products', 81, 1315, NULL, NULL),
(1889, 195, 'products', 103, 1151, NULL, NULL),
(1890, 195, 'products', 104, 1316, NULL, NULL),
(1891, 196, 'products', 49, 1138, NULL, NULL),
(1892, 196, 'products', 51, 854, NULL, NULL),
(1893, 196, 'products', 76, 1139, NULL, NULL),
(1894, 196, 'products', 80, 836, NULL, NULL),
(1895, 196, 'products', 81, 1147, NULL, NULL),
(1896, 196, 'products', 103, 1142, NULL, NULL),
(1897, 196, 'products', 104, 1148, NULL, NULL),
(1898, 197, 'products', 49, 1149, NULL, NULL),
(1899, 197, 'products', 51, 854, NULL, NULL),
(1900, 197, 'products', 76, 1150, NULL, NULL),
(1901, 197, 'products', 80, 847, NULL, NULL),
(1902, 197, 'products', 81, 1147, NULL, NULL),
(1903, 197, 'products', 103, 1151, NULL, NULL),
(1904, 197, 'products', 104, 1152, NULL, NULL),
(1905, 198, 'products', 49, 1138, NULL, NULL),
(1906, 198, 'products', 51, 1153, NULL, NULL),
(1907, 198, 'products', 76, 1150, NULL, NULL),
(1908, 198, 'products', 80, 1154, NULL, NULL),
(1909, 198, 'products', 81, 1155, NULL, NULL),
(1910, 198, 'products', 103, 1156, NULL, NULL),
(1911, 198, 'products', 104, 1157, NULL, NULL),
(1912, 199, 'products', 49, 1149, NULL, NULL),
(1913, 199, 'products', 51, 1153, NULL, NULL),
(1914, 199, 'products', 76, 1158, NULL, NULL),
(1915, 199, 'products', 80, 847, NULL, NULL),
(1916, 199, 'products', 81, 1135, NULL, NULL),
(1917, 199, 'products', 103, 1159, NULL, NULL),
(1918, 199, 'products', 104, 1157, NULL, NULL),
(1919, 200, 'products', 46, 524, NULL, NULL),
(1920, 200, 'products', 51, 368, NULL, NULL),
(1921, 200, 'products', 53, 504, NULL, NULL),
(1922, 200, 'products', 54, 516, NULL, NULL),
(1923, 200, 'products', 56, 373, NULL, NULL),
(1924, 200, 'products', 91, 1160, NULL, NULL),
(1925, 200, 'products', 105, 1161, NULL, NULL),
(1926, 200, 'products', 106, 1162, NULL, NULL),
(1927, 200, 'products', 107, 1163, NULL, NULL),
(1928, 201, 'products', 46, 524, NULL, NULL),
(1929, 201, 'products', 51, 584, NULL, NULL),
(1930, 201, 'products', 53, 504, NULL, NULL),
(1931, 201, 'products', 54, 516, NULL, NULL),
(1932, 201, 'products', 56, 373, NULL, NULL),
(1933, 201, 'products', 91, 1160, NULL, NULL),
(1934, 201, 'products', 105, 1164, NULL, NULL),
(1935, 201, 'products', 106, 1165, NULL, NULL),
(1936, 201, 'products', 107, 1166, NULL, NULL),
(1937, 202, 'products', 46, 524, NULL, NULL),
(1938, 202, 'products', 51, 1167, NULL, NULL),
(1939, 202, 'products', 53, 434, NULL, NULL),
(1940, 202, 'products', 54, 510, NULL, NULL),
(1941, 202, 'products', 56, 373, NULL, NULL),
(1942, 202, 'products', 91, 1168, NULL, NULL),
(1943, 202, 'products', 105, 1169, NULL, NULL),
(1944, 202, 'products', 106, 1170, NULL, NULL),
(1945, 202, 'products', 107, 1171, NULL, NULL),
(1946, 203, 'products', 46, 1013, NULL, NULL),
(1947, 203, 'products', 51, 650, NULL, NULL),
(1948, 203, 'products', 53, 605, NULL, NULL),
(1949, 203, 'products', 54, 670, NULL, NULL),
(1950, 203, 'products', 56, 373, NULL, NULL),
(1951, 203, 'products', 91, 1065, NULL, NULL),
(1952, 203, 'products', 105, 1172, NULL, NULL),
(1953, 203, 'products', 106, 1173, NULL, NULL),
(1954, 203, 'products', 107, 1174, NULL, NULL),
(1955, 204, 'products', 46, 1175, NULL, NULL),
(1956, 204, 'products', 51, 1176, NULL, NULL),
(1957, 204, 'products', 53, 444, NULL, NULL),
(1958, 204, 'products', 54, 670, NULL, NULL),
(1959, 204, 'products', 56, 594, NULL, NULL),
(1960, 204, 'products', 91, 1177, NULL, NULL),
(1961, 204, 'products', 105, 1178, NULL, NULL),
(1962, 204, 'products', 106, 1179, NULL, NULL),
(1963, 204, 'products', 107, 1180, NULL, NULL),
(1964, 205, 'products', 46, 1175, NULL, NULL),
(1965, 205, 'products', 51, 650, NULL, NULL),
(1966, 205, 'products', 53, 370, NULL, NULL),
(1967, 205, 'products', 54, 670, NULL, NULL),
(1968, 205, 'products', 56, 594, NULL, NULL),
(1969, 205, 'products', 91, 1181, NULL, NULL),
(1970, 205, 'products', 105, 1182, NULL, NULL),
(1971, 205, 'products', 106, 1183, NULL, NULL),
(1972, 205, 'products', 107, 1184, NULL, NULL),
(1973, 206, 'products', 46, 1175, NULL, NULL),
(1974, 206, 'products', 51, 775, NULL, NULL),
(1975, 206, 'products', 53, 605, NULL, NULL),
(1976, 206, 'products', 54, 592, NULL, NULL),
(1977, 206, 'products', 56, 594, NULL, NULL),
(1978, 206, 'products', 91, 1181, NULL, NULL),
(1979, 206, 'products', 105, 1185, NULL, NULL),
(1980, 206, 'products', 106, 1186, NULL, NULL),
(1981, 206, 'products', 107, 1184, NULL, NULL),
(1982, 207, 'products', 46, 1187, NULL, NULL),
(1983, 207, 'products', 51, 654, NULL, NULL),
(1984, 207, 'products', 53, 451, NULL, NULL),
(1985, 207, 'products', 54, 380, NULL, NULL),
(1986, 207, 'products', 56, 594, NULL, NULL),
(1987, 207, 'products', 91, 1075, NULL, NULL),
(1988, 207, 'products', 105, 1188, NULL, NULL),
(1989, 207, 'products', 106, 1189, NULL, NULL),
(1990, 207, 'products', 107, 1190, NULL, NULL),
(1991, 208, 'products', 43, 1191, NULL, NULL),
(1992, 208, 'products', 49, 1192, NULL, NULL),
(1993, 208, 'products', 51, 621, NULL, NULL),
(1994, 208, 'products', 53, 1089, NULL, NULL),
(1995, 208, 'products', 54, 578, NULL, NULL),
(1996, 208, 'products', 105, 1193, NULL, NULL),
(1997, 208, 'products', 106, 1194, NULL, NULL),
(1998, 208, 'products', 107, 1195, NULL, NULL),
(1999, 209, 'products', 43, 483, NULL, NULL),
(2000, 209, 'products', 49, 484, NULL, NULL),
(2001, 209, 'products', 51, 619, NULL, NULL),
(2002, 209, 'products', 53, 1196, NULL, NULL),
(2003, 209, 'products', 54, 1197, NULL, NULL),
(2004, 209, 'products', 105, 1198, NULL, NULL),
(2005, 209, 'products', 106, 1199, NULL, NULL),
(2006, 209, 'products', 107, 1200, NULL, NULL),
(2007, 210, 'products', 43, 490, NULL, NULL),
(2008, 210, 'products', 49, 484, NULL, NULL),
(2009, 210, 'products', 51, 433, NULL, NULL),
(2010, 210, 'products', 53, 1196, NULL, NULL),
(2011, 210, 'products', 54, 1197, NULL, NULL),
(2012, 210, 'products', 105, 1164, NULL, NULL),
(2013, 210, 'products', 106, 1201, NULL, NULL),
(2014, 210, 'products', 107, 1202, NULL, NULL),
(2015, 211, 'products', 43, 490, NULL, NULL),
(2016, 211, 'products', 49, 484, NULL, NULL),
(2017, 211, 'products', 51, 627, NULL, NULL),
(2018, 211, 'products', 53, 548, NULL, NULL),
(2019, 211, 'products', 54, 1197, NULL, NULL),
(2020, 211, 'products', 105, 1203, NULL, NULL),
(2021, 211, 'products', 106, 1204, NULL, NULL),
(2022, 211, 'products', 107, 1205, NULL, NULL),
(2023, 212, 'products', 43, 490, NULL, NULL),
(2024, 212, 'products', 49, 484, NULL, NULL),
(2025, 212, 'products', 51, 607, NULL, NULL),
(2026, 212, 'products', 53, 548, NULL, NULL),
(2027, 212, 'products', 54, 549, NULL, NULL),
(2028, 212, 'products', 105, 1206, NULL, NULL),
(2029, 212, 'products', 106, 1207, NULL, NULL),
(2030, 212, 'products', 107, 1208, NULL, NULL),
(2031, 213, 'products', 49, 502, NULL, NULL),
(2032, 213, 'products', 51, 1209, NULL, NULL),
(2033, 213, 'products', 53, 558, NULL, NULL),
(2034, 213, 'products', 54, 500, NULL, NULL),
(2035, 213, 'products', 91, 1210, NULL, NULL),
(2036, 213, 'products', 105, 1198, NULL, NULL),
(2037, 213, 'products', 106, 1211, NULL, NULL),
(2038, 213, 'products', 107, 1212, NULL, NULL),
(2039, 214, 'products', 46, 524, NULL, NULL),
(2040, 214, 'products', 51, 688, NULL, NULL),
(2041, 214, 'products', 53, 519, NULL, NULL),
(2042, 214, 'products', 54, 520, NULL, NULL),
(2043, 214, 'products', 55, 1213, NULL, NULL),
(2044, 214, 'products', 56, 373, NULL, NULL),
(2045, 214, 'products', 91, 1160, NULL, NULL),
(2046, 214, 'products', 108, 1214, NULL, NULL),
(2047, 214, 'products', 109, 1215, NULL, NULL),
(2048, 215, 'products', 46, 524, NULL, NULL),
(2049, 215, 'products', 51, 692, NULL, NULL),
(2050, 215, 'products', 53, 515, NULL, NULL),
(2051, 215, 'products', 54, 693, NULL, NULL),
(2052, 215, 'products', 55, 1216, NULL, NULL),
(2053, 215, 'products', 56, 373, NULL, NULL),
(2054, 215, 'products', 91, 1168, NULL, NULL),
(2055, 215, 'products', 108, 1217, NULL, NULL),
(2056, 215, 'products', 109, 1215, NULL, NULL),
(2057, 216, 'products', 49, 638, NULL, NULL),
(2058, 216, 'products', 51, 639, NULL, NULL),
(2059, 216, 'products', 53, 577, NULL, NULL),
(2060, 216, 'products', 54, 640, NULL, NULL),
(2061, 216, 'products', 55, 641, NULL, NULL),
(2065, 35, 'products', 42, 417, NULL, NULL),
(2066, 35, 'products', 49, 502, NULL, NULL),
(2067, 35, 'products', 50, 513, NULL, NULL),
(2068, 35, 'products', 57, 424, NULL, NULL),
(2069, 35, 'products', 58, 410, NULL, NULL),
(2070, 33, 'products', 44, 530, NULL, NULL),
(2071, 33, 'products', 45, 588, NULL, NULL),
(2072, 33, 'products', 46, 1237, NULL, NULL),
(2073, 33, 'products', 47, 669, NULL, NULL),
(2074, 33, 'products', 56, 373, NULL, NULL),
(2075, 33, 'products', 60, 1239, NULL, NULL),
(2076, 39, 'products', 43, 636, NULL, NULL),
(2077, 39, 'products', 49, 638, NULL, NULL),
(2078, 40, 'products', 43, 1191, NULL, NULL),
(2079, 40, 'products', 49, 1192, NULL, NULL),
(2080, 216, 'products', 43, 636, NULL, NULL),
(2081, 216, 'products', 44, 637, NULL, NULL),
(2082, 216, 'products', 57, 642, NULL, NULL),
(2083, 216, 'products', 58, 375, NULL, NULL),
(2084, 78, 'products', 46, 643, NULL, NULL),
(2085, 78, 'products', 47, 644, NULL, NULL),
(2086, 78, 'products', 56, 373, NULL, NULL),
(2087, 78, 'products', 60, 1254, NULL, NULL),
(2088, 78, 'products', 61, 1255, NULL, NULL),
(2089, 78, 'products', 62, 1256, NULL, NULL),
(2090, 106, 'products', 43, 1191, NULL, NULL),
(2091, 106, 'products', 49, 1192, NULL, NULL),
(2092, 138, 'products', 43, 483, NULL, NULL),
(2093, 138, 'products', 49, 484, NULL, NULL),
(2094, 138, 'products', 78, 879, NULL, NULL),
(2095, 149, 'products', 46, 860, NULL, NULL),
(2096, 149, 'products', 47, 779, NULL, NULL),
(2097, 149, 'products', 83, 1299, NULL, NULL),
(2098, 192, 'products', 49, 1138, NULL, NULL),
(2099, 192, 'products', 76, 1139, NULL, NULL),
(2168, 1, 'products', 42, 365, NULL, NULL),
(2169, 1, 'products', 43, 0, NULL, NULL),
(2170, 1, 'products', 44, 0, NULL, NULL),
(2171, 1, 'products', 45, 0, NULL, NULL),
(2172, 1, 'products', 46, 366, NULL, NULL),
(2173, 1, 'products', 47, 367, NULL, NULL),
(2174, 1, 'products', 48, 0, NULL, NULL),
(2175, 1, 'products', 49, 0, NULL, NULL),
(2176, 1, 'products', 50, 0, NULL, NULL),
(2177, 1, 'products', 51, 368, NULL, NULL),
(2178, 1, 'products', 52, 369, NULL, NULL),
(2179, 1, 'products', 53, 370, NULL, NULL),
(2180, 1, 'products', 54, 371, NULL, NULL),
(2181, 1, 'products', 55, 372, NULL, NULL),
(2182, 1, 'products', 56, 373, NULL, NULL),
(2183, 1, 'products', 57, 374, NULL, NULL),
(2184, 1, 'products', 58, 375, NULL, NULL),
(2185, 1, 'products', 59, 376, NULL, NULL),
(2186, 1, 'products', 60, 0, NULL, NULL),
(2187, 1, 'products', 61, 0, NULL, NULL),
(2188, 1, 'products', 62, 0, NULL, NULL),
(2189, 1, 'products', 63, 0, NULL, NULL),
(2190, 1, 'products', 64, 0, NULL, NULL),
(2191, 1, 'products', 65, 0, NULL, NULL),
(2192, 1, 'products', 66, 0, NULL, NULL),
(2193, 1, 'products', 67, 0, NULL, NULL),
(2194, 1, 'products', 68, 0, NULL, NULL),
(2195, 1, 'products', 69, 0, NULL, NULL),
(2196, 1, 'products', 70, 0, NULL, NULL),
(2197, 1, 'products', 71, 0, NULL, NULL),
(2198, 1, 'products', 72, 0, NULL, NULL),
(2199, 1, 'products', 73, 0, NULL, NULL),
(2200, 1, 'products', 74, 0, NULL, NULL),
(2201, 1, 'products', 75, 0, NULL, NULL),
(2202, 1, 'products', 76, 0, NULL, NULL),
(2203, 1, 'products', 77, 0, NULL, NULL),
(2204, 1, 'products', 78, 0, NULL, NULL),
(2205, 1, 'products', 79, 0, NULL, NULL),
(2206, 1, 'products', 80, 0, NULL, NULL),
(2207, 1, 'products', 81, 0, NULL, NULL),
(2208, 1, 'products', 82, 0, NULL, NULL),
(2209, 1, 'products', 83, 0, NULL, NULL),
(2210, 1, 'products', 84, 0, NULL, NULL),
(2211, 1, 'products', 85, 0, NULL, NULL),
(2212, 1, 'products', 86, 0, NULL, NULL),
(2213, 1, 'products', 87, 0, NULL, NULL),
(2214, 1, 'products', 88, 0, NULL, NULL),
(2215, 1, 'products', 89, 0, NULL, NULL),
(2216, 1, 'products', 90, 0, NULL, NULL),
(2217, 1, 'products', 91, 0, NULL, NULL),
(2218, 1, 'products', 92, 0, NULL, NULL),
(2219, 1, 'products', 93, 0, NULL, NULL),
(2220, 1, 'products', 94, 0, NULL, NULL),
(2221, 1, 'products', 95, 0, NULL, NULL),
(2222, 1, 'products', 96, 0, NULL, NULL),
(2223, 1, 'products', 97, 0, NULL, NULL),
(2224, 1, 'products', 98, 0, NULL, NULL),
(2225, 1, 'products', 99, 0, NULL, NULL),
(2226, 1, 'products', 100, 0, NULL, NULL),
(2227, 1, 'products', 101, 0, NULL, NULL),
(2228, 1, 'products', 102, 0, NULL, NULL),
(2229, 1, 'products', 103, 0, NULL, NULL),
(2230, 1, 'products', 104, 0, NULL, NULL),
(2231, 1, 'products', 105, 0, NULL, NULL),
(2232, 1, 'products', 106, 0, NULL, NULL),
(2233, 1, 'products', 107, 0, NULL, NULL),
(2234, 1, 'products', 108, 0, NULL, NULL),
(2235, 1, 'products', 109, 0, NULL, NULL);

-- --------------------------------------------------------

--
-- Table structure for table `lite_filter_value_categories`
--

CREATE TABLE `lite_filter_value_categories` (
  `filter_value_id` int NOT NULL,
  `category_id` int NOT NULL
) ENGINE=InnoDB DEFAULT CHARSET=utf8 COLLATE=utf8_lithuanian_ci;

-- --------------------------------------------------------

--
-- Table structure for table `lite_infoblocks`
--

CREATE TABLE `lite_infoblocks` (
  `id` int NOT NULL,
  `name` varchar(100) CHARACTER SET utf8 COLLATE utf8_lithuanian_ci NOT NULL,
  `url` varchar(255) CHARACTER SET utf8 COLLATE utf8_lithuanian_ci NOT NULL,
  `content` text CHARACTER SET utf8 COLLATE utf8_lithuanian_ci NOT NULL,
  `active` tinyint NOT NULL DEFAULT '1',
  `position` int DEFAULT NULL,
  `alias` varchar(50) CHARACTER SET utf8 COLLATE utf8_lithuanian_ci DEFAULT NULL
) ENGINE=InnoDB DEFAULT CHARSET=utf8 COLLATE=utf8_lithuanian_ci;

--
-- Dumping data for table `lite_infoblocks`
--

INSERT INTO `lite_infoblocks` (`id`, `name`, `url`, `content`, `active`, `position`, `alias`) VALUES
(1, 'Kontaktai', '', '&lt;p&gt;&lt;img src=&quot;/images/logo.png&quot; alt=&quot;&quot; width=&quot;auto&quot; height=&quot;30&quot; /&gt;&lt;/p&gt;\r\n&lt;h4&gt;UAB &amp;bdquo;Electronic lab&amp;ldquo;&lt;/h4&gt;\r\n&lt;p&gt;&lt;span&gt;Tel.: +370 5 276 26 26&lt;/span&gt;&lt;br /&gt;&lt;span&gt;&lt;a href=&quot;mailto:info@e-lab.lt&quot;&gt;info@e-lab.lt&lt;/a&gt;&lt;span&gt;&amp;nbsp;&lt;/span&gt;&lt;/span&gt;&lt;br /&gt;Žirmūnų g. 70, Vilnius&lt;/p&gt;', 1, 1, 'contacts'),
(2, 'Bendraukime', '', '&lt;div class=&quot;row&quot;&gt;\r\n&lt;div class=&quot;col-xs-6&quot;&gt;\r\n&lt;h4&gt;BENDRAUKIME&lt;/h4&gt;\r\n&lt;p&gt;Sekite mus socialiuoniuose tinkluose&lt;/p&gt;\r\n&lt;/div&gt;\r\n&lt;div class=&quot;col-xs-6&quot;&gt;&lt;span style=&quot;font-size: 200%;&quot;&gt;&lt;a title=&quot;Facebook&quot; href=&quot;#&quot;&gt;&lt;span class=&quot;fa mceNonEditable&quot;&gt;&lt;/span&gt;&lt;/a&gt;&amp;nbsp;&lt;a title=&quot;Twitter&quot; href=&quot;#&quot;&gt;&lt;span class=&quot;fa mceNonEditable&quot;&gt;&lt;/span&gt;&lt;/a&gt; &lt;a title=&quot;Instagram&quot; href=&quot;#&quot;&gt;&lt;span class=&quot;fa mceNonEditable&quot;&gt;&lt;/span&gt;&lt;/a&gt;&lt;/span&gt;&lt;/div&gt;\r\n&lt;/div&gt;\r\n&lt;p&gt;&amp;nbsp;&lt;/p&gt;', 1, 2, 'social'),
(3, 'Pristatymas', 'asdasd', '&lt;p&gt;sdgdsg&lt;/p&gt;', 1, 3, 'advantage'),
(4, 'Kazkas dar', 'asdasdas', '&lt;p&gt;fdgsdgd&lt;/p&gt;', 1, 4, 'advantage'),
(5, 'Originalios prekes', 'copyrgiht', '&lt;p&gt;asfsadf&lt;/p&gt;', 1, 5, 'advantage');

-- --------------------------------------------------------

--
-- Table structure for table `lite_languages`
--

CREATE TABLE `lite_languages` (
  `id` int NOT NULL,
  `language` varchar(2) CHARACTER SET utf8 COLLATE utf8_lithuanian_ci DEFAULT NULL,
  `facebook_locale` varchar(10) CHARACTER SET utf8 COLLATE utf8_lithuanian_ci DEFAULT NULL,
  `name` varchar(255) CHARACTER SET utf8 COLLATE utf8_lithuanian_ci NOT NULL,
  `frontend` tinyint DEFAULT '0',
  `backend` tinyint DEFAULT '0',
  `default` tinyint NOT NULL DEFAULT '0'
) ENGINE=InnoDB DEFAULT CHARSET=utf8 COLLATE=utf8_lithuanian_ci;

--
-- Dumping data for table `lite_languages`
--

INSERT INTO `lite_languages` (`id`, `language`, `facebook_locale`, `name`, `frontend`, `backend`, `default`) VALUES
(1, 'lt', 'lt_LT', 'Lietuvių', 1, 1, 0),
(2, 'ru', 'ru_RU', 'Rusų', 0, 0, 0),
(3, 'en', 'en_GB', 'Anglų', 1, 0, 0);

-- --------------------------------------------------------

--
-- Table structure for table `lite_menu_columns`
--

CREATE TABLE `lite_menu_columns` (
  `id` int NOT NULL,
  `menu_group_id` int NOT NULL,
  `name` varchar(100) CHARACTER SET utf8 COLLATE utf8_lithuanian_ci DEFAULT NULL,
  `columns` tinyint NOT NULL DEFAULT '1',
  `new_column` tinyint NOT NULL DEFAULT '1',
  `active` tinyint NOT NULL DEFAULT '0',
  `position` int NOT NULL DEFAULT '1',
  `type` varchar(30) CHARACTER SET utf8 COLLATE utf8_lithuanian_ci NOT NULL DEFAULT 'menu_items',
  `link` varchar(255) CHARACTER SET utf8 COLLATE utf8_lithuanian_ci DEFAULT NULL,
  `show_all_button_text` varchar(200) CHARACTER SET utf8 COLLATE utf8_lithuanian_ci DEFAULT NULL,
  `link_name` varchar(100) CHARACTER SET utf8 COLLATE utf8_lithuanian_ci DEFAULT NULL,
  `html` text CHARACTER SET utf8 COLLATE utf8_lithuanian_ci,
  `new_window` tinyint NOT NULL DEFAULT '0'
) ENGINE=InnoDB DEFAULT CHARSET=utf8 COLLATE=utf8_lithuanian_ci;

-- --------------------------------------------------------

--
-- Table structure for table `lite_menu_groups`
--

CREATE TABLE `lite_menu_groups` (
  `id` int NOT NULL,
  `name` varchar(100) CHARACTER SET utf8 COLLATE utf8_lithuanian_ci NOT NULL,
  `type` varchar(50) CHARACTER SET utf8 COLLATE utf8_lithuanian_ci NOT NULL DEFAULT 'list',
  `level` tinyint NOT NULL DEFAULT '2',
  `link` varchar(255) CHARACTER SET utf8 COLLATE utf8_lithuanian_ci DEFAULT NULL,
  `alias` varchar(50) CHARACTER SET utf8 COLLATE utf8_lithuanian_ci DEFAULT NULL,
  `active` tinyint NOT NULL DEFAULT '0',
  `show_all_button_text` varchar(200) CHARACTER SET utf8 COLLATE utf8_lithuanian_ci DEFAULT '0',
  `position` int NOT NULL DEFAULT '1',
  `new_window` tinyint NOT NULL DEFAULT '0',
  `menu_type` enum('main','footer') CHARACTER SET utf8 COLLATE utf8_lithuanian_ci NOT NULL DEFAULT 'main',
  `show_type` enum('simple','mega_menu') CHARACTER SET utf8 COLLATE utf8_lithuanian_ci NOT NULL DEFAULT 'simple'
) ENGINE=InnoDB DEFAULT CHARSET=utf8 COLLATE=utf8_lithuanian_ci;

--
-- Dumping data for table `lite_menu_groups`
--

INSERT INTO `lite_menu_groups` (`id`, `name`, `type`, `level`, `link`, `alias`, `active`, `show_all_button_text`, `position`, `new_window`, `menu_type`, `show_type`) VALUES
(8, 'Informacija pirkėjui', 'page_list', 2, '9', NULL, 1, NULL, 8, 0, 'footer', 'simple'),
(9, 'Apie mus', 'page_list', 2, '14', NULL, 1, NULL, 9, 0, 'footer', 'simple'),
(12, 'Pjovimas ir kirpimas', 'category_list', 2, '1', NULL, 1, NULL, 10, 0, 'main', 'simple'),
(13, 'Žolės pjovimas ir sodinimas', 'category_list', 2, '3', NULL, 1, NULL, 11, 0, 'main', 'simple'),
(14, 'Įranga', 'category_list', 2, '5', NULL, 1, NULL, 12, 0, 'main', 'simple');

-- --------------------------------------------------------

--
-- Table structure for table `lite_menu_items`
--

CREATE TABLE `lite_menu_items` (
  `id` int NOT NULL,
  `menu_column_id` int NOT NULL,
  `name` varchar(100) CHARACTER SET utf8 COLLATE utf8_lithuanian_ci NOT NULL,
  `link` varchar(255) CHARACTER SET utf8 COLLATE utf8_lithuanian_ci DEFAULT NULL,
  `type` int NOT NULL,
  `on_mobile` tinyint DEFAULT NULL,
  `content` text CHARACTER SET utf8 COLLATE utf8_lithuanian_ci,
  `active` tinyint NOT NULL DEFAULT '0',
  `position` int NOT NULL DEFAULT '1',
  `new_window` tinyint NOT NULL DEFAULT '0'
) ENGINE=InnoDB DEFAULT CHARSET=utf8 COLLATE=utf8_lithuanian_ci;

-- --------------------------------------------------------

--
-- Table structure for table `lite_meta_fields`
--

CREATE TABLE `lite_meta_fields` (
  `id` int UNSIGNED NOT NULL,
  `entity_name` varchar(50) CHARACTER SET utf8 COLLATE utf8_lithuanian_ci NOT NULL,
  `foreign_key` int NOT NULL,
  `meta_title` varchar(255) CHARACTER SET utf8 COLLATE utf8_lithuanian_ci DEFAULT NULL,
  `meta_description` text CHARACTER SET utf8 COLLATE utf8_lithuanian_ci,
  `meta_keywords` text CHARACTER SET utf8 COLLATE utf8_lithuanian_ci,
  `header_title` text CHARACTER SET utf8 COLLATE utf8_lithuanian_ci,
  `noindex` tinyint NOT NULL DEFAULT '0',
  `nofollow` tinyint NOT NULL DEFAULT '0'
) ENGINE=InnoDB DEFAULT CHARSET=utf8 COLLATE=utf8_lithuanian_ci;

-- --------------------------------------------------------

--
-- Table structure for table `lite_news`
--

CREATE TABLE `lite_news` (
  `id` int NOT NULL,
  `page` int DEFAULT NULL,
  `date` datetime NOT NULL,
  `valid_from` date DEFAULT NULL,
  `valid_till` date DEFAULT NULL,
  `name` varchar(255) CHARACTER SET utf8 COLLATE utf8_lithuanian_ci NOT NULL,
  `url` varchar(255) CHARACTER SET utf8 COLLATE utf8_lithuanian_ci NOT NULL,
  `description` text CHARACTER SET utf8 COLLATE utf8_lithuanian_ci,
  `text` mediumtext CHARACTER SET utf8 COLLATE utf8_lithuanian_ci,
  `sent` tinyint NOT NULL DEFAULT '0',
  `active` tinyint NOT NULL DEFAULT '1',
  `important` tinyint NOT NULL DEFAULT '0',
  `place` varchar(50) CHARACTER SET utf8 COLLATE utf8_lithuanian_ci DEFAULT NULL
) ENGINE=InnoDB DEFAULT CHARSET=utf8 COLLATE=utf8_lithuanian_ci;

--
-- Dumping data for table `lite_news`
--

INSERT INTO `lite_news` (`id`, `page`, `date`, `valid_from`, `valid_till`, `name`, `url`, `description`, `text`, `sent`, `active`, `important`, `place`) VALUES
(1, 18, '2018-05-02 11:14:28', NULL, NULL, 'What is Lorem Ipsum?', 'what-is-lorem-ipsum', 'Lorem Ipsum is simply dummy text of the printing and typesetting industry.', '&lt;div&gt;\r\n&lt;p&gt;&lt;strong&gt;Lorem Ipsum&lt;/strong&gt;&lt;span&gt;&amp;nbsp;&lt;/span&gt;is simply dummy text of the printing and typesetting industry. Lorem Ipsum has been the industry&#039;s standard dummy text ever since the 1500s, when an unknown printer took a galley of type and scrambled it to make a type specimen book. It has survived not only five centuries, but also the leap into electronic typesetting, remaining essentially unchanged. It was popularised in the 1960s with the release of Letraset sheets containing Lorem Ipsum passages, and more recently with desktop publishing software like Aldus PageMaker including versions of Lorem Ipsum.&lt;/p&gt;\r\n&lt;/div&gt;\r\n&lt;div&gt;&lt;/div&gt;', 0, 1, 0, NULL),
(2, 18, '2018-05-02 11:15:21', NULL, NULL, 'Why do we use it?', 'why-do-we-use-it', 'It is a long established fact that a reader will be distracted by the readable content of a page when looking at its layout.', '&lt;p&gt;It is a long established fact that a reader will be distracted by the readable content of a page when looking at its layout. The point of using Lorem Ipsum is that it has a more-or-less normal distribution of letters, as opposed to using &#039;Content here, content here&#039;, making it look like readable English. Many desktop publishing packages and web page editors now use Lorem Ipsum as their default model text, and a search for &#039;lorem ipsum&#039; will uncover many web sites still in their infancy. Various versions have evolved over the years, sometimes by accident, sometimes on purpose (injected humour and the like).&lt;/p&gt;\r\n&lt;p&gt;&amp;nbsp;&lt;/p&gt;', 0, 1, 0, NULL),
(3, 18, '2018-05-02 11:15:46', NULL, NULL, 'Where does it come from?', 'where-does-it-come-from', 'Contrary to popular belief, Lorem Ipsum is not simply random text.', '&lt;p&gt;Contrary to popular belief, Lorem Ipsum is not simply random text. It has roots in a piece of classical Latin literature from 45 BC, making it over 2000 years old. Richard McClintock, a Latin professor at Hampden-Sydney College in Virginia, looked up one of the more obscure Latin words, consectetur, from a Lorem Ipsum passage, and going through the cites of the word in classical literature, discovered the undoubtable source. Lorem Ipsum comes from sections 1.10.32 and 1.10.33 of &quot;de Finibus Bonorum et Malorum&quot; (The Extremes of Good and Evil) by Cicero, written in 45 BC. This book is a treatise on the theory of ethics, very popular during the Renaissance. The first line of Lorem Ipsum, &quot;Lorem ipsum dolor sit amet..&quot;, comes from a line in section 1.10.32.&lt;/p&gt;\r\n&lt;p&gt;&amp;nbsp;&lt;/p&gt;', 0, 1, 0, NULL),
(4, 18, '2018-05-30 00:00:00', NULL, NULL, 'Where can I get some?', 'where-can-i-get-some', 'There are many variations of passages of Lorem Ipsum available, but the majority have suffered alteration in some form, by injected humour, or randomised words which don&#039;t look even slightly believable.', '&lt;p&gt;There are many variations of passages of Lorem Ipsum available, but the majority have suffered alteration in some form, by injected humour, or randomised words which don&#039;t look even slightly believable. If you are going to use a passage of Lorem Ipsum, you need to be sure there isn&#039;t anything embarrassing hidden in the middle of text. All the Lorem Ipsum generators on the Internet tend to repeat predefined chunks as necessary, making this the first true generator on the Internet. It uses a dictionary of over 200 Latin words, combined with a handful of model sentence structures, to generate Lorem Ipsum which looks reasonable. The generated Lorem Ipsum is therefore always free from repetition, injected humour, or non-characteristic words etc.&lt;/p&gt;\r\n&lt;p&gt;&amp;nbsp;&lt;/p&gt;', 0, 1, 0, NULL);

-- --------------------------------------------------------

--
-- Table structure for table `lite_pages`
--

CREATE TABLE `lite_pages` (
  `id` int NOT NULL,
  `name` varchar(100) CHARACTER SET utf8 COLLATE utf8_lithuanian_ci NOT NULL,
  `title` varchar(200) CHARACTER SET utf8 COLLATE utf8_lithuanian_ci DEFAULT NULL,
  `manual_url` tinyint NOT NULL DEFAULT '0',
  `url` varchar(255) CHARACTER SET utf8 COLLATE utf8_lithuanian_ci NOT NULL DEFAULT '',
  `content` mediumtext CHARACTER SET utf8 COLLATE utf8_lithuanian_ci,
  `parent` int NOT NULL DEFAULT '0',
  `position` int NOT NULL DEFAULT '0',
  `active` tinyint NOT NULL DEFAULT '1',
  `type` varchar(50) CHARACTER SET utf8 COLLATE utf8_lithuanian_ci NOT NULL DEFAULT '0',
  `columns` tinyint(1) DEFAULT NULL,
  `link_to` varchar(255) CHARACTER SET utf8 COLLATE utf8_lithuanian_ci DEFAULT NULL,
  `link_to_page` int DEFAULT NULL,
  `link_to_product_category` int DEFAULT NULL,
  `restricted` tinyint NOT NULL DEFAULT '0',
  `protected` tinyint NOT NULL DEFAULT '0',
  `layout` varchar(50) CHARACTER SET utf8 COLLATE utf8_lithuanian_ci DEFAULT NULL,
  `alias` varchar(50) CHARACTER SET utf8 COLLATE utf8_lithuanian_ci DEFAULT NULL,
  `visible_menu` tinyint NOT NULL DEFAULT '0',
  `hide_breadcrumb` tinyint UNSIGNED NOT NULL DEFAULT '0',
  `hide_title` tinyint UNSIGNED NOT NULL DEFAULT '0'
) ENGINE=InnoDB DEFAULT CHARSET=utf8 COLLATE=utf8_lithuanian_ci;

--
-- Dumping data for table `lite_pages`
--

INSERT INTO `lite_pages` (`id`, `name`, `title`, `manual_url`, `url`, `content`, `parent`, `position`, `active`, `type`, `columns`, `link_to`, `link_to_page`, `link_to_product_category`, `restricted`, `protected`, `layout`, `alias`, `visible_menu`, `hide_breadcrumb`, `hide_title`) VALUES
(1, 'Titulinis', NULL, 0, 'titulinis', NULL, 0, 1, 1, 'index', NULL, NULL, 1, NULL, 0, 0, NULL, NULL, 0, 0, 0),
(2, 'Katalogas', NULL, 0, 'katalogas', NULL, 0, 2, 1, 'products', NULL, NULL, 1, NULL, 0, 0, NULL, NULL, 0, 0, 0),
(3, 'Paskyra', NULL, 0, 'paskyra', NULL, 0, 3, 1, 'link_to_first_child', NULL, NULL, 1, NULL, 0, 0, NULL, 'account', 0, 0, 0),
(4, 'Užsakymai', NULL, 0, 'uzsakymai', NULL, 3, 4, 1, 'orders', NULL, NULL, 1, NULL, 0, 0, NULL, NULL, 0, 0, 0),
(5, 'Mano duomenys', NULL, 0, 'mano-duomenys', NULL, 0, 5, 0, 'customers', NULL, NULL, 1, NULL, 0, 0, NULL, NULL, 0, 0, 0),
(6, 'Prekių krepšelissssx', NULL, 0, 'prekiu-krepselis', NULL, 0, 6, 1, 'cart', NULL, NULL, 1, NULL, 0, 0, NULL, NULL, 0, 0, 0),
(7, 'Paieška', NULL, 0, 'paieska', NULL, 0, 7, 1, 'search', NULL, NULL, 1, NULL, 0, 0, NULL, NULL, 0, 0, 0),
(8, 'Prekių ženklai', NULL, 0, 'prekiu-zenklai', NULL, 0, 8, 0, 'brands', NULL, NULL, 1, NULL, 0, 0, NULL, NULL, 0, 0, 0),
(9, 'Informacija pirkėjui', NULL, 0, 'informacija-pirkejui', '&lt;div&gt;\r\n&lt;h3&gt;What is Lorem Ipsum?&lt;/h3&gt;\r\n&lt;p&gt;&lt;strong&gt;Lorem Ipsum&lt;/strong&gt;&lt;span&gt;&amp;nbsp;&lt;/span&gt;is simply dummy text of the printing and typesetting industry. Lorem Ipsum has been the industry&#039;s standard dummy text ever since the 1500s, when an unknown printer took a galley of type and scrambled it to make a type specimen book. It has survived not only five centuries, but also the leap into electronic typesetting, remaining essentially unchanged. It was popularised in the 1960s with the release of Letraset sheets containing Lorem Ipsum passages, and more recently with desktop publishing software like Aldus PageMaker including versions of Lorem Ipsum.&lt;/p&gt;\r\n&lt;/div&gt;\r\n&lt;div&gt;\r\n&lt;h3&gt;Why do we use it?&lt;/h3&gt;\r\n&lt;p&gt;It is a long established fact that a reader will be distracted by the readable content of a page when looking at its layout. The point of using Lorem Ipsum is that it has a more-or-less normal distribution of letters, as opposed to using &#039;Content here, content here&#039;, making it look like readable English. Many desktop publishing packages and web page editors now use Lorem Ipsum as their default model text, and a search for &#039;lorem ipsum&#039; will uncover many web sites still in their infancy. Various versions have evolved over the years, sometimes by accident, sometimes on purpose (injected humour and the like).&lt;/p&gt;\r\n&lt;/div&gt;\r\n&lt;div&gt;\r\n&lt;h3&gt;Where does it come from?&lt;/h3&gt;\r\n&lt;p&gt;Contrary to popular belief, Lorem Ipsum is not simply random text. It has roots in a piece of classical Latin literature from 45 BC, making it over 2000 years old. Richard McClintock, a Latin professor at Hampden-Sydney College in Virginia, looked up one of the more obscure Latin words, consectetur, from a Lorem Ipsum passage, and going through the cites of the word in classical literature, discovered the undoubtable source. Lorem Ipsum comes from sections 1.10.32 and 1.10.33 of &quot;de Finibus Bonorum et Malorum&quot; (The Extremes of Good and Evil) by Cicero, written in 45 BC. This book is a treatise on the theory of ethics, very popular during the Renaissance. The first line of Lorem Ipsum, &quot;Lorem ipsum dolor sit amet..&quot;, comes from a line in section 1.10.32.&lt;/p&gt;\r\n&lt;p&gt;The standard chunk of Lorem Ipsum used since the 1500s is reproduced below for those interested. Sections 1.10.32 and 1.10.33 from &quot;de Finibus Bonorum et Malorum&quot; by Cicero are also reproduced in their exact original form, accompanied by English versions from the 1914 translation by H. Rackham.&lt;/p&gt;\r\n&lt;/div&gt;\r\n&lt;div&gt;\r\n&lt;h3&gt;Where can I get some?&lt;/h3&gt;\r\n&lt;p&gt;There are many variations of passages of Lorem Ipsum available, but the majority have suffered alteration in some form, by injected humour, or randomised words which don&#039;t look even slightly believable. If you are going to use a passage of Lorem Ipsum, you need to be sure there isn&#039;t anything embarrassing hidden in the middle of text. All the Lorem Ipsum generators on the Internet tend to repeat predefined chunks as necessary, making this the first true generator on the Internet. It uses a dictionary of over 200 Latin words, combined with a handful of model sentence structures, to generate Lorem Ipsum which looks reasonable. The generated Lorem Ipsum is therefore always free from repetition, injected humour, or non-characteristic words etc.&lt;/p&gt;\r\n&lt;/div&gt;', 0, 9, 1, 'content', NULL, NULL, 1, NULL, 0, 0, NULL, NULL, 0, 0, 0),
(10, 'Taisyklės', NULL, 0, 'taisykles', '&lt;div&gt;\r\n&lt;h3&gt;What is Lorem Ipsum?&lt;/h3&gt;\r\n&lt;p&gt;&lt;strong&gt;Lorem Ipsum&lt;/strong&gt;&lt;span&gt;&amp;nbsp;&lt;/span&gt;is simply dummy text of the printing and typesetting industry. Lorem Ipsum has been the industry&#039;s standard dummy text ever since the 1500s, when an unknown printer took a galley of type and scrambled it to make a type specimen book. It has survived not only five centuries, but also the leap into electronic typesetting, remaining essentially unchanged. It was popularised in the 1960s with the release of Letraset sheets containing Lorem Ipsum passages, and more recently with desktop publishing software like Aldus PageMaker including versions of Lorem Ipsum.&lt;/p&gt;\r\n&lt;/div&gt;\r\n&lt;div&gt;\r\n&lt;h3&gt;Why do we use it?&lt;/h3&gt;\r\n&lt;p&gt;It is a long established fact that a reader will be distracted by the readable content of a page when looking at its layout. The point of using Lorem Ipsum is that it has a more-or-less normal distribution of letters, as opposed to using &#039;Content here, content here&#039;, making it look like readable English. Many desktop publishing packages and web page editors now use Lorem Ipsum as their default model text, and a search for &#039;lorem ipsum&#039; will uncover many web sites still in their infancy. Various versions have evolved over the years, sometimes by accident, sometimes on purpose (injected humour and the like).&lt;/p&gt;\r\n&lt;/div&gt;\r\n&lt;div&gt;\r\n&lt;h3&gt;Where does it come from?&lt;/h3&gt;\r\n&lt;p&gt;Contrary to popular belief, Lorem Ipsum is not simply random text. It has roots in a piece of classical Latin literature from 45 BC, making it over 2000 years old. Richard McClintock, a Latin professor at Hampden-Sydney College in Virginia, looked up one of the more obscure Latin words, consectetur, from a Lorem Ipsum passage, and going through the cites of the word in classical literature, discovered the undoubtable source. Lorem Ipsum comes from sections 1.10.32 and 1.10.33 of &quot;de Finibus Bonorum et Malorum&quot; (The Extremes of Good and Evil) by Cicero, written in 45 BC. This book is a treatise on the theory of ethics, very popular during the Renaissance. The first line of Lorem Ipsum, &quot;Lorem ipsum dolor sit amet..&quot;, comes from a line in section 1.10.32.&lt;/p&gt;\r\n&lt;p&gt;The standard chunk of Lorem Ipsum used since the 1500s is reproduced below for those interested. Sections 1.10.32 and 1.10.33 from &quot;de Finibus Bonorum et Malorum&quot; by Cicero are also reproduced in their exact original form, accompanied by English versions from the 1914 translation by H. Rackham.&lt;/p&gt;\r\n&lt;/div&gt;\r\n&lt;div&gt;\r\n&lt;h3&gt;Where can I get some?&lt;/h3&gt;\r\n&lt;p&gt;There are many variations of passages of Lorem Ipsum available, but the majority have suffered alteration in some form, by injected humour, or randomised words which don&#039;t look even slightly believable. If you are going to use a passage of Lorem Ipsum, you need to be sure there isn&#039;t anything embarrassing hidden in the middle of text. All the Lorem Ipsum generators on the Internet tend to repeat predefined chunks as necessary, making this the first true generator on the Internet. It uses a dictionary of over 200 Latin words, combined with a handful of model sentence structures, to generate Lorem Ipsum which looks reasonable. The generated Lorem Ipsum is therefore always free from repetition, injected humour, or non-characteristic words etc.&lt;/p&gt;\r\n&lt;/div&gt;', 9, 10, 1, 'content', NULL, NULL, 1, NULL, 0, 0, NULL, 'rules', 0, 0, 0),
(11, 'Pristatymas', NULL, 0, 'pristatymas', '&lt;div&gt;\r\n&lt;h3&gt;What is Lorem Ipsum?&lt;/h3&gt;\r\n&lt;p&gt;&lt;strong&gt;Lorem Ipsum&lt;/strong&gt;&lt;span&gt;&amp;nbsp;&lt;/span&gt;is simply dummy text of the printing and typesetting industry. Lorem Ipsum has been the industry&#039;s standard dummy text ever since the 1500s, when an unknown printer took a galley of type and scrambled it to make a type specimen book. It has survived not only five centuries, but also the leap into electronic typesetting, remaining essentially unchanged. It was popularised in the 1960s with the release of Letraset sheets containing Lorem Ipsum passages, and more recently with desktop publishing software like Aldus PageMaker including versions of Lorem Ipsum.&lt;/p&gt;\r\n&lt;/div&gt;\r\n&lt;div&gt;\r\n&lt;h3&gt;Why do we use it?&lt;/h3&gt;\r\n&lt;p&gt;It is a long established fact that a reader will be distracted by the readable content of a page when looking at its layout. The point of using Lorem Ipsum is that it has a more-or-less normal distribution of letters, as opposed to using &#039;Content here, content here&#039;, making it look like readable English. Many desktop publishing packages and web page editors now use Lorem Ipsum as their default model text, and a search for &#039;lorem ipsum&#039; will uncover many web sites still in their infancy. Various versions have evolved over the years, sometimes by accident, sometimes on purpose (injected humour and the like).&lt;/p&gt;\r\n&lt;/div&gt;\r\n&lt;div&gt;\r\n&lt;h3&gt;Where does it come from?&lt;/h3&gt;\r\n&lt;p&gt;Contrary to popular belief, Lorem Ipsum is not simply random text. It has roots in a piece of classical Latin literature from 45 BC, making it over 2000 years old. Richard McClintock, a Latin professor at Hampden-Sydney College in Virginia, looked up one of the more obscure Latin words, consectetur, from a Lorem Ipsum passage, and going through the cites of the word in classical literature, discovered the undoubtable source. Lorem Ipsum comes from sections 1.10.32 and 1.10.33 of &quot;de Finibus Bonorum et Malorum&quot; (The Extremes of Good and Evil) by Cicero, written in 45 BC. This book is a treatise on the theory of ethics, very popular during the Renaissance. The first line of Lorem Ipsum, &quot;Lorem ipsum dolor sit amet..&quot;, comes from a line in section 1.10.32.&lt;/p&gt;\r\n&lt;p&gt;The standard chunk of Lorem Ipsum used since the 1500s is reproduced below for those interested. Sections 1.10.32 and 1.10.33 from &quot;de Finibus Bonorum et Malorum&quot; by Cicero are also reproduced in their exact original form, accompanied by English versions from the 1914 translation by H. Rackham.&lt;/p&gt;\r\n&lt;/div&gt;\r\n&lt;div&gt;\r\n&lt;h3&gt;Where can I get some?&lt;/h3&gt;\r\n&lt;p&gt;There are many variations of passages of Lorem Ipsum available, but the majority have suffered alteration in some form, by injected humour, or randomised words which don&#039;t look even slightly believable. If you are going to use a passage of Lorem Ipsum, you need to be sure there isn&#039;t anything embarrassing hidden in the middle of text. All the Lorem Ipsum generators on the Internet tend to repeat predefined chunks as necessary, making this the first true generator on the Internet. It uses a dictionary of over 200 Latin words, combined with a handful of model sentence structures, to generate Lorem Ipsum which looks reasonable. The generated Lorem Ipsum is therefore always free from repetition, injected humour, or non-characteristic words etc.&lt;/p&gt;\r\n&lt;/div&gt;', 9, 11, 1, 'content', NULL, NULL, 1, NULL, 0, 0, NULL, NULL, 0, 0, 0),
(12, 'Apmokėjimas', NULL, 0, 'apmokejimas', '&lt;div&gt;\r\n&lt;h3&gt;What is Lorem Ipsum?&lt;/h3&gt;\r\n&lt;p&gt;&lt;strong&gt;Lorem Ipsum&lt;/strong&gt;&lt;span&gt;&amp;nbsp;&lt;/span&gt;is simply dummy text of the printing and typesetting industry. Lorem Ipsum has been the industry&#039;s standard dummy text ever since the 1500s, when an unknown printer took a galley of type and scrambled it to make a type specimen book. It has survived not only five centuries, but also the leap into electronic typesetting, remaining essentially unchanged. It was popularised in the 1960s with the release of Letraset sheets containing Lorem Ipsum passages, and more recently with desktop publishing software like Aldus PageMaker including versions of Lorem Ipsum.&lt;/p&gt;\r\n&lt;/div&gt;\r\n&lt;div&gt;\r\n&lt;h3&gt;Why do we use it?&lt;/h3&gt;\r\n&lt;p&gt;It is a long established fact that a reader will be distracted by the readable content of a page when looking at its layout. The point of using Lorem Ipsum is that it has a more-or-less normal distribution of letters, as opposed to using &#039;Content here, content here&#039;, making it look like readable English. Many desktop publishing packages and web page editors now use Lorem Ipsum as their default model text, and a search for &#039;lorem ipsum&#039; will uncover many web sites still in their infancy. Various versions have evolved over the years, sometimes by accident, sometimes on purpose (injected humour and the like).&lt;/p&gt;\r\n&lt;/div&gt;\r\n&lt;div&gt;\r\n&lt;h3&gt;Where does it come from?&lt;/h3&gt;\r\n&lt;p&gt;Contrary to popular belief, Lorem Ipsum is not simply random text. It has roots in a piece of classical Latin literature from 45 BC, making it over 2000 years old. Richard McClintock, a Latin professor at Hampden-Sydney College in Virginia, looked up one of the more obscure Latin words, consectetur, from a Lorem Ipsum passage, and going through the cites of the word in classical literature, discovered the undoubtable source. Lorem Ipsum comes from sections 1.10.32 and 1.10.33 of &quot;de Finibus Bonorum et Malorum&quot; (The Extremes of Good and Evil) by Cicero, written in 45 BC. This book is a treatise on the theory of ethics, very popular during the Renaissance. The first line of Lorem Ipsum, &quot;Lorem ipsum dolor sit amet..&quot;, comes from a line in section 1.10.32.&lt;/p&gt;\r\n&lt;p&gt;The standard chunk of Lorem Ipsum used since the 1500s is reproduced below for those interested. Sections 1.10.32 and 1.10.33 from &quot;de Finibus Bonorum et Malorum&quot; by Cicero are also reproduced in their exact original form, accompanied by English versions from the 1914 translation by H. Rackham.&lt;/p&gt;\r\n&lt;/div&gt;\r\n&lt;div&gt;\r\n&lt;h3&gt;Where can I get some?&lt;/h3&gt;\r\n&lt;p&gt;There are many variations of passages of Lorem Ipsum available, but the majority have suffered alteration in some form, by injected humour, or randomised words which don&#039;t look even slightly believable. If you are going to use a passage of Lorem Ipsum, you need to be sure there isn&#039;t anything embarrassing hidden in the middle of text. All the Lorem Ipsum generators on the Internet tend to repeat predefined chunks as necessary, making this the first true generator on the Internet. It uses a dictionary of over 200 Latin words, combined with a handful of model sentence structures, to generate Lorem Ipsum which looks reasonable. The generated Lorem Ipsum is therefore always free from repetition, injected humour, or non-characteristic words etc.&lt;/p&gt;\r\n&lt;/div&gt;', 9, 12, 1, 'content', NULL, NULL, 1, NULL, 0, 0, NULL, NULL, 0, 0, 0),
(13, 'Grąžinimas', NULL, 0, 'grazinimas', '&lt;div&gt;\r\n&lt;h3&gt;What is Lorem Ipsum?&lt;/h3&gt;\r\n&lt;p&gt;&lt;strong&gt;Lorem Ipsum&lt;/strong&gt;&lt;span&gt;&amp;nbsp;&lt;/span&gt;is simply dummy text of the printing and typesetting industry. Lorem Ipsum has been the industry&#039;s standard dummy text ever since the 1500s, when an unknown printer took a galley of type and scrambled it to make a type specimen book. It has survived not only five centuries, but also the leap into electronic typesetting, remaining essentially unchanged. It was popularised in the 1960s with the release of Letraset sheets containing Lorem Ipsum passages, and more recently with desktop publishing software like Aldus PageMaker including versions of Lorem Ipsum.&lt;/p&gt;\r\n&lt;/div&gt;\r\n&lt;div&gt;\r\n&lt;h3&gt;Why do we use it?&lt;/h3&gt;\r\n&lt;p&gt;It is a long established fact that a reader will be distracted by the readable content of a page when looking at its layout. The point of using Lorem Ipsum is that it has a more-or-less normal distribution of letters, as opposed to using &#039;Content here, content here&#039;, making it look like readable English. Many desktop publishing packages and web page editors now use Lorem Ipsum as their default model text, and a search for &#039;lorem ipsum&#039; will uncover many web sites still in their infancy. Various versions have evolved over the years, sometimes by accident, sometimes on purpose (injected humour and the like).&lt;/p&gt;\r\n&lt;/div&gt;\r\n&lt;div&gt;\r\n&lt;h3&gt;Where does it come from?&lt;/h3&gt;\r\n&lt;p&gt;Contrary to popular belief, Lorem Ipsum is not simply random text. It has roots in a piece of classical Latin literature from 45 BC, making it over 2000 years old. Richard McClintock, a Latin professor at Hampden-Sydney College in Virginia, looked up one of the more obscure Latin words, consectetur, from a Lorem Ipsum passage, and going through the cites of the word in classical literature, discovered the undoubtable source. Lorem Ipsum comes from sections 1.10.32 and 1.10.33 of &quot;de Finibus Bonorum et Malorum&quot; (The Extremes of Good and Evil) by Cicero, written in 45 BC. This book is a treatise on the theory of ethics, very popular during the Renaissance. The first line of Lorem Ipsum, &quot;Lorem ipsum dolor sit amet..&quot;, comes from a line in section 1.10.32.&lt;/p&gt;\r\n&lt;p&gt;The standard chunk of Lorem Ipsum used since the 1500s is reproduced below for those interested. Sections 1.10.32 and 1.10.33 from &quot;de Finibus Bonorum et Malorum&quot; by Cicero are also reproduced in their exact original form, accompanied by English versions from the 1914 translation by H. Rackham.&lt;/p&gt;\r\n&lt;/div&gt;\r\n&lt;div&gt;\r\n&lt;h3&gt;Where can I get some?&lt;/h3&gt;\r\n&lt;p&gt;There are many variations of passages of Lorem Ipsum available, but the majority have suffered alteration in some form, by injected humour, or randomised words which don&#039;t look even slightly believable. If you are going to use a passage of Lorem Ipsum, you need to be sure there isn&#039;t anything embarrassing hidden in the middle of text. All the Lorem Ipsum generators on the Internet tend to repeat predefined chunks as necessary, making this the first true generator on the Internet. It uses a dictionary of over 200 Latin words, combined with a handful of model sentence structures, to generate Lorem Ipsum which looks reasonable. The generated Lorem Ipsum is therefore always free from repetition, injected humour, or non-characteristic words etc.&lt;/p&gt;\r\n&lt;/div&gt;', 9, 13, 1, 'content', NULL, NULL, 1, NULL, 0, 0, NULL, NULL, 0, 0, 0),
(14, 'Apie mus', NULL, 0, 'apie-mus', '&lt;div&gt;\r\n&lt;h3&gt;What is Lorem Ipsum?&lt;/h3&gt;\r\n&lt;p&gt;&lt;strong&gt;Lorem Ipsum&lt;/strong&gt;&lt;span&gt;&amp;nbsp;&lt;/span&gt;is simply dummy text of the printing and typesetting industry. Lorem Ipsum has been the industry&#039;s standard dummy text ever since the 1500s, when an unknown printer took a galley of type and scrambled it to make a type specimen book. It has survived not only five centuries, but also the leap into electronic typesetting, remaining essentially unchanged. It was popularised in the 1960s with the release of Letraset sheets containing Lorem Ipsum passages, and more recently with desktop publishing software like Aldus PageMaker including versions of Lorem Ipsum.&lt;/p&gt;\r\n&lt;/div&gt;\r\n&lt;div&gt;\r\n&lt;h3&gt;Why do we use it?&lt;/h3&gt;\r\n&lt;p&gt;It is a long established fact that a reader will be distracted by the readable content of a page when looking at its layout. The point of using Lorem Ipsum is that it has a more-or-less normal distribution of letters, as opposed to using &#039;Content here, content here&#039;, making it look like readable English. Many desktop publishing packages and web page editors now use Lorem Ipsum as their default model text, and a search for &#039;lorem ipsum&#039; will uncover many web sites still in their infancy. Various versions have evolved over the years, sometimes by accident, sometimes on purpose (injected humour and the like).&lt;/p&gt;\r\n&lt;/div&gt;\r\n&lt;div&gt;\r\n&lt;h3&gt;Where does it come from?&lt;/h3&gt;\r\n&lt;p&gt;Contrary to popular belief, Lorem Ipsum is not simply random text. It has roots in a piece of classical Latin literature from 45 BC, making it over 2000 years old. Richard McClintock, a Latin professor at Hampden-Sydney College in Virginia, looked up one of the more obscure Latin words, consectetur, from a Lorem Ipsum passage, and going through the cites of the word in classical literature, discovered the undoubtable source. Lorem Ipsum comes from sections 1.10.32 and 1.10.33 of &quot;de Finibus Bonorum et Malorum&quot; (The Extremes of Good and Evil) by Cicero, written in 45 BC. This book is a treatise on the theory of ethics, very popular during the Renaissance. The first line of Lorem Ipsum, &quot;Lorem ipsum dolor sit amet..&quot;, comes from a line in section 1.10.32.&lt;/p&gt;\r\n&lt;p&gt;The standard chunk of Lorem Ipsum used since the 1500s is reproduced below for those interested. Sections 1.10.32 and 1.10.33 from &quot;de Finibus Bonorum et Malorum&quot; by Cicero are also reproduced in their exact original form, accompanied by English versions from the 1914 translation by H. Rackham.&lt;/p&gt;\r\n&lt;/div&gt;\r\n&lt;div&gt;\r\n&lt;h3&gt;Where can I get some?&lt;/h3&gt;\r\n&lt;p&gt;There are many variations of passages of Lorem Ipsum available, but the majority have suffered alteration in some form, by injected humour, or randomised words which don&#039;t look even slightly believable. If you are going to use a passage of Lorem Ipsum, you need to be sure there isn&#039;t anything embarrassing hidden in the middle of text. All the Lorem Ipsum generators on the Internet tend to repeat predefined chunks as necessary, making this the first true generator on the Internet. It uses a dictionary of over 200 Latin words, combined with a handful of model sentence structures, to generate Lorem Ipsum which looks reasonable. The generated Lorem Ipsum is therefore always free from repetition, injected humour, or non-characteristic words etc.&lt;/p&gt;\r\n&lt;/div&gt;', 0, 14, 1, 'content', NULL, NULL, 1, NULL, 0, 0, NULL, NULL, 0, 0, 0),
(15, 'Kontaktai', NULL, 0, 'kontaktai', '&lt;div&gt;\r\n&lt;h3&gt;What is Lorem Ipsum?&lt;/h3&gt;\r\n&lt;p&gt;&lt;strong&gt;Lorem Ipsum&lt;/strong&gt;&lt;span&gt;&amp;nbsp;&lt;/span&gt;is simply dummy text of the printing and typesetting industry. Lorem Ipsum has been the industry&#039;s standard dummy text ever since the 1500s, when an unknown printer took a galley of type and scrambled it to make a type specimen book. It has survived not only five centuries, but also the leap into electronic typesetting, remaining essentially unchanged. It was popularised in the 1960s with the release of Letraset sheets containing Lorem Ipsum passages, and more recently with desktop publishing software like Aldus PageMaker including versions of Lorem Ipsum.&lt;/p&gt;\r\n&lt;/div&gt;\r\n&lt;div&gt;\r\n&lt;h3&gt;Why do we use it?&lt;/h3&gt;\r\n&lt;p&gt;It is a long established fact that a reader will be distracted by the readable content of a page when looking at its layout. The point of using Lorem Ipsum is that it has a more-or-less normal distribution of letters, as opposed to using &#039;Content here, content here&#039;, making it look like readable English. Many desktop publishing packages and web page editors now use Lorem Ipsum as their default model text, and a search for &#039;lorem ipsum&#039; will uncover many web sites still in their infancy. Various versions have evolved over the years, sometimes by accident, sometimes on purpose (injected humour and the like).&lt;/p&gt;\r\n&lt;/div&gt;\r\n&lt;div&gt;\r\n&lt;h3&gt;Where does it come from?&lt;/h3&gt;\r\n&lt;p&gt;Contrary to popular belief, Lorem Ipsum is not simply random text. It has roots in a piece of classical Latin literature from 45 BC, making it over 2000 years old. Richard McClintock, a Latin professor at Hampden-Sydney College in Virginia, looked up one of the more obscure Latin words, consectetur, from a Lorem Ipsum passage, and going through the cites of the word in classical literature, discovered the undoubtable source. Lorem Ipsum comes from sections 1.10.32 and 1.10.33 of &quot;de Finibus Bonorum et Malorum&quot; (The Extremes of Good and Evil) by Cicero, written in 45 BC. This book is a treatise on the theory of ethics, very popular during the Renaissance. The first line of Lorem Ipsum, &quot;Lorem ipsum dolor sit amet..&quot;, comes from a line in section 1.10.32.&lt;/p&gt;\r\n&lt;p&gt;The standard chunk of Lorem Ipsum used since the 1500s is reproduced below for those interested. Sections 1.10.32 and 1.10.33 from &quot;de Finibus Bonorum et Malorum&quot; by Cicero are also reproduced in their exact original form, accompanied by English versions from the 1914 translation by H. Rackham.&lt;/p&gt;\r\n&lt;/div&gt;\r\n&lt;div&gt;\r\n&lt;h3&gt;Where can I get some?&lt;/h3&gt;\r\n&lt;p&gt;There are many variations of passages of Lorem Ipsum available, but the majority have suffered alteration in some form, by injected humour, or randomised words which don&#039;t look even slightly believable. If you are going to use a passage of Lorem Ipsum, you need to be sure there isn&#039;t anything embarrassing hidden in the middle of text. All the Lorem Ipsum generators on the Internet tend to repeat predefined chunks as necessary, making this the first true generator on the Internet. It uses a dictionary of over 200 Latin words, combined with a handful of model sentence structures, to generate Lorem Ipsum which looks reasonable. The generated Lorem Ipsum is therefore always free from repetition, injected humour, or non-characteristic words etc.&lt;/p&gt;\r\n&lt;/div&gt;', 14, 15, 1, 'content', NULL, NULL, 1, NULL, 0, 0, NULL, 'contacts', 0, 0, 0),
(16, 'Parduotuvės', NULL, 0, 'parduotuves', '&lt;div&gt;\r\n&lt;h3&gt;What is Lorem Ipsum?&lt;/h3&gt;\r\n&lt;p&gt;&lt;strong&gt;Lorem Ipsum&lt;/strong&gt;&lt;span&gt;&amp;nbsp;&lt;/span&gt;is simply dummy text of the printing and typesetting industry. Lorem Ipsum has been the industry&#039;s standard dummy text ever since the 1500s, when an unknown printer took a galley of type and scrambled it to make a type specimen book. It has survived not only five centuries, but also the leap into electronic typesetting, remaining essentially unchanged. It was popularised in the 1960s with the release of Letraset sheets containing Lorem Ipsum passages, and more recently with desktop publishing software like Aldus PageMaker including versions of Lorem Ipsum.&lt;/p&gt;\r\n&lt;/div&gt;\r\n&lt;div&gt;\r\n&lt;h3&gt;Why do we use it?&lt;/h3&gt;\r\n&lt;p&gt;It is a long established fact that a reader will be distracted by the readable content of a page when looking at its layout. The point of using Lorem Ipsum is that it has a more-or-less normal distribution of letters, as opposed to using &#039;Content here, content here&#039;, making it look like readable English. Many desktop publishing packages and web page editors now use Lorem Ipsum as their default model text, and a search for &#039;lorem ipsum&#039; will uncover many web sites still in their infancy. Various versions have evolved over the years, sometimes by accident, sometimes on purpose (injected humour and the like).&lt;/p&gt;\r\n&lt;/div&gt;\r\n&lt;div&gt;\r\n&lt;h3&gt;Where does it come from?&lt;/h3&gt;\r\n&lt;p&gt;Contrary to popular belief, Lorem Ipsum is not simply random text. It has roots in a piece of classical Latin literature from 45 BC, making it over 2000 years old. Richard McClintock, a Latin professor at Hampden-Sydney College in Virginia, looked up one of the more obscure Latin words, consectetur, from a Lorem Ipsum passage, and going through the cites of the word in classical literature, discovered the undoubtable source. Lorem Ipsum comes from sections 1.10.32 and 1.10.33 of &quot;de Finibus Bonorum et Malorum&quot; (The Extremes of Good and Evil) by Cicero, written in 45 BC. This book is a treatise on the theory of ethics, very popular during the Renaissance. The first line of Lorem Ipsum, &quot;Lorem ipsum dolor sit amet..&quot;, comes from a line in section 1.10.32.&lt;/p&gt;\r\n&lt;p&gt;The standard chunk of Lorem Ipsum used since the 1500s is reproduced below for those interested. Sections 1.10.32 and 1.10.33 from &quot;de Finibus Bonorum et Malorum&quot; by Cicero are also reproduced in their exact original form, accompanied by English versions from the 1914 translation by H. Rackham.&lt;/p&gt;\r\n&lt;/div&gt;\r\n&lt;div&gt;\r\n&lt;h3&gt;Where can I get some?&lt;/h3&gt;\r\n&lt;p&gt;There are many variations of passages of Lorem Ipsum available, but the majority have suffered alteration in some form, by injected humour, or randomised words which don&#039;t look even slightly believable. If you are going to use a passage of Lorem Ipsum, you need to be sure there isn&#039;t anything embarrassing hidden in the middle of text. All the Lorem Ipsum generators on the Internet tend to repeat predefined chunks as necessary, making this the first true generator on the Internet. It uses a dictionary of over 200 Latin words, combined with a handful of model sentence structures, to generate Lorem Ipsum which looks reasonable. The generated Lorem Ipsum is therefore always free from repetition, injected humour, or non-characteristic words etc.&lt;/p&gt;\r\n&lt;/div&gt;', 14, 16, 1, 'departments', NULL, NULL, 1, NULL, 0, 0, NULL, NULL, 0, 0, 0),
(17, 'Duomenys', NULL, 0, 'duomenys', NULL, 3, 17, 1, 'customers', NULL, NULL, 1, NULL, 0, 0, NULL, NULL, 0, 0, 0),
(18, 'Naujienos', NULL, 0, 'naujienos', NULL, 0, 18, 1, 'news', NULL, NULL, 1, NULL, 0, 0, NULL, NULL, 1, 0, 0),
(20, 'Norų sąrašas', NULL, 0, 'noru-sarasas', NULL, 0, 19, 1, 'wishlist', NULL, NULL, 1, NULL, 0, 0, NULL, NULL, 0, 0, 0);

-- --------------------------------------------------------

--
-- Table structure for table `lite_photos`
--

CREATE TABLE `lite_photos` (
  `id` int NOT NULL,
  `image` varchar(100) CHARACTER SET utf8 COLLATE utf8_lithuanian_ci NOT NULL,
  `description` text CHARACTER SET utf8 COLLATE utf8_lithuanian_ci,
  `position` int NOT NULL,
  `gallery_id` int NOT NULL,
  `name` varchar(100) CHARACTER SET utf8 COLLATE utf8_lithuanian_ci DEFAULT NULL,
  `hash` varchar(32) CHARACTER SET utf8 COLLATE utf8_lithuanian_ci DEFAULT NULL,
  `language` varchar(10) CHARACTER SET utf8 COLLATE utf8_lithuanian_ci DEFAULT NULL
) ENGINE=InnoDB DEFAULT CHARSET=utf8 COLLATE=utf8_lithuanian_ci;

--
-- Dumping data for table `lite_photos`
--

INSERT INTO `lite_photos` (`id`, `image`, `description`, `position`, `gallery_id`, `name`, `hash`, `language`) VALUES
(5, 'banners/890-1108x462.jpg', NULL, 1, 2, NULL, NULL, NULL);

-- --------------------------------------------------------

--
-- Table structure for table `lite_photos_cache_params`
--

CREATE TABLE `lite_photos_cache_params` (
  `id` int NOT NULL,
  `params` varchar(255) CHARACTER SET utf8 COLLATE utf8_lithuanian_ci NOT NULL
) ENGINE=InnoDB DEFAULT CHARSET=utf8 COLLATE=utf8_lithuanian_ci;

-- --------------------------------------------------------

--
-- Table structure for table `lite_photo_containers`
--

CREATE TABLE `lite_photo_containers` (
  `id` int NOT NULL,
  `container_name` varchar(30) CHARACTER SET utf8 COLLATE utf8_lithuanian_ci DEFAULT NULL,
  `entity_name` varchar(50) CHARACTER SET utf8 COLLATE utf8_lithuanian_ci NOT NULL,
  `foreign_key` int DEFAULT NULL
) ENGINE=InnoDB DEFAULT CHARSET=utf8 COLLATE=utf8_lithuanian_ci;

--
-- Dumping data for table `lite_photo_containers`
--

INSERT INTO `lite_photo_containers` (`id`, `container_name`, `entity_name`, `foreign_key`) VALUES
(2, 'photos', 'banners', 1);

-- --------------------------------------------------------

--
-- Table structure for table `lite_popups`
--

CREATE TABLE `lite_popups` (
  `id` int NOT NULL,
  `name` varchar(255) CHARACTER SET utf8 COLLATE utf8_lithuanian_ci NOT NULL,
  `type` int DEFAULT NULL,
  `valid_till` datetime DEFAULT NULL,
  `expires_after` int DEFAULT NULL,
  `delay` int DEFAULT NULL,
  `max_width` int DEFAULT NULL,
  `content` text CHARACTER SET utf8 COLLATE utf8_lithuanian_ci,
  `position` int DEFAULT NULL,
  `active` tinyint(1) NOT NULL DEFAULT '1',
  `link` varchar(255) CHARACTER SET utf8 COLLATE utf8_lithuanian_ci DEFAULT NULL
) ENGINE=InnoDB DEFAULT CHARSET=utf8 COLLATE=utf8_lithuanian_ci;

-- --------------------------------------------------------

--
-- Table structure for table `lite_popup_urls`
--

CREATE TABLE `lite_popup_urls` (
  `popup_id` int NOT NULL,
  `status` tinyint NOT NULL DEFAULT '1',
  `url` varchar(255) CHARACTER SET utf8 COLLATE utf8_lithuanian_ci NOT NULL
) ENGINE=InnoDB DEFAULT CHARSET=utf8 COLLATE=utf8_lithuanian_ci;

-- --------------------------------------------------------

--
-- Table structure for table `lite_products`
--

CREATE TABLE `lite_products` (
  `id` int NOT NULL,
  `code` varchar(500) CHARACTER SET utf8 COLLATE utf8_lithuanian_ci DEFAULT NULL,
  `name` varchar(100) CHARACTER SET utf8 COLLATE utf8_lithuanian_ci NOT NULL,
  `purpose` varchar(255) CHARACTER SET utf8 COLLATE utf8_lithuanian_ci DEFAULT NULL,
  `short_description` text CHARACTER SET utf8 COLLATE utf8_lithuanian_ci,
  `description` text CHARACTER SET utf8 COLLATE utf8_lithuanian_ci,
  `url` varchar(255) CHARACTER SET utf8 COLLATE utf8_lithuanian_ci NOT NULL,
  `date` timestamp NULL DEFAULT CURRENT_TIMESTAMP,
  `active` tinyint NOT NULL DEFAULT '1',
  `position` int NOT NULL,
  `brand_id` int DEFAULT NULL,
  `item_group` tinyint NOT NULL,
  `modification_field_name` varchar(50) CHARACTER SET utf8 COLLATE utf8_lithuanian_ci DEFAULT NULL,
  `item_field_name` varchar(50) CHARACTER SET utf8 COLLATE utf8_lithuanian_ci DEFAULT NULL
) ENGINE=InnoDB DEFAULT CHARSET=utf8 COLLATE=utf8_lithuanian_ci;

--
-- Dumping data for table `lite_products`
--

INSERT INTO `lite_products` (`id`, `code`, `name`, `purpose`, `short_description`, `description`, `url`, `date`, `active`, `position`, `brand_id`, `item_group`, `modification_field_name`, `item_field_name`) VALUES
(1, NULL, 'MS 170', NULL, NULL, '&lt;p&gt;Malkų pjovimo pjūklas pradedantiesiems. Kombinuota svirtis užtikrina paprastą priežiūrą, taupesnis &amp;bdquo;2-MIX&amp;ldquo; variklis.&lt;/p&gt;', 'ms-170', '2021-01-06 12:51:33', 1, 1, 318, 2, NULL, NULL),
(2, NULL, 'MS 180', NULL, NULL, 'Modernus pjūklas aplinkos priežiūrai. Šoninis grandinės įtempimas užtikrina saugų ir paprastą grandinės įtempimą, ilgalaikė oro filtravimo sistema apsaugo nuo pirmalaikio oro filtro užsiteršimo, taupesnis „2-MIX“ variklis.', 'MS 180', '2021-01-06 12:51:33', 1, 2, 318, 2, NULL, NULL),
(3, NULL, 'MS 181', NULL, NULL, 'Tokios pat konstrukcijoskaip ir MS 171, bet daug našesnis. Puikiai tinka pjauti malkas.35 cm modelis tinka ir nedidelių medelių kirtimui. Metaliniai atraminiai dantukai lengvai ir tiksliai nukreipia pjūklą į pjūvį.', 'MS 180', '2021-01-06 12:51:33', 1, 3, 318, 2, NULL, NULL),
(4, NULL, 'MS 211', NULL, NULL, 'Tinka malkoms pjaustyti. Šoninis grandinės įtempimas, taupesnis „2-MIX“ variklis, perjungimas tarp vasaros ir žiemos režimų optimaliam darbui visomis sąlygomis.', 'MS 211', '2021-01-06 12:51:33', 1, 4, 318, 2, NULL, NULL),
(5, NULL, 'MS 231', NULL, NULL, 'MS 231 grandininis pjūklas idealiai tinka privatiems vartotojams ar ūkininkams mažų medžių kirtimui, malkų pjovimui ir kraštovaizdžio priežiūrai. Su pirmąja mažo profilio &quot;Picco Duro&quot; pjūklo grandine su karbido pjautuvais, pjaustymo dantukai lieka aštrūs iki keturių kartų ilgiau nei standartinių pjūklo grandinių. 70% sumažintas išmetamųjų teršalų kiekis ir degalų sąnaudos yra iki 20% mažesnės, palyginus su STIHL 2-taktų varikliu tos pačios galios, tačiau be 2-MIX technologijos.', 'MS 231', '2021-01-06 12:51:33', 1, 5, 318, 2, NULL, NULL),
(6, NULL, 'MS 251', NULL, NULL, 'Tinka malkų pjovimui miške. Šoninis grandinės įtempimas, tvirta ir ilgalaikė .325 colių pjovimo įranga, pjauti storesnius medžius galima pasirinkti 40 cm pjovimo juostą, taupesnis „2-MIX“ variklis.', 'MS 231', '2021-01-06 12:51:33', 1, 6, 318, 2, NULL, NULL),
(7, NULL, 'MS 271', NULL, NULL, 'Malkoms pjauti. Taupesnis „2-MIX“ variklis, ilgalaikė oro filtro sistema užtikrina ilgesnį filtro naudojimą, be įrankių atidaromas bako dangtelis paprastam ir saugiam degalų įpylimui, variklio gaubtą sudaro viena dalis, todėl galima greičiau atlikti techninę priežiūrą.', 'MS 271', '2021-01-06 12:51:33', 1, 7, 318, 2, NULL, NULL),
(8, NULL, 'MS 291', NULL, NULL, 'Puikiai tinka malkoms pjauti. Taupesnis „2-MIX“ variklis, ilgalaikė oro filtro sistema užtikrina ilgesnį filtro naudojimą, be įrankių atidaromas bako dangtelis paprastam ir saugiam degalų įpylimui, .325 1,6&quot; Rapid Micro pjovimo grandinė, užtikrinanti gerą darbo našumą.', 'MS 291', '2021-01-06 12:51:34', 1, 8, 318, 2, NULL, NULL),
(9, NULL, 'MS 311', NULL, NULL, 'Medžių, skirtų malkoms pjovimui vidutinio brandumo miške. Ilgalaikė oro filtravimo sistema garantuoja labai ilgą filtro naudojimo laiką, taupesnis „2-MIX“ variklis, dekompresinis vožtuvas užtikrina pjūklo\nužvedimą be pastangų.', 'MS 311', '2021-01-06 12:51:34', 1, 9, 318, 2, NULL, NULL),
(10, NULL, 'MS 391', NULL, NULL, 'Puikiai tinka medžių, skirtų malkoms, pjovimui ir statybos darbams iš medžio. Ilgalaikė oro filtravimo sistema garantuoja labai ilgą filtro naudojimo laiką, taupesnis „2-MIX“ variklis, dekompresinis vožtuvas užtikrina pjūklo užvedimą be pastangų.', 'MS 391', '2021-01-06 12:51:34', 1, 10, 318, 2, NULL, NULL),
(11, NULL, 'MS 151 C-E', NULL, NULL, 'Labai lengvas STIHL grandininis pjūklas malkoms pjaustyti, medžių priežiūros ir paprasčiausiems miško retinimo darbams. Ergonomiškas ir nevarginantis dirbant. Itin tausojantis jėgas pjūklo užvedimas dėka rankinio degalų siurblio ir STIHL „ErgoStart“. Lengvai valdoma 1/4 colio „PM3“ pjovimo grandinė labai dailiam pjūviui. Naujasis „2-MIX“ variklis, skirtas didesnei pjovimo galiai.', 'MS 151 C-E', '2021-01-06 12:51:34', 1, 11, 318, 2, NULL, NULL),
(12, NULL, 'MS 241 C-M', NULL, NULL, 'Puikiai tinka plonos medienos pjovimui, kai didesnė variklio galia ir mažesnis svoris. Standartinis modelis su „M‑Tronic” sistema, ilgalaikė oro filtravimo sistema su HD2 filtru, užtikrinančiu ilgesnius valymo intervalus,užsifiksuojanti veržlė ant grandinės žvaigždutės dangtelio, taupesnis „2-MIX“ variklis, 3/8 colių PS pjovimo grandinė, užtikrinanti itin didelį pjovimo našumą.', 'MS 241 C-M', '2021-01-06 12:51:34', 1, 12, 318, 2, NULL, NULL),
(13, NULL, 'MS 201 C-M', NULL, NULL, 'Galingiausias STIHL grandininis pjūklas su specialiai priderinta antivibracine sistema, tiksliam pjovimui ir skaptavimui. Standartinis modelis su „M-Tronic“, taupesnis „2-MIX“ variklis, STIHL „ElastoStart“ paprastesniam grandininio pjūklo užvedimui, su STIHL „Carving“ juosta, 1/4 colių RMS pjovimo grandine tiksliam ir saugiam darbui.', 'MS 201 C-M', '2021-01-06 12:51:34', 1, 13, 318, 2, NULL, NULL),
(14, NULL, 'MS 261', NULL, NULL, 'Labai lengvas, patogus ir galingas motorinis pjūklas profesionalams. Lyginant su ankstesniu modeliu, šis grandininis pjūklas pasižymi geresniu sukimo momentu ir traukos jėga. Į serijinę komplektaciją įeina: lengvai valomas HD2 filtras, alyvos kiekį reguliuojantis siurblys, amortizatorius iš nerūdijančio legiruoto plieno, nuo pametimo apsaugota veržlė ant varančiosios žvaigždutės dangčio ir vientisas viršutinis gaubtas su trimis greito fiksavimo varžtais. Su STIHL &quot;2-MIX&quot; varikliu iki 20 % mažesnės degalų sąnaudos ir iki 50 % mažiau išmetamųjų dujų, palyginti su tokios pačios galios STIHL dvitakčiais varikliais be &quot;2-MIX&quot; technologijos.', 'MS 261', '2021-01-06 12:51:34', 1, 14, 318, 2, NULL, NULL),
(15, NULL, 'MS 362', NULL, NULL, 'Modernus motorinis pjūklas su „2-MIX“ varikliu, skirtas degalų sąnaudoms iki 20 % sumažinti ir išmesti iki 50 % mažiau išmetamųjų dujų, palyginti su tradiciniais STIHL dvitakčiais varikliais be „2-MIX“ technologijos. Kita įranga: ilgalaikė oro filtravimo sistema su pirminiu nusodintuvu, profesionali STIHL antivibracinė sistema mažam vibracijos lygiui užtikrinti ir optimalus valdymas bei reguliuojamas alyvos siurblys. Labai efektyvus dirbant su vidutinio storio medžiais.', 'MS 261', '2021-01-06 12:51:34', 1, 15, 318, 2, NULL, NULL),
(16, NULL, 'MS 462', NULL, NULL, 'Lengviausi, itin galingi pjūklai, kurių tūrio klasė 70 cm3. Itin manevringi, puikaus pagreičio. Skirti kirsti, genėti šakas vidutinio brandumo ir brandžiuose miškuose. Puikiai filtruojantis HD2 filtras. Užsifiksuojančios veržlės ant grandinės žvaigždutės dangtelio supaprastina pjovimo grandinės keitimą, be įrankių užsukami bakų dangteliai, paprastam ir saugiam eksploatacinių medžiagų įpylimui, taupesnis „2-MIX“ variklis. Ypatinga STIHL MS 462 savybė yra itin didelis pagreitis, kada pjovimo grandinė nuo 0 iki 100 km/h greitį pasiekia tik per 0,3 sekundės.', 'MS 261', '2021-01-06 12:51:34', 1, 16, 318, 2, NULL, NULL),
(17, NULL, 'MS 661', NULL, NULL, 'Galingas pjūklas, skirtas sunkiausiems darbams miškininkystės sektoriuje. Alyvos kiekį reguliuojantis našus alyvos siurblys, naujas labai gerai filtruojantis HD2 oro filtras, neteršiantis aplinkos ir taupusis 2 - MIX variklis.', 'MS 261', '2021-01-06 12:51:34', 1, 17, 318, 2, NULL, NULL),
(18, NULL, 'MS 500i', NULL, NULL, 'Naujoviškas STIHL MS 500i pjūklas – tai pirmasis pasaulyje pjūklas, kuriam būdinga elektroniškai valdoma kuro įpurškimo sistema. Šis pjūklas yra dinamiškas, itin našus jo variklis įsibėgėja labai greitai. Šitas įrankis, turintis ypač sėkmingą bei lengvą konstrukciją, pasiekia įspūdingai žemą galios ir svorio santykį, jis sudaro 1,24 kg/W. STIHL MS 500i aukšto sukimo momento pjūklas itin tinka dideliems medžiams profesionaliai kirsti. Dirbant su MS 500i, galima maksimaliai mėgautis valdymu, nes šis pjūklas yra itin našus. Jam būdinga paprasta paleidimo tvarka, be to, šį įrankį lengva naudoti bet kokiomis sąlygomis. Jutikliu matuojama kuro kokybė užtikrina, kad mišinys būtų parinktas, atsižvelgiant į deguonies kiekį ore. Šį pjūklą, kaip ir MS 462, lengva valdyti, be to, nauji atraminiai dygliai ir žvaigždutės dangtelis leidžia priglausti jį arti medžio kamieno.', 'MS 500i', '2021-01-06 12:51:35', 1, 18, 318, 2, NULL, NULL),
(19, NULL, 'MS 150 TC-E', NULL, NULL, 'Lengviausi STIHL medžių priežiūros pjūklai b. Rankinis degalų siurblys ir STIHL „ErgoStart“ garantuoja paprastą užvedimą. Standartiniai modeliai su 1/4 colių pjovimo grandine švariam pjūviui.', 'MS 150 TC-E', '2021-01-06 12:51:35', 1, 19, 318, 2, NULL, NULL),
(20, NULL, 'MS 201 TC-M', NULL, NULL, 'Galingiausias STIHL medžių priežiūros pjūklas. Standartinis modelis su „M-Tronic“ sistema, kuri skirta optimaliam variklio našumui pasiekti nuo užvedimo pradžios, taupesnis „2-MIX“ variklis, nuo pametimo apsaugota veržlė ant varančiosios žvaigždutės dangtelio, pjūklo svorį mažinanti lengvos konstrukcijos pjovimo juosta.', 'MS 201 TC-M', '2021-01-06 12:51:35', 1, 20, 318, 2, NULL, NULL),
(21, NULL, 'MS 194 T', NULL, NULL, 'Įvairiapusiai STIHL medžių priežiūros pjūklai. Įvairiems darbams tokiems, kaip vainikų priežiūra, negyvos medienos šalinimas arba kamienų ir krūmų ūglių šalinimas. Su 3/8&quot; colio „P“ pjovimo grandine švariam pjūviui. Naujasis „2-MIX“ variklis didesnei pjovimo galiai.', 'MS 194 T', '2021-01-06 12:51:35', 1, 21, 318, 2, NULL, NULL),
(22, NULL, 'MS 462 C-M R', NULL, NULL, 'Galingas 4.4kW pjūklas su 2-MIX variklius. Puikiai tinka ugniagesių, techninės pagalbos tarnybų darbams su ypač atspariomis pjovimui medžiagomis. Lengvai reguliuojamas pjovimo gylis. Didelė užvedimo rankena. Speciali Rapid Duro R pjovimo grandinė, pagaminta iš smūgiams atsparių kietmetalio plokštelių. STIHL M-Tronic su tikslaus degalų kiekio apskaičiavimo funkcija užtikrina optimalų variklio našumą ir lengvą paleidimą bet kuriuo metu. Našus, aukštos kokybės alyvos siurblys – nuolatiniam grandinės tepimui, lengvai valomas HD2 filtras, be įrankių užsukami bakų dangteliai, paprastam ir saugiam eksploatacinių medžiagų įpylimui.', 'MS 462 C-M R', '2021-01-06 12:51:35', 1, 22, 318, 2, NULL, NULL),
(23, NULL, 'MSA 120 C-BQ', NULL, NULL, 'Ypač lengvas akumuliatorinis  pjūklas sodo ir sklypo priežiūrai bei gulinčios medienos pjovimui. Su STIHL greituoju grandinės įtempimu ir grandinės stabdžiu QuickStop Super. Pjovimo grandinė 1/4 &quot;-PM3 skirta  puikiam pjūviui ir aukštam pjovimo našumui. Tylus, nereikalinga klausos apsauga.', 'MSA 120 C-BQ', '2021-01-06 12:51:35', 1, 23, 318, 2, NULL, NULL),
(24, NULL, 'MSA 140 C-BQ', NULL, NULL, 'Lengvi akumuliatoriniai grandininiai pjūklai, skirti sklypo priežiūrai\nir paprastiems meistravimo darbams. 25 % daugiau pjovimo galios lyginant su MSA 120 C-BQ. Paminkštinta rankena, greitas\nir patogus grandinės keitimas dėka STIHL greito grandinės įtempimo, grandinės stabdys „QuickStop Super“, alyvos bakelis su skaidriu langeliu, didelė pjovimo galia dėka 1/4 colio PM3 pjovimo grandinės, svoris 2,6 kg.', 'MSA 140 C-BQ', '2021-01-06 12:51:35', 1, 24, 318, 2, NULL, NULL),
(25, NULL, 'MSA 160 C-BQ', NULL, NULL, 'Akumuliatoriniai motoriniai pjūklai, skirti darbui vietose, kuriose negalima kelti triukšmo, klausos apsauga nereikalinga. STIHL greitasis grandinės įtempimas, &quot;QuickStop Super&quot; grandinės stabdys, be įrankių uždaromas degalų bako dangtelis, su 1/4 colių PM3 pjovimo grandine puikiam ir galingam pjūviui, svoris 3,2 kg.', 'MSA 160 C-BQ', '2021-01-06 12:51:35', 1, 25, 318, 2, NULL, NULL),
(26, NULL, 'MSA 161 T', NULL, NULL, 'Lengvas profesionalus akumuliatorinis medžių priežiūros pjūklas, skirtas naudoti vietose, kuriose negalima kelti triukšmo. 1/4 colio „PM3“ pjovimo grandinė švariam pjūviui ir dideliam pjovimo našumui, optimizuota valdymo koncepcija, užsifiksuojančios veržlės ant varančiosios žvaigždutės dangtelio, svoris 2,1 kg.', 'MSA 161 T', '2021-01-06 12:51:35', 1, 26, 318, 2, NULL, NULL),
(27, NULL, 'MSA 200 C-BQ', NULL, NULL, 'Didesnės galios akumuliatoriniai grandininiai pjūklai, skirti darbui vietose, kuriose negalima kelti triukšmo. Klausos apsauga nereikalinga. STIHL greitasis grandinės įtempimas, &quot;QuickStop Super&quot; grandinės stabdys, be įrankių uždaromas degalų bako dangtelis, su 1/4 colių PM3 pjovimo grandine puikiam ir galingam pjūviui, svoris 3,3 kg.', 'MSA 200 C-BQ', '2021-01-06 12:51:35', 1, 27, 318, 2, NULL, NULL),
(28, NULL, 'MSA 220 C-BQ', NULL, NULL, 'MSA 220 C-B yra galingiausias STIHL akumuliatorinis grandininis pjūklas. Aukščiausio lygio pjovimas ir našumas leidžia dirbti greitai ir be pertraukų - pjaunant ir genint mažo skersmens medieną, prižiūrint jaunus medžius ir krūmus. Grandinės greitis iki 24 m/s užtikrina greitą darbo eigą. Aukščiausios savybės padaro šį gaminį ypač tvirtą ir tinkamą naudoti bet kokiomis oro sąlygomis. Tai puikus akumuliatorinis pjūklas reikliems vartotojams. Šiam pjūklui rekomenduojamas naujasis akumuliatorius AP 300 S, kad užtikrintų aukščiausią pjūklo pjovimo efektyvumą ir leidžia jį naudoti profesionaliam darbui kartu su kitais profesionaliais STIHL AP serijos įrankiais.', 'MSA 220 C-BQ', '2021-01-06 12:51:35', 1, 28, 318, 2, NULL, NULL),
(29, NULL, 'MSE 141 C', NULL, NULL, 'Patogus, lengvas, gerai pjaunantis pradedantiesiems tinkamas modelis. Ergonomiškas, skirtas jėgas taupančiam darbui, šoninis grandinės įtempimas, skirtas saugiai ir lengvai įtempti grandinę, grandinės stabdys „QiuckStop Super“, alyvos bakelis su skaidriu langeliu, apsauga nuo perkrovos.', 'MSE 141 C', '2021-01-06 12:51:35', 1, 29, 318, 2, NULL, NULL),
(30, NULL, 'MSE 170 C-Q', NULL, NULL, 'Didesnio našumo elektrinis grandininis pjūklas. Labai ergonomiškas, tausojančiam jėgas darbui, grandinės stabdys „QuickStop Super“, švelni rankena geram laikymui ir maloniam darbui, be įrankių atsukamas alyvos bakelio dangtelis paprastam ir saugiam pjovimo grandinės tepalui įpilti, apsauga nuo perkrovų.', 'MSE 170 C-Q', '2021-01-06 12:51:36', 1, 30, 318, 2, NULL, NULL),
(31, NULL, 'MSE 190 C-Q', NULL, NULL, 'Didesnio našumo pjūklas, tinkantis statybos darbams ir malkoms pjaustyti. Optimaliai ergonomiški, jėgas tausojančiam darbui, grandinės stabdys „QuickStop Super“, atleidus galinę rankeną, pjovimo grandinė iš karto sustoja, švelni rankena geram laikymui ir maloniam darbui, apsauga nuo perkrovų.', 'MSE 190 C-Q', '2021-01-06 12:51:36', 1, 31, 318, 2, NULL, NULL),
(32, NULL, 'MSE 210 C-BQ', NULL, NULL, 'Stiprus, galingas elektrinis pjūklas, labai ergonomiškas, tausojančiam jėgas darbui. Grandinės greitasis įtempimas greitam ir saugiam grandinės įtempimui be įrankių, švelni rankena maloniam darbui, grandinės stabdys „QuickStop Super“, be įrankių atsukamas bako dangtelis paprastam ir saugiam pjovimo grandinės tepalu įpilti, apsauga nuo perkrovos.', 'MSE 210 C-BQ', '2021-01-06 12:51:36', 1, 32, 318, 2, NULL, NULL),
(33, NULL, 'HS 56 C-E', NULL, NULL, 'Puikiai tinka profesionaliems sodininkams ir ūkininkams. STIHL antivibracinė sistema. STIHL „ErgoStart“. Ilgalaikė oro filtravimo sistema. „2-MIX“ variklis. Be įrankių atidaromas degalų bako dangtelis. Išgaląstos abejos pjovimo peilių ašmenų pusės. Integruota apsauga nuo pjovimų ir ašmenų galo apsauga.', 'MSE 230 C-BQ', '2021-01-06 12:51:36', 1, 33, 318, 2, NULL, NULL),
(34, NULL, 'MSE 230 C-BQ', NULL, NULL, 'Galingas elektrinis grandininis pjūklas statybos darbams iš medžio. STIHL grandinės greitasis įtempimas greitam ir saugiam grandinės įtempimui be įrankių, grandinės stabdys „QuickStop Super“, todėl atleidus galinę rankeną, pjovimo grandinė iš karto sustoja. Švelni rankena maloniam darbui, šviesos diodų perkrovos indikatorius.', 'MSE 250 C-Q', '2021-01-06 12:51:36', 1, 34, 318, 2, NULL, NULL),
(35, NULL, 'MSE 250 C-Q', NULL, NULL, 'Galingiausias STIHL grandininis pjūklas sudėtingiausiems statybos iš medžio darbams. 3/8 colių RS3 pjovimo grandinė užtikrina didelį pjovimo našumą, šoninis grandinės įtempimas, visiškai elektroninis variklio valdymas, švelni rankena maloniam darbui, grandinės stabdys „QuickStop Super“, šviesos diodų perkrovos indikatorius.', 'HS 45', '2021-01-06 12:51:36', 1, 35, 318, 2, NULL, NULL),
(36, NULL, 'HS 45', NULL, NULL, 'Modelis pradedantiesiems, skirtas krūmų ir gyvatvorių priežiūrai sode. STIHL antivibracinė sistema. STIHL „ElastoStart“. Ilgalaikė oro filtravimo sistema. „2-MIX“ variklis. Išgaląsta viena pjovimo peilių pusė. Integruota apsauga nuo įpjovimų.', 'HS 45', '2021-01-06 12:51:36', 1, 36, 318, 2, NULL, NULL),
(37, NULL, 'HS 82', NULL, NULL, NULL, 'HS 82', '2021-01-06 12:51:36', 1, 37, 318, 2, NULL, NULL),
(38, NULL, 'HS 82', NULL, NULL, 'Profesionalus įrenginys. Nedidelis peilio greitis galingesniam pjūviui. „2-MIX“ variklis, STIHL antivibracinė sistema, ilgalaikė oro filtravimo sistema, iš dviejų pusių užaštrintas peilis, pjaunantis ir atbuline eiga, pasukama daugiafunkcė rankena, prisukama apsauga nuo įpjovimų ir ašmenų galo apsauga, stabdymo mygtukas.', 'HS 82', '2021-01-06 12:51:36', 1, 38, 318, 2, NULL, NULL),
(39, NULL, 'HSA 26', NULL, NULL, 'Lengvos ir kompaktiškos akumuliatorinės žirklės su krūmynų peiliu,skirtos apkarpyti ir prižiūrėti mažesnes ir visžales gyvatvores bei mažalapius dekoratyvinius medžius. Optimizuotos STIHL peilių geometrijos krūmynų peiliai optimaliam rezultatui pasiekti. Su žolės peiliu apipjauti ir vejos kraštams. Neslidi valdymo rankena užtikrina puikią ergonomiką, greitai be įrankių keičiami peiliai, įkrovos būsenos indikatorius, kad bet kuriuo metu būtų žinoma likusi akumuliatoriaus talpa. Akumuliatorius AS 2 tinka tik AS sistemos produktams,bet nesuderinamas su HSA 25.\n\nRinkinyje:\n1 x ličio jonų akumuliatorius AS 2, 28 Wh, 10,8 V\n1 x standartinis įkroviklis AL 1\n1 x krūmynų peilis, pjovimo ilgis 20 cm, įsk. peilio apsaugą\n1 x žolės peilis, pjovimo plotis 12 cm, įsk. peilio apsaugą\n1 x juodas / oranžinis gabenimo krepšys su ąselėmis tvirtinti prie sienos', 'HS 82', '2021-01-06 12:51:36', 1, 39, 318, 2, NULL, NULL),
(40, NULL, 'HSA 45', NULL, NULL, 'Labai lengvos, puikiai pjaunančios akumuliatorinės gyvatvorių\nžirklės. Iš vienos pusės užaštrinti peiliai, tarpas tarp dantukų 24 mm, sumontuota apsauga nuo įpjovimo, prisukama ašmenų galo apsauga, įmontuotas akumuliatorius, su įkrovos indikatoriumi, svoris 2,3 kgc. Akumuliatoriaus įkrovimo laikas 145 min / 210 min (80 % /100 %).', 'HS 82', '2021-01-06 12:51:36', 1, 40, 318, 2, NULL, NULL),
(41, NULL, 'HSA 56', NULL, NULL, 'Lengvos, gero pjovimo našumo akumuliatorinės gyvatvorių žirklės  gyvatvorei ir krūmams karpyti aplink namus. Lengva naudoti. Tyliai veikia. Nereikalinga klausos apsauga . Abiem ašmenų pusėmis pjaunantis peilis. Novatoriška, lašo formos peilio geometrija užtikrina geresnį šakelių sugriebimą.', 'HSA 56', '2021-01-06 12:51:36', 1, 41, 318, 2, NULL, NULL),
(42, NULL, 'HSA 66', NULL, NULL, 'Akumuliatorinės gyvatvorių žirklės yra lengvos ir labai efektyvios.\nUžtikrina vienodą peilių eigą net ir dirbant sudėtingiausius darbus.\n30 mm atstumas tarp lašo formos peilių dantukų užtikrina\ngeresnį šakų suėmimą. Pjovimo peilis išgaląstas iš vienos pusės.\nIntegruota apsauga nuo įpjovimų. Prisukama viršūnės apsauga.\nSvoris 3,1 kg', 'HSA 66', '2021-01-06 12:51:37', 1, 42, 318, 2, NULL, NULL),
(43, NULL, 'HSA 86', NULL, NULL, 'HSA 86 akumuliatorinės gyvatvorių žirklės yra lengvesnės, dar galingesnės ir veiksmingesnės nei jų pirmtakės. Užtikrina pastovų kirtimo dažnį, genėjant storas gyvatvores. STIHL EC variklis taip pat užtikrina ilgesnį veikimo laiką už ankstesnį modelį. 33mm dantukų tarpai ir didesni intervalai pjovimo kreiptuve palengvina storų šakelių pjovimą. Pjovimo ašmenys su dviašmeniais dantukais.', 'HSA 86', '2021-01-06 12:51:37', 1, 43, 318, 2, NULL, NULL),
(44, NULL, 'HSA 94', NULL, NULL, NULL, 'HSA 94', '2021-01-06 12:51:37', 1, 44, 318, 2, NULL, NULL),
(45, NULL, 'HSE 42', NULL, NULL, 'Idealiai tinka šakelėms ir plonesnėms šakoms smulkinti ir pjauti. Integruota apsauga nuo įpjovimų. Nedidelė rankų apsauga. Mechaninis peilių stabdys. Išgaląsta viena pjovimo peilių ašmenų pusė. Įtempimo kompensavimas su fiksatoriumi.', 'HSA 94', '2021-01-06 12:51:37', 1, 45, 318, 2, NULL, NULL),
(46, NULL, 'HSE 52', NULL, NULL, 'Puikiai tinka šakelėms ir plonesnėms šakoms smulkinti ir pjauti. Integruota apsauga nuo įpjovimo, prisukama ašmenų apsauga, nedidelė rankų apsauga, mechaninis peilių stabdys, išgaląsta viena ašmenų pusė, įtempimo kompensavimas. Ašmenų galo apsauga.', 'HSE 52', '2021-01-06 12:51:37', 1, 46, 318, 2, NULL, NULL),
(47, NULL, 'HSE 61', NULL, NULL, '5 padėčių pasukama rankena lanksčiam, patogiam pjovimui. Integruota apsauga nuo įpjovimų. Prisukama ašmenų apsauga. Koto ilgintuvas. Išgaląsta viena pjovimo peilių ašmenų pusė. Maža vibracija. Įtempimo kompensavimas.', 'HSE 61', '2021-01-06 12:51:37', 1, 47, 318, 2, NULL, NULL),
(48, NULL, 'HSE 71', NULL, NULL, 'Tinka storesnėms šakoms kirpti. Integruota apsauga nuo įpjovimų. Prisukama ašmenų galo apsauga. Koto ilgintuvas. Išgaląsta viena pjovimo peilių ašmenų pusė. 5 padėčių pasukama rankena. Maža vibracija. Įtempimo kompensavimas.', 'HSE 71', '2021-01-06 12:51:37', 1, 48, 318, 2, NULL, NULL),
(49, NULL, 'HLA 56', NULL, NULL, 'Lengvas akumuliatorinis karpytuvas aukštesnėms gyvatvorėms ir krūmams namuose. Reguliuojamas ašmenų kampas nuo -45 ° iki + 90 °, reguliuojamas koto ilgis, skirtas lengvai transportuoti. Transportavimo ilgis: 115 cm. Bendras ilgis: 210 cm.', 'HLA 56', '2021-01-06 12:51:37', 1, 49, 318, 2, NULL, NULL),
(50, NULL, 'HLA 65', NULL, NULL, 'Akumuliatorinis karpytuvas aukštoms ir plačioms gyvatvorėms. Pastovi peilių eiga nepriklausanti nuo apkrovos, galima sulenkti, idealiai nustatomos gyvatvorių viršaus, šonų ir apačios kirpimui, iki 115° pasukama kirpimo juosta, toli pasiekianti, peiliai išgaląsti iš abiejų pusių, ilgis gabenimo padėtyje 205 cm, svoris 3,5 kg.', 'HLA 65', '2021-01-06 12:51:37', 1, 50, 318, 2, NULL, NULL),
(51, NULL, 'HLA 85', NULL, NULL, 'Aukštai pasiekiantis akumuliatorinis karpytuvas su teleskopiniu kotu skirtas profesionalams. Švelniai reguliuojamas greitis, idealiai nustatomas gyvatvorių viršaus, šonų ir apačios kirpimui, iki 115° pasukama kirpimo juosta, peiliai galąsti iš abiejų pusių, juostos ilgis reguliuojamas be įrankių naudojant greito įtempimo svirtį, ilgis gabenimo padėtyje 108 cm, bendras ilgis 206-330 cm, svoris 4,4 kg.', 'HLA 85', '2021-01-06 12:51:37', 1, 51, 318, 2, NULL, NULL),
(52, NULL, 'HLA 135', NULL, NULL, NULL, 'HLA 135', '2021-01-06 12:51:37', 1, 52, 318, 2, NULL, NULL),
(53, NULL, 'HT 133', NULL, NULL, 'Ypač galingi pjūviai su aukštapjove, pasižyminčia geriausiu galios ir svorio santykiu. Skirta sodininkystei bei profesionaliai medžių priežiūrai. Lengva, kompaktiška pavara su užsifiksuojančia veržle ant grandinės žvaigždutės dangtelio, 1/4 colio PM3 pjovimo grandinė, užtikrinanti maksimalią pjovimo galią, „4-MIX®“ variklis su supaprastinta užvedimo sistema. Dėka mažo svorio keturbriaunio teleskopinio koto yra labai ergonomiška ir tvirta, bendras ilgis 270 – 390 cm.', 'HT 133', '2021-01-06 12:51:37', 1, 53, 318, 2, NULL, NULL),
(54, NULL, 'HTA 66', NULL, NULL, NULL, 'HTA 66', '2021-01-06 12:51:37', 1, 54, 318, 2, NULL, NULL),
(55, NULL, 'HTA 86', NULL, NULL, NULL, 'HTA 86', '2021-01-06 12:51:38', 1, 55, 318, 2, NULL, NULL),
(56, NULL, 'HTA 135', NULL, NULL, NULL, 'HTA 135', '2021-01-06 12:51:38', 1, 56, 318, 2, NULL, NULL),
(57, NULL, 'KM 131', NULL, NULL, 'Profesionaliam naudojimui su didelio efektyvumo reikalavimais. Supaprastinta paleidimo eiga patogiam užvedimui, didesnis degalų bakas ilgesnei darbo trukmei, popierinis oro filtras,dvipusė rankena, „4-MIX®“ variklis.', 'KM 131', '2021-01-06 12:51:38', 1, 57, 318, 2, NULL, NULL),
(58, NULL, 'KM 131 R', NULL, NULL, 'Profesionaliam naudojimui, kai keliami aukšti kokybės reikalavimai. Supaprastinta paleidimo eiga patogiam užvedimui, didesnis degalų bakas ilgesnei darbo trukmei, popierinis oro filtras, kilpinė rankena, „4-MIX®“ variklis.', 'KM 131 R', '2021-01-06 12:51:38', 1, 58, 318, 2, NULL, NULL),
(59, NULL, 'KMA 130 R', NULL, NULL, 'Galingas, mažo svorio akumuliatorinis „Kombi“ variklis su dideliu sukimo momentu. Trys galios pakopos, skirtos efektyviam energijos vartojimui ir tyliems bet kokio pobūdžio darbams, nešiojimo diržas, svoris 3,2 kg.', 'KMA 130 R', '2021-01-06 12:51:38', 1, 59, 318, 2, NULL, NULL),
(60, NULL, 'KMA 135 R', NULL, NULL, NULL, 'KMA 135 R', '2021-01-06 12:51:38', 1, 60, 318, 2, NULL, NULL),
(61, NULL, 'MM 56', NULL, NULL, 'Skirtas įvairiems vejos priežiūros, dirvos apdirbimo ir paviršiaus valymo darbams. Platus STIHL „Multi“ įrankių pasirinkimas, sulankstomas rėmas lengvam gabenimui, supaprastinta paleidimo eiga patogiam įjungimui, stabdymo mygtukas, popierinis oro filtras.', 'MM 56', '2021-01-06 12:51:38', 1, 61, 318, 2, NULL, NULL),
(62, NULL, 'BF-KM dirvos freza', NULL, NULL, 'Dirvų freza tinka visiems &quot;Kombi&quot; varikliams ir FR 130 T. Lengvas kultivatorius dirbti siaurose vietose. Galėsite tiksliai apdirbti netgi mažas tarpines erdves, pavyzdžiui sodinukų lysves.', 'BF-KM dirvos freza', '2021-01-06 12:51:38', 1, 62, 318, 2, NULL, NULL),
(63, NULL, 'BG-KM pūtiklis', NULL, NULL, 'Ši unikali inovatyvi STIHL &quot;Kombi&quot; sistema leidžia transformuotis į pilnavertį galingą pūtiklį. Lygiai taip pat kaip ir kiti &quot;Kombi&quot; įrankiai šis STIHL pūtiklis gali būti kaip priedas prie &quot;Kombi&quot; sistemos variklio ir su šiuo įrankiu galima valyti teritorijas, pašalinti nukritusius lapus, nupjautą žolę, valyti purų sniegą. Skirtas visiems &quot;Kombi&quot; modeliams.', 'BG-KM pūtiklis', '2021-01-06 12:51:38', 1, 63, 318, 2, NULL, NULL),
(64, NULL, 'FCB-KM pakraščių karpytuvas', NULL, NULL, NULL, 'FCB-KM pakraščių karpytuvas', '2021-01-06 12:51:38', 1, 64, 318, 2, NULL, NULL),
(65, NULL, 'FH-KM krūmynų karpytuvas', NULL, NULL, 'Pjovimui pažeme nedidelėse erdvėse bei intensyvaus eismo zonoje. Lankstus reguliavimo mechanizmas, taupanti erdvę transportavimo padėtis.', 'FH-KM krūmynų karpytuvas', '2021-01-06 12:51:38', 1, 65, 318, 2, NULL, NULL),
(66, NULL, 'FS-KM žoliapjovė', NULL, NULL, 'Puikiai tinka pievelėms su tankia žole. GSB 230-2 žolės pjovimo peilis, svoris 1,2 kg.', 'FS-KM žoliapjovė', '2021-01-06 12:51:38', 1, 66, 318, 2, NULL, NULL),
(67, NULL, 'HL-KM gyvatvorių žirklės', NULL, NULL, 'Sudėtingiems darbams, dailinant aukštą gyvatvorę bei pjovimui pažeme. Nuosekliai nustatomas reguliavimo mechanizmas, taupanti erdvę transportavimo padėtis, pjovimo ilgis 50 cm, bendras ilgis 148 cm, svoris 2,3 kg.', 'FS-KM žoliapjovė', '2021-01-06 12:51:38', 1, 67, 318, 2, NULL, NULL),
(68, NULL, 'HT-KM aukštapjovė', NULL, NULL, 'Greitai galima apipjaustyti medžius ir krūmokšnius. Šoninis įtempimas palengvina grandinės įtempimo reguliavimą. Alyvos bako kamščiai turi laikiklius, kurie neleidžia pamesti kamščio. Galimas prailginimo kotas. Skirtas visiems kombi įrenginiams su kilpine rankena.', 'HT-KM aukštapjovė', '2021-01-06 12:51:38', 1, 68, 318, 2, NULL, NULL),
(69, NULL, 'KB-KM šluota', NULL, NULL, 'Tvirti šeriai pasiekia nešvarumus net iš gilių griovelių ir vagelių. Dėl priešingos šepečio sukimosi krypties nešvarumai stumiami į priekį. Tinka visiems modeliams.', 'KB-KM šluota', '2021-01-06 12:51:38', 1, 69, 318, 2, NULL, NULL),
(70, NULL, 'RG-KM karpytuvas', NULL, NULL, '„Kombi“ įrankiu „RG-KM“ pašalinsite piktžoles, augančias tiek žvyre, tiek ant asfalto ar asfaltuotų paviršių. „RG-KM“ būdingas efektyvaus veikimo principas: viršutiniai ir apatiniai ašmenys juda maždaug 30 ° vienas į kitą pirmyn ir atgal. Dėl mažos sukimosi energijos bei nedidelio sukimosi greičio juo galima apipjauti šalikeles, šaligatvius ar eismo saleles, saugus atstumas iki daiktų, transporto priemonių sumažėja iki 3 metrų, o iki žmonių siekia 5 metrus. Be to, galimybė užsikimšti pjaunama mase itin maža. Iki šiol ravėjimas dažnai buvo sunkus darbas, tačiau dirbant su galinga „RG-KM“, dabar tai atlikti nesunku ir efektyvu beveik kaip ravint rankomis.', 'RG-KM karpytuvas', '2021-01-06 12:51:38', 1, 70, 318, 2, NULL, NULL),
(71, NULL, 'BF-MM dirvos freza', NULL, NULL, 'Smulkina sunkią, molingą dirvą. Idealiai tinka kultivuoti iš naujo ir purenti, darbinis plotis 22 cm, svoris 2,0 kg.', 'BF-MM dirvos freza', '2021-01-06 12:51:38', 1, 71, 318, 2, NULL, NULL),
(72, NULL, 'BK-MM purentuvas', NULL, NULL, 'Paskirsto lengvą smėlėtą dirvą ir susmulkina grumstus. Puikiai tinka smulkiems darbams, pvz. tarp augančių augalų.', 'BK-MM purentuvas', '2021-01-06 12:51:38', 1, 72, 318, 2, NULL, NULL),
(73, NULL, 'FC-MM pakraščių karpytuvas', NULL, NULL, 'Lygiai nupjauna vejos pakraščius iki šaknų. Taip pat tinka išpjauti vejos lopinius, kuriuos reikia atsodinti.', 'FC-MM pakraščių karpytuvas', '2021-01-06 12:51:38', 1, 73, 318, 2, NULL, NULL),
(74, NULL, 'KB-MM šepetys', NULL, NULL, 'Kruopščiai šalina nešvarumus nuo paviršių su plyšiais ar nelygių natūralių akmeninių paviršių.', 'KB-MM šepetys', '2021-01-06 12:51:38', 1, 74, 318, 2, NULL, NULL),
(75, NULL, 'KW-MM cilindrinis šepetys', NULL, NULL, 'Nuo lygių paviršių kruopščiai pašalina birias medžiagas, smėlį, akmenukus ir lapus. Idealiai tinka šaligatviams ir gatvėms šluoti.', 'KW-MM cilindrinis šepetys', '2021-01-06 12:51:38', 1, 75, 318, 2, NULL, NULL),
(76, NULL, 'MF-MM samanų šalintuvas', NULL, NULL, 'samanų šalinimo įtaisas, samanu naikinimas, multi įrankis, stihl multi sistema, multi sistemos priedai', 'MF-MM samanų šalintuvas', '2021-01-06 12:51:39', 1, 76, 318, 2, NULL, NULL),
(77, NULL, 'RL-MM aeratorius', NULL, NULL, 'Pagerinamas šaknų augimas. Perforuoja žolės paviršių ir užtikrina optimalų aprūpinimą maistingomis medžiagomis bei ventiliavimu, darbinis plotis 20 cm, svoris 2,0 kg.', 'RL-MM aeratorius', '2021-01-06 12:51:39', 1, 77, 318, 2, NULL, NULL),
(78, NULL, 'TS 410', NULL, NULL, 'STIHL TS 410 - kompaktiškas ir tvirtas pjaustytuvas. Įrenginys turi galingą variklį, kompaktišką dizainą, lengvą užvedimo sistemą &quot;ElastoStart&quot;, kuro pompą, dekompresinį vožtuvą bei ilgalaikę filtravimo sistemą su cikloninu oro valymu - dėl to žymiai pailgėja filtro naudojimas ir priežiūros intervalai. Ypatingai maža vibracija (3.9 m/s²) ir optimizuotas balansas padeda atlikti tikslų pjūvį. Be įrankių atidaromas kamštis. Komplektuojamas su 300 mm pjovimo diskeliu. Gali būti naudojamas su vežimėliu FW 20.', 'GTA 26', '2021-01-06 12:51:39', 1, 78, 318, 2, NULL, NULL),
(79, NULL, 'TS 420', NULL, NULL, 'STIHL TS 420 - kompaktiškas ir tvirtas pjaustytuvas. Įrenginys turi galingą variklį, kompaktišką dizainą, lengvą užvedimo sistemą &quot;ElastoStart&quot;, kuro pompą, dekompresinį vožtuvą bei ilgalaikę filtravimo sistemą su cikloninu oro valymu - dėl to žymiai pailgėja filtro naudojimas ir priežiūros intervalai. Ypatingai maža vibracija (3.9 m/s²) ir optimizuotas balansas padeda atlikti tikslų pjūvį. Be įrankių atidaromas kamštis. Komplektuojamas su 350 mm pjovimo diskeliu. Gali būti naudojamas su vežimėliu FW 20.', 'TS 420', '2021-01-06 12:51:39', 1, 79, 318, 2, NULL, NULL),
(80, NULL, 'TS 500i', NULL, NULL, 'Pirmasis pasaulyje tokio tipo įrenginys su pilna kuro įpurškimo sistema &quot;STIHL Injection&quot;. Naujoviškas 3,9 kW pjaustytuvas pasižymi dideliu sukimo momentu ir yra lengvai paleidžiamas, turi sumontuotą ilgalaikę oro filtravimo sistemą ir elektroninį vandens valdiklį. Komplektuojamas su 350 mm pjovimo disku. Valdomas rankomis arba galima naudoti su vežimėliu FW 20.', 'TS 500i', '2021-01-06 12:51:39', 1, 80, 318, 2, NULL, NULL),
(81, NULL, 'TS 700', NULL, NULL, 'Galingas 5,0 kW pjaustytuvas sukurtas našiam darbui statybose. Įrenginys turi lengvo užvedimo sistemą &quot;ElastoStart &quot;, kompensacinį ir dekompresinį vožtuvą, be to, dėl oro filtravimo sistemos su cikloniniu valymu - oro filtro tarnavimo laikas tampa ypač ilgas bei taip sumažindamas techninės priežiūros intervaralų skaičių. Komplektuojamas su 350 mm pjovimo disku. Valdomas rankomis arba stumiamu vežimėliu FW 20.', 'TS 700', '2021-01-06 12:51:39', 1, 81, 318, 2, NULL, NULL),
(82, NULL, 'TS 800', NULL, NULL, 'Galingas 5,0 kW pjaustytuvas sukurtas našiam darbui statybose. Įrenginys turi lengvo užvedimo sistemą &quot;ElastoStart &quot;, kompensacinį ir dekompresinį vožtuvą, be to, dėl oro filtravimo sistemos su cikloniniu valymu - oro filtro tarnavimo laikas tampa ypač ilgas bei taip sumažindamas techninės priežiūros intervaralų skaičių. Komplektuojamas su 400 mm pjovimo disku. Valdomas rankomis arba stumiamu vežimėliu FW 20.', 'TS 800', '2021-01-06 12:51:39', 1, 82, 318, 2, NULL, NULL),
(83, NULL, 'TSA 230', NULL, NULL, 'Pirmasis pasaulyje akumuliatorinis pjaustytuvas su vandens\npadavimu, 230 mm pjovimo diskas. Skirtas lauko ir vidaus\ndarbams, pjovimo gylis iki 70 mm, vandens jungtis su rutuliniu\nvožtuvu ir žarnos mova, veleno fiksavimo įtaisu, nereikalaujanti\npriežiūros diržinė pavara, svoris 3,9 kg.\nTSA 230 be akumuliatoriaus ir įkroviklio', 'TSA 230', '2021-01-06 12:51:39', 1, 83, 318, 2, NULL, NULL),
(84, NULL, 'GS 461', NULL, NULL, 'Motorinio pjūklo ir pjaustytuvo derinys: toks yra naujasis STIHL pjoviklis GS 461. Pirmiausia pasižymi geru galios ir svorio santykiu, dideliu pjovimo gyliu, galimybe atlikti tikslius pjūvius kampuose ir sunkiai prienamose vietose. Idealiai tinka pjauti betonui, mūrui, betoniniams ar plastiškiems ketaus vamzdžiams ir kita. Pjovimo juosta pritaikyta sunkiam darbui. Jos priekyje yra nukreipti vandens kanalai gersniam aušinimui. Speciali deimantinė pjovimo grandinė variklio galią paverčia optimalia pjovimo galia.', 'GS 461', '2021-01-06 12:51:39', 1, 84, 318, 2, NULL, NULL),
(85, NULL, 'FS 38', NULL, NULL, 'Lengviausia STIHL asortimento žoliapjovė. Puikiai tinka pjauti pievos kraštus. Daugiafunkcė lanko formos rankena. „2-MIX“ variklis.', 'FS 38', '2021-01-06 12:51:39', 1, 85, 318, 2, NULL, NULL),
(86, NULL, 'FS 40', NULL, NULL, 'Viena iš lengviausių, naujos kartos žoliapjovė. Moderni išorė, patogus valdymas ir labai paprasta užvedimo sistema - šios savybės yra svarbiausios STIHL naujos kartos žoliapjovių serijoje. Veiksmų skaičius, reikalingas užvesti žoliapjovę, buvo ženkliai sumažintas. Naujas 2-taktis variklis su degiojo mišinio recirkuliacija duoda greitą akseleraciją, mažą išmetamųjų dujų emisiją, sumažina degalų suvartojimą. Lanko formos rankena ir &quot;AutoCut&quot; pjovimo galva idealiai tinka pjauti mažus žolės plotus.', 'FS 40', '2021-01-06 12:51:39', 1, 86, 318, 2, NULL, NULL),
(87, NULL, 'FS 50', NULL, NULL, 'Viena iš lengviausių naujos kartos žoliapjovių. Moderni išorė, patogus valdymas ir labai paprasta užvedimo sistema - šios savybės yra svarbiausios STIHL naujos kartos žoliapjovių serijoje. Veiksmų skaičius, norint užvesti krūmapjovę, buvo ženkliai sumažintas. Naujas 2-taktis variklis su degiojo mišinio recirkuliacija duoda greitą akseleraciją, mažą išmetamųjų dujų emisiją, sumažina degalų suvartojimą. Lanko formos rankena ir &quot;Autocut&quot; pjovimo galva idealiai tinka pjauti mažus žolės plotus. Idealiai tinka apipjauti kampus. Lanko formos rankena gali būti lengvai reguliuojama be jokių papildomų priedų.', 'FS 50', '2021-01-06 12:51:39', 1, 87, 318, 2, NULL, NULL),
(88, NULL, 'FS 55', NULL, NULL, 'Komfortabiliam darbui siaurose vietose. Daugiafunkcė rankena, dvipusė rankena, rankenos reguliavimas nenaudojant įrankių, „2 MIX“ variklis, paprastas nešiojimo diržas.', 'FS 55', '2021-01-06 12:51:39', 1, 88, 318, 2, NULL, NULL),
(89, NULL, 'FS 56', NULL, NULL, 'Naujos kartos motorinė žoliapjovė. Moderni išorė, patogus valdymas ir labai paprasta užvedimo sistema - šios savybės yra svarbiausios STIHL naujos kartos žoliapjovių serijoje. Veiksmų skaičius, norint užvesti žoliapjovę, buvo ženkliai sumažintas. Naujas 2-taktis variklis su degiojo mišinio recirkuliacija duoda greitą akceleraciją, mažą išmetamųjų dujų emisiją, sumažina degalų suvartojimą. Standartiškai komplektuojama su reguliuojamomis plačiomis rankenomis.', 'FS 56', '2021-01-06 12:51:40', 1, 89, 318, 2, NULL, NULL),
(90, NULL, 'FS 70', NULL, NULL, 'Ypatingai tvirta 0.9 kW galios benzininė krūmapjovė su plačiomis rankenomis. 2-Mix variklis sunaudoja 20% mažiau kuro ir išmeta 70% mažiau kenksmingų medžiagų lyginant su įprasta 2-Mix technologija. ErgoStart sistema palengvina užvedimą. Optimizuotas pjovimo kampas.', 'FS 70', '2021-01-06 12:51:40', 1, 90, 318, 2, NULL, NULL),
(91, NULL, 'FS 89', NULL, NULL, 'Skirta pjauti kietą žolę. Supaprastintas variklio paleidimas patogiam užvedimui, dvipusė rankena, valdymo rankena su stabdymo mygtuku, „4-MIX®“ variklis su didesniu degalų baku ilgesniam veikimui, lankstus pavaros velenas, dvipetis diržas.', 'FS 89', '2021-01-06 12:51:40', 1, 91, 318, 2, NULL, NULL),
(92, NULL, 'FS 91', NULL, NULL, 'Skirta pjauti kietą žolę. Supaprastintas variklio paleidimas patogiam užvedimui, dvipusė rankena, valdymo rankena su stabdymo mygtuku, „4-MIX®“ variklis su didesniu degalų baku ilgesniam veikimui, standus pavaros velenas, dvipetis diržas.', 'FS 91', '2021-01-06 12:51:40', 1, 92, 318, 2, NULL, NULL),
(93, NULL, 'FS 94', NULL, NULL, 'Lengviausia vidutinės galios krūmapjovė šiame segmente. STIHL 1-taško anti-vibracijos sistema, ErgoStart, dviračio rankena, valdymo rankenėlė su „EcoSpeed“ iš dalies pakrauta funkcija, STIHL 2-MIX varikliu, tiesiu velenu.', 'FS 94', '2021-01-06 12:51:40', 1, 93, 318, 2, NULL, NULL),
(94, NULL, 'FS 111', NULL, NULL, 'Galinga žoliapjovė, skirta pjauti kietą žolę. Supaprastintas variklio paleidimas patogiam užvedimui, dvipusė rankena, valdymo rankena su stabdymo mygtuku, „4-MIX®“ variklis su didesniu degalų baku ilgesniam veikimui, standus pavaros velenas, dvipetis diržas.', 'FS 111', '2021-01-06 12:51:40', 1, 94, 318, 2, NULL, NULL),
(95, NULL, 'FS 120', NULL, NULL, 'Puikus balansas ir išskirtinis galios bei svorio santykis. Standus velenas užtikrina didelį našumą visą darbo dieną. Elastostart funkcija užtikrina lengvą paleidimą.', 'FS 120', '2021-01-06 12:51:40', 1, 95, 318, 2, NULL, NULL),
(96, NULL, 'FS 131', NULL, NULL, 'Ypač galinga žoliapjovė, skirta pjauti kietą žolę. Supaprastintas variklio paleidimas patogiam užvedimui, dvipusė rankena, valdymo rankena su stabdymo mygtuku, „4-MIX®“ variklis su didesniu degalų baku ilgesniam veikimui, standus pavaros velenas, dvipetis diržas.', 'FS 131', '2021-01-06 12:51:40', 1, 96, 318, 2, NULL, NULL),
(97, NULL, 'FS 235', NULL, NULL, 'Tvirta ir galinga krūmapjovė. Su daugiafunkcine, dviračio tipo rankena.\nĮspūdingas pjovimo darbas. STIHL 1 taško antivibracinė sistema, automatinė dekompresija, 2-MIX variklis ir daugiafunkcė rankena.', 'FS 235', '2021-01-06 12:51:40', 1, 97, 318, 2, NULL, NULL),
(98, NULL, 'FS 240', NULL, NULL, 'Puikiai tinka žemės ūkiui ir sodininkystės darbams. STIHL vieno taško antivibracinė sistema. „ErgoStart“. Daugiafunkcė dvipusė rankena. Be įrankių reguliuojama rankenos padėtis. „2-MIX“ variklis. Tiesus kotas ir standus darbinis velenas. Dvipetis nešiojimo diržas.', 'FS 240', '2021-01-06 12:51:40', 1, 98, 318, 2, NULL, NULL),
(99, NULL, 'FS 260', NULL, NULL, 'Sunkiems, didelės apimties pjovimo darbams. STIHL vieno taško antivibracinė sistema. „ErgoStart“. Daugiafunkcė dvipusė rankena. Be įrankių reguliuojama rankenos padėtis. „2-MIX“ variklis. „ADVANCE“ universalus diržas.', 'FS 260', '2021-01-06 12:51:40', 1, 99, 318, 2, NULL, NULL),
(100, NULL, 'FS 311', NULL, NULL, 'Lengva, labai galinga krūmapjovė skirta šienauti tankiai suaugusią žolę ir brūzgynus. Supaprastintas variklio paleidimas patogiam užvedimui, dvipusė rankena, valdymo rankena su stabdymo mygtuku, „4-MIX®“ variklis, nereikalaujanti priežiūros pavara, standus pavaros velenas, „ADVANCE“ universalus diržas.', 'FS 311', '2021-01-06 12:51:41', 1, 100, 318, 2, NULL, NULL),
(101, NULL, 'FS 360', NULL, NULL, 'Patogi, tvirta ir ergonomiška krūmapjovė. Su STIHL „2-MIX“ varikliu iki 20 % mažesnės degalų sąnaudos ir iki 50 % mažiau išmetamųjų dujų, palyginti su tokios pačios galios STIHL dvitakčiais varikliais be „2-MIX“ technologijos. Idealiai tinka kietai žolei pjauti. Serijinėje komplektacijoje su naujuoju „ADVANCE PLUS“ diržu.', 'FS 360', '2021-01-06 12:51:41', 1, 101, 318, 2, NULL, NULL),
(102, NULL, 'FS 410', NULL, NULL, 'Galinga, kietos žolės pjovimui skirta krūmapjovė, FS 410 C-EM turi 4 taškų vibracijų slopinimo sistemą, „ErgoStart“ funkciją, universalią dvipusę rankeną, kurios padėtis gali būti keičiama nenaudojant papildomų įrankių, „2-MIX“ tipo galingą ir ekonomišką variklį su „M-Tronic“ sistema. Elektroninis variklio valdiklis su atminties funkcija tiksliai reguliuoja bet kokiame darbo etape uždegimo tašką ir kuro dozavimą, o taip pat užtikrina optimalią variklio galią, nuolatinį maksimalių sūkių skaičių ir labai gerą pagreitį. Krūmapjovė tiekiama su patogiu dirbti „ADVANCE“ tipo diržu.', 'FS 410', '2021-01-06 12:51:41', 1, 102, 318, 2, NULL, NULL),
(103, NULL, 'FS 460', NULL, NULL, 'Patogi, tvirta ir labai galinga krūmapjovė STIHL FS 460 C-EM serijinėje komplektacijoje su elektronine variklio valdymo sistema &quot;M-TRONIC&quot;, &quot;ErgoStart&quot; ir STIHL &quot;2-MIX&quot; varikliu. Elektroninė variklio valdymo sistema &quot;M-TRONIC&quot; pasirūpins, kad variklis dirbtų optimaliausia galia bet kuriuo momentu. Sistema reaguoja į aukščio, temperatūros, oro filtro švaros, kuro kokybės ir oktano lygio pokyčius. Taigi, nereikės mechaniškai reguliuoti karbiuratoriaus. Itin galingas, tačiau saugantis aplinką ir taupantis kurą STIHL 2-MIX variklis pasirūpina greitu ir efektyviu pjovimu.\nIdealiai tinka dideliems retinimo darbams miške. Parduodama serijinėje komplektacijoje su naujuoju &quot;ADVANCE PLUS&quot; diržu. Keturių taškų antivibracijos sistema tausoja krūmapjovės savininko jėgas ir leidžia darbuotis itin ilgai be jokio nuovargio. Populiarusis FS 460 C-EM modelis nuo STIHL FS 460 C-EM K skiriasi ilgiu, valdymo rankena ir reduktoriaus kampu.', 'FS 410', '2021-01-06 12:51:41', 1, 103, 318, 2, NULL, NULL),
(104, NULL, 'FS 490', NULL, NULL, 'Patogi, tvirta ir labai galinga krūmapjovė STIHL FS 490 C-EM pasižymi dideliu stabilumu. Serijinėje komplektacijoje su paprasta paleidimo sistema, stabdymo mygtuku ir elektronine variklio valdymo sistema &quot;M-TRONIC&quot;, &quot;ErgoStart&quot; ir STIHL &quot;2-MIX&quot; varikliu. Elektroninė variklio valdymo sistema &quot;M-TRONIC&quot; pasirūpins, kad variklis dirbtų optimaliausia galia bet kuriuo momentu. Sistema reaguoja į aukščio, temperatūros, oro filtro švaros, kuro kokybės ir oktano lygio pokyčius. Taigi, nereikės mechaniškai reguliuoti karbiuratoriaus. Itin galingas, tačiau saugantis aplinką ir taupantis kurą STIHL 2-MIX variklis pasirūpina greitu ir efektyviu pjovimu. Bendras ilgis be pjovimo įrangos 180 cm. Idealiai tinka dideliems kietos žolės plotams šienauti ir pjovimo bei retinimo darbams miške. Parduodama serijinėje komplektacijoje su naujuoju &quot;ADVANCE PLUS&quot; diržu. Keturių taškų antivibracijos sistema tausoja krūmapjovės savininko jėgas ir leidžia darbuotis itin ilgai be jokio nuovargio. FS 490 C-EM modelis nuo STIHL FS 490 C-EM K skiriasi ilgiu, valdymo rankena ir reduktoriaus kampu.', 'FS 490', '2021-01-06 12:51:41', 1, 104, 318, 2, NULL, NULL),
(105, NULL, 'FS 560', NULL, NULL, 'Stipriausia STIHL krūmapjovė profesionaliai atliekamiems pjovimo darbams prižiūrint kraštovaizdį. Itin stabilios, patvarios. FS 560 C-EM krūmapjovė su STIHL M-Tronic (su pilnai elektroniniu variklio valdymu) ir ErgoStart (lengvos paleisties funkcija) geras pasirinkimas profesionalams. Vibracijos lygis, paleidimas, stabdymo mygtukas ir variklio valdymo sistema yra pilnai elektroninė ir įeina į standartinę komplektaciją.', 'FS 490', '2021-01-06 12:51:41', 1, 105, 318, 2, NULL, NULL),
(106, NULL, 'FSA 45', NULL, NULL, 'Kompaktiška akumuliatorinė žoliapjovė nedideliems žolės pjovimams aplink namus. Integruotas akumuliatorius su pakrovimo lygio indikatoriumi, kotas ir apvali rankena reguliuojasi be papildomų įrankių. Reguliuojasi pjovimo galvos kampas – patogu vertikaliems pjovimams. Lengva pakeisti darbinę įrangą iš PolyCut į pjovimo valą ir atvirkščiai.', 'FS 490', '2021-01-06 12:51:41', 1, 106, 318, 2, NULL, NULL),
(107, NULL, 'FSA 57', NULL, NULL, 'Labai lengva ir lengvai naudojama akumuliatorinė krūmapjovė vejos priežiūrai ir vejos kraštams aplink jūsų namus. Pjovimo galvutės skersmuo 280 mm, reguliuojamas veleno ilgis spaustelėjus mygtuką ir rankenos reguliavimas be papildomų įrankių. Paprastas vejos pjovimas aplink kliūtis, medžius ir krūmus. Minkšta rankena patogiam naudojimui. AutoCut C 3-2 pjovimo galvutė, kurią paprasta papildyti valu be jokių įrankių. Taip pat galima naudoti „PolyCut 3-2“ su plastikiniais ašmenimis.', 'FSA 57', '2021-01-06 12:51:41', 1, 107, 318, 2, NULL, NULL),
(108, NULL, 'FSA 60 R', NULL, NULL, NULL, 'FSA 60 R', '2021-01-06 12:51:41', 1, 108, 318, 2, NULL, NULL),
(109, NULL, 'FSA 86 R', NULL, NULL, NULL, 'FSA 86 R', '2021-01-06 12:51:41', 1, 109, 318, 2, NULL, NULL),
(110, NULL, 'FSA 90', NULL, NULL, 'Akumuliatorinė žoliapjovė tvirtos žolės pjovimui. Pjovimo disko skersmuo 380 mm su pjovimo galvute, apvalia rankena, darbinė rankena su dalinės apkrovos funkcija „ECOSPEED“, nešiojamas diržas, klausos apsauga nereikalinga, svoris 2,8 kg.', 'FSA 90', '2021-01-06 12:51:41', 1, 110, 318, 2, NULL, NULL),
(111, NULL, 'FSA 130', NULL, NULL, 'Galingas, mažo svorio akumuliatorinis „Kombi“ variklis su dideliu sukimo momentu. Trys galios pakopos, skirtos efektyviam energijos vartojimui ir tyliems bet kokio pobūdžio darbams, nešiojimo diržas, svoris 3,2 kg.', 'FSA 90', '2021-01-06 12:51:42', 1, 111, 318, 2, NULL, NULL),
(112, NULL, 'FSA 135', NULL, NULL, NULL, 'FSA 135', '2021-01-06 12:51:42', 1, 112, 318, 2, NULL, NULL),
(113, NULL, 'FSE 31', NULL, NULL, 'Labai lengva ir tyli elektrinė žoliapjovė. Su reguliuojama rankena ir palenkiama pjovimo galvute. Puikiai tinka apipjovimo ir valymo darbams aplinkoje, kurioje negalima kelti triukšmo.', 'FSA 135', '2021-01-06 12:51:42', 1, 113, 318, 2, NULL, NULL),
(114, NULL, 'FSE 52', NULL, NULL, 'Šiuolaikiško ir funkcionalaus dizaino, lengva, tyli ir galinga elektrinė žoliapjovė su patobulinta konstrukcija - apsauginis atstumo lankas iš vielos. Nauja &quot;AutoCut 2-2&quot; pjovimo galvutė. Idealiai tinkama pjovimo ir valymo darbams sode.', 'FSE 52', '2021-01-06 12:51:42', 1, 114, 318, 2, NULL, NULL),
(115, NULL, 'FSE 60', NULL, NULL, 'Tyli, tvirta ir galinga elektrinė žoliapjovė. Puikiai tinka pjovimo, valymo darbams ir darbui ant lygaus paviršiaus aplinkoje,kurioje negalima kelti triukšmo. Patogią pjovimo galvutę su valu „AutoCut C 5-2“ galima iš naujo papildyti valu neatidarius korpuso. Stuktelėjus į žemę valas reguliuojamas automatiškai.', 'FSE 60', '2021-01-06 12:51:42', 1, 115, 318, 2, NULL, NULL),
(116, NULL, 'FSE 81', NULL, NULL, 'Itin galinga elektrinė žoliapjovė. Su pjovimo galvute su valu „AutoCut C 5-2“, liečiamuoju apsauginiu ratuku ir patogiu dviejų dalių kotu su guminiais įdėklais ir apsauga nuo perkrovos. Puikiai tinka nedideliems laukinės augmenijos plotams šienauti, pjovimo ir valymo darbams aplinkoje, kurioje negalima kelti triukšmo.', 'FSE 81', '2021-01-06 12:51:42', 1, 116, 318, 2, NULL, NULL),
(117, NULL, 'FR 131 T', NULL, NULL, 'Universaliai naudojama, kai pjaunama sunkiai prieinamoje vietovėje. Supaprastinta paleidimo eiga patogesniam užvedimui, sudedamas kotas, skirtas taupyti erdvę transportuojant, daugiafunkcė rankena, kilpinė rankena, 4-MIX® variklis su didesniu baku, ilgesniam darbui, stabdymo mygtukas. Derinama su HL-KM, HT-KM, FH-KM, BG-KM, BF-KM, FCB-KM ir FCS-KM.', 'FR 131 T', '2021-01-06 12:51:42', 1, 117, 318, 2, NULL, NULL),
(118, NULL, 'FR 410 C-E', NULL, NULL, 'Galinga krūmapjovė su taupiai degalus vartojančiu &quot;2-MIX&quot; varikliu ir ypatingai patogia įranga: STIHL &quot;ErgoStart&quot;, stabdymo mygtuku ir papildomu krepšiu įrankiams.', 'FR 410 C-E', '2021-01-06 12:51:42', 1, 118, 318, 2, NULL, NULL),
(119, NULL, 'FR 460 TC-EM', NULL, NULL, 'Ypatingai galinga ir patogi STIHL žoliapjovė profesionalams. Dėl STIHL &quot;M-Tronic&quot; sistemos ir skirtingame aukštyje užsiveda papildomai rankiniu būdu nereguliuojant karbiuratoriaus. Su taupiai degalus vartojančiu &quot;2-MIX&quot; varikliu , STIHL &quot;Ergo Start&quot;, stabdymo mygtuku ir paildomu krepšiu įrankiams. Kotas sudedamas, todėl lengva transportuoti ir laikyti. Idealiai tinka šienavimo darbams su ilgomis kelio atkarpomis sunkiai prienama vietove.', 'FR 460 TC-EM', '2021-01-06 12:51:42', 1, 119, 318, 2, NULL, NULL),
(120, NULL, 'RMI 422', NULL, NULL, 'STIHL RMI 422 „iMOW®“ vejos pjovimo robotas buvo sukurtas mažesnėms, iki 800 m² ploto, vejoms pjauti. Siekiant užtikrinti, kad automatinė vejapjovė pjautų tiksliai, joje įtaisytas mulčiavimo agregatas ir įrengta kelių žingsnių sistema, reguliuojanti pjovimo aukštį. Prie nuolydžio prisitaikančio greičio funkcija leidžia tiksliai pjauti net tada, kai nuolydis siekia 35 %. Judantis STIHL RMI 422 „iMOW®“ vejos pjovimo roboto gaubtas su jutikliais suteikia jam tvirtumo ir apsaugo nuo pažeidimų. Į šį robotą įdiegtas dinamiškas pjovimo planas – jį galima pasiekti tiesiogiai per mašinos valdymo įtaisą.', 'RMI 422', '2021-01-06 12:51:42', 1, 120, 318, 2, NULL, NULL),
(121, NULL, 'RMI 422 P', NULL, NULL, 'STIHL RMI 422 P „iMOW®“ vejos pjovimo robotą rekomenduojama naudoti vidutinio dydžio, iki 1 500 m², vejoms pjauti. Jo didelės talpos ličio jonų akumuliatorius užtikrina ilgą veikimo laiką. Mulčiavimo agregatas pjauna veją iki nustatyto aukščio, pasitelkdamas daugelio žingsnių sistemą, reguliuojančią pjovimo aukštį. Robotas turi prie nuolydžio prisitaikančio greičio funkciją, todėl galima pjauti, net esant iki 40 % nuolydžiams. Judantis gaubtas su jutikliais saugo robotą. Galima patogiai keisti visus nustatymus, naudojantis ekranėliu.', 'RMI 422 P', '2021-01-06 12:51:42', 1, 121, 318, 2, NULL, NULL);
INSERT INTO `lite_products` (`id`, `code`, `name`, `purpose`, `short_description`, `description`, `url`, `date`, `active`, `position`, `brand_id`, `item_group`, `modification_field_name`, `item_field_name`) VALUES
(122, NULL, 'RMI 422 PC', NULL, NULL, 'STIHL RMI 422 PC „iMOW®“ vejos pjovimo robotą rekomenduojama naudoti vidutinio dydžio, iki 1700 m², vejoms pjauti. Jo didelės talpos ličio jonų akumuliatorius užtikrina ilgą veikimo laiką. Galima prieiti prie dinaminio pjovimo plano, naudojantis „iMOW®“ programėle*. Daugelio žingsnių sistema, reguliuojanti pjovimo aukštį, užtikrina puikius pjovimo rezultatus. Prie nuolydžio prisitaikančio greičio funkcija leidžia pjauti kokybiškai net tada, kai nuolydis siekia iki 40 %. Judantis gaubtas su jutikliais saugo robotą.\n\n* Apie techninius reikalavimus, norint naudotis „iMOW®“ programėle, galima plačiau pasiskaityti interneto svetainėje https://web.imow.stihl.com/systems', 'RMI 422 PC', '2021-01-06 12:51:42', 1, 122, 318, 2, NULL, NULL),
(123, NULL, 'RMI 522 C', NULL, NULL, NULL, 'RMI 522 C', '2021-01-06 12:51:42', 1, 123, 318, 2, NULL, NULL),
(124, NULL, 'RMI 632', NULL, NULL, 'STIHL RMI 632 „iMOW®“ vejos pjovimo robotas buvo sukurtas didelėms, iki 3000 m², vejoms pjauti. Jo mulčiavimo agregatą galima reguliuoti, pasitelkiant 15 skirtingų nustatymų, priklausomai nuo norimo žolės ilgio. Vejos pjovimo robotas turi prie nuolydžio prisitaikančio greičio funkciją, todėl juo galima pjauti, net esant iki 45 % nuolydžiams. Pjaunant judantis gaubtas su jutikliais saugo robotą. Nuimamas valdymo skydelis, integruotas į korpusą, turi LCD ekranėlį. Jame galima atlikti sąranką, rankiniu būdu valdyti robotą ir greitai peržiūrėti jam įdiegtą informaciją. Naudojantis ekranėliu, galima įvesti ir atnaujinti dinaminį vejos pjovimo planą.', 'RMI 632', '2021-01-06 12:51:43', 1, 124, 318, 2, NULL, NULL),
(125, NULL, 'RMI 632 C', NULL, NULL, 'STIHL RMI 632 C „iMOW®“ vejos pjovimo robotą rekomenduojama naudoti didelėms, iki 3200 m², vejoms pjauti. Pasitelkiant „iMOW®“ programėlę*, galima prieiti prie roboto dinaminio pjovimo plano iš bet kurios vietos – svarbu tik, kad joje būtų interneto ryšys. Jį taip pat galima redaguoti, pasitelkiant nuimamą valdymo skydelį, turintį LCD ekranėlį. Automatinė vejapjovė turi mulčiavimo agregatą ir prie nuolydžio prisitaikančio greičio funkciją. Tai padeda jai pasiekti visada vienodą pjovimo raštą. Judantis gaubtas su jutikliais suteikia vejos pjovimo robotui tvirtumo ir jį apsaugo. \n\n* Apie techninius reikalavimus, norint naudotis iMOW® programėle, galima plačiau pasiskaityti interneto svetainėje https://web.imow.stihl.com/systems', 'RMI 632 C', '2021-01-06 12:51:43', 1, 125, 318, 2, NULL, NULL),
(126, NULL, 'RMI 632 P', NULL, NULL, 'STIHL RMI 632 P „iMOW®“ vejos pjovimo robotas sukurtas didelėms, iki 4000 m², vejoms pjauti. Ypač didelės talpos ličio jonų akumuliatorius užtikrina nuolatinę variklio galią. Mulčiavimo agregatas visada pjauna žolę tiksliai, net esant iki 45 % nuolydžiams, nes turi prie nuolydžio prisitaikančio greičio funkciją. Automatinės vejapjovės dinaminį pjovimo planą galima sudaryti, pasitelkiant nuimamą valdymo skydelį. Judantis gaubtas su integruotais jutikliais apsaugo „iMOW®“ vejos pjovimo robotą nuo oro sąlygų ir sąlyčio su kliūtimis pjaunant.', 'RMI 632 P', '2021-01-06 12:51:43', 1, 126, 318, 2, NULL, NULL),
(127, NULL, 'RMI 632 PC', NULL, NULL, 'STIHL RM 632 PC „iMOW®“ vejos pjovimo robotas ypač tinka didelėms vejoms pjauti. Automatinė vejapjovė pasiekiama, pasitelkiant „iMOW®“ programėlę*. Naudojantis ja, taip pat galima prieiti prie dinaminio pjovimo plano iš bet kurios vietos. Be to, pjovimo planą galima pasiekti, pasitelkiant nuimamą valdymo skydelį, integruotą korpuse. RMI 632 PC ličio jonų akumuliatorius yra ypač didelės talpos. Mulčiavimo agregatas žolę pjauna visada tiksliai, net kai nuolydis siekia iki 45 %, nes turi prisitaikančio prie nuolydžio greičio funkciją.  \n\n* Apie techninius reikalavimus, norint naudotis „iMOW®“ programėle, galima plačiau pasiskaityti interneto svetainėje https://web.imow.stihl.com/systems', 'RMI 632 PC', '2021-01-06 12:51:43', 1, 127, 318, 2, NULL, NULL),
(128, NULL, 'RM 248', NULL, NULL, 'STIHL RM 248 benzininė vejapjovė tinka vidutinio dydžio vejoms pjauti. Ši vejapjovė – tai solidus pradedančiųjų modelis, turintis galingą variklį. Ji įspūdingai našiai pjauna ir surenka žolę. Ši 46 cm pjovimo pločio vejapjovė turi 55 litrų žolės surinkimo dėžę ir septynių žingsnių pjovimo aukščio reguliavimo sistemą, kurios ribos svyruoja nuo 25 iki 75 mm. RM 248 – tai kompaktiška, manevringa vejapjovė, kuriai tiksliai pjauti – nesudėtinga užduotis.', 'RM 248', '2021-01-06 12:51:43', 1, 128, 318, 2, NULL, NULL),
(129, NULL, 'RM 253', NULL, NULL, 'Nuostabu, kai, darbuodamasis sode, gali turėti šalia savęs tokį galingą pagalbininką kaip STIHL RM 253 benzininė vejapjovė. Šis kompaktiškas modelis puikiai tinka vidutinio dydžio ir didelio ploto vejoms pjauti. Benzininė vejapjovė veiksmingai nupjauna 51 cm pločio veją. RM 253 septynių žingsnių centrinė sistema, reguliuojanti pjovimo aukštį, užtikrina puikius rezultatus. Pjovimo aukštis gali svyruoti nuo 25 iki 75 mm. Galingas OHV variklis suteiks jums galimybę pasiekti įspūdingus vejos pjovimo rezultatus.', 'RM 248', '2021-01-06 12:51:43', 1, 129, 318, 2, NULL, NULL),
(130, NULL, 'RM 443', NULL, NULL, 'STIHL RM 443 benzininė 41 cm pjovimo pločio vejapjovė puikiai tinka mėgėjams sodininkams, kurie ieško mobilios, greitai judančios bei manevringos vejapjovės vidutinio dydžio vejai nupjauti. Ši vejapjovė turi atvirą, lengvai ištuštinamą žolės surinkimo dėžę su lygio indikatoriumi ir „QuickFix“ tvirtinimo įtaisus. Centrinė sistema, reguliuojanti pjovimo aukštį, leidžia tiksliai nupjauti veją. Galima rinktis iš šešių nustatymų. Jeigu norėtumėte dar ir mulčiuoti savo veją šia benzinine vejapjove, pasitelkdami priedą – atitinkamą mulčiavimo rinkinį, ją galite paversti į daugiafunkcę vejapjovę.', 'RM 443', '2021-01-06 12:51:43', 1, 130, 318, 2, NULL, NULL),
(131, NULL, 'RM 448', NULL, NULL, '46 cm pjovimo pločio STIHL RM 448 T benzininė vejapjovė, turinti 1 greičio pavarą, įspūdingai pjauna vidutinio dydžio vejas. Ši vejapjovė turi 55 litrų talpos žolės surinkimo dėžę ir integruotą lygio indikatorių, „QuickFix“ tvirtinimo įtaisus, labai minkštą rankeną ir centrinę sistemą, reguliuojančią pjovimo aukštį. Tvirtas polimero korpusas užtikrina, kad ji bus naudojama ilgą laiką.', 'RM 443', '2021-01-06 12:51:43', 1, 131, 318, 2, NULL, NULL),
(132, NULL, 'RM 545', NULL, NULL, 'STIHL RM 545 benzininė vejapjovė turi tvirtą polimero korpusą, todėl malonu pjauti vidutinio dydžio vejas. Pati vejapjovė yra labai manevringa. Septynių žingsnių centrinė sistema, reguliuojanti pjovimo aukštį, padeda lygiai nupjauti veją per 43 cm pjovimo plotį. Plastikinę 60 litrų talpos žolės surinkimo dėžę galima lengvai atidaryti ir ištuštinti, nes sukurtas specialus atidarymo mechanizmas. Integruotas lygio indikatorius praneša, kai ateina laikas išimti žolę iš surinkimo dėžės. O jeigu norite tręšti dirvą nupjauta žole, galite paverstii RM 545 benzininę vejapjovę į daugiafunkcę vejapjovę, pasitelkdami atitinkamą mulčiavimo priedą.', 'RM 545', '2021-01-06 12:51:43', 1, 132, 318, 2, NULL, NULL),
(133, NULL, 'RM 650', NULL, NULL, 'STIHL RM 650 V benzininė vejapjovė turi „Vario“ eigos sistemą, galingą variklį ir lengvo paleidimo sistemą. Ši 48 cm pjovimo pločio vejapjovė puikiai tinka didelio ploto vejoms pjauti. Vienoje jos pusėje tvirtinama rankena padeda lengviau nuimti 70 litrų žolės surinkimo dėžę. RM 650 V vejapjovė paprastai turi daugiafunkcį peilį – pasitelkiant šį įrankį, vejapjovė taip pat gali mulčiuoti.', 'RM 545', '2021-01-06 12:51:44', 1, 133, 318, 2, NULL, NULL),
(134, NULL, 'RM 655', NULL, NULL, 'STIHL RM 655 V benzininė vejapjovė turi galingą variklį, įskaitant lengvo paleidimo sistemą ir „Vario“ eigos sistemą, leidžiančią tolydžiai valdyti greitį. 53 cm pjovimo pločio vejapjovė idealiai tinka didelio ploto vejoms pjauti. Ji taip pat turi ergonomišką, vienoje pusėje tvirtinamą rankeną ir 70 litrų talpos žolės surinkimo dėžę. Šio modelio vejapjovėse taip pat standartiškai montuojamas daugiafunkcinis peilis ir mulčiavimo raktas.', 'RM 545', '2021-01-06 12:51:44', 1, 134, 318, 2, NULL, NULL),
(135, NULL, 'RM 2', NULL, NULL, 'STIHL RM 2 R benzininė mulčiavimo vejapjovė – tai manevringa vejapjovė, išsiskirianti tvirtu metaliniu korpusu, tinkamu vidutinio dydžio vejoms pjauti. Ši 46 cm pjovimo pločio vejapjovė turi „ReadyStart“ variklį. Jai taip pat būdinga kita įranga: „QuickFix“ tvirtinimo įtaisas, sulankstoma rankena, padedanti kompaktiškai sandėliuoti įrenginį, ir keturių žingsnių pjovimo aukščio nustatymas prie kiekvienos ašies.', 'RM 545', '2021-01-06 12:51:44', 1, 135, 318, 2, NULL, NULL),
(136, NULL, 'RM 3 RT', NULL, NULL, 'Manevringa STIHL RM 3 RT benzininė vejapjovė – tai galinga 3 ratų daugiafunkcė vejapjovė, turinti pasukamą priekinį ratą, paminkštintą rankeną ir 1 greičio pavarą. Ši 48 cm pjovimo pločio vejapjovė puikiai tinka didelio ploto vejoms pjauti. Joje sumontuotas „ReadyStart“ variklis. STIHL RM 3 RT vejapjovę taip pat galima paversti į šoninio iškrovimo ir mulčiavimo vejapjovę. Penkių žingsnių sistema, reguliuojanti pjovimo aukštį, užtikrina puikius vejos pjovimo rezultatus. Uždėjus „QuickFix“ tvirtinimo įtaisus ant rankenos, ją galima lengvai gabenti, be to, užima nedaug vietos sandėliuojant.', 'RM 3 RT', '2021-01-06 12:51:44', 1, 136, 318, 2, NULL, NULL),
(137, NULL, 'RM 4', NULL, NULL, 'STIHL RM 4 RT benzininė vejapjovė – tai 53 cm pjovimo pločio mulčiavimo vejapjovė, skirta didelio ploto vejoms pjauti. Mulčiavimo vejapjovė turi galingą „SmartChoke“ variklį, priekinių ratų pavarą ir ratus su dvigubais guoliais. Centrinė penkių žingsnių sistema, reguliuojanti pjovimo aukštį, kurios ribos – nuo 20 iki 70 mm, užtikrina, kad veja bus nupjauta tvarkingai .', 'RM 4', '2021-01-06 12:51:44', 1, 137, 318, 2, NULL, NULL),
(138, NULL, 'RMA 235', NULL, NULL, NULL, 'RM 4', '2021-01-06 12:51:44', 1, 138, 318, 2, NULL, NULL),
(139, NULL, 'RMA 339', NULL, NULL, NULL, 'RMA 339', '2021-01-06 12:51:44', 1, 139, 318, 2, NULL, NULL),
(140, NULL, 'RMA 443', NULL, NULL, NULL, 'RMA 339', '2021-01-06 12:51:44', 1, 140, 318, 2, NULL, NULL),
(141, NULL, 'RMA 448', NULL, NULL, NULL, 'RMA 448', '2021-01-06 12:51:44', 1, 141, 318, 2, NULL, NULL),
(142, NULL, 'RMA 765 V', NULL, NULL, NULL, 'RMA 448', '2021-01-06 12:51:45', 1, 142, 318, 2, NULL, NULL),
(143, NULL, 'RMA 2 RV', NULL, NULL, NULL, 'RMA 448', '2021-01-06 12:51:45', 1, 143, 318, 2, NULL, NULL),
(144, NULL, 'RMA 2 RPV', NULL, NULL, NULL, 'RMA 2 RPV', '2021-01-06 12:51:45', 1, 144, 318, 2, NULL, NULL),
(145, NULL, 'RME 235', NULL, NULL, 'Lengva STIHL elektrinė vejapjovė RME 235 – tai 33 cm pjovimo pločio vejapjovė, ypač tinkama mažoms vejoms pjauti. Penkių žingsnių centrinė sistema, reguliuojanti pjovimo aukštį, užtikrina, kad veja bus nupjauta puikiai. Dviejų aukščių reguliuojama rankena leidžia lengvai valdyti vejapjovę pjaunant. Ją taip pat patogu lengvai ir kompaktiškai sulankstyti gabenant. RME 235 vejapjovė turi 30 litrų žolės surinkimo dėžę su lygio indikatoriumi.', 'RME 235', '2021-01-06 12:51:45', 1, 145, 318, 2, NULL, NULL),
(146, NULL, 'RME 339', NULL, NULL, 'Pjaudami su STIHL RME 339 elektrine vejapjove, jūs galite atsipalaiduoti, nes ji skleidžia mažai triukšmo. Ši vejapjovė puikiai tinka mažoms vejoms pjauti. Ji sveria vos 14 kg, todėl ją labai lengva valdyti. Centrinė penkių žingsnių sistema, reguliuojančia pjovimo aukštį, užtikrina optimalų vejos aukštį. 37 cm pjovimo plotis ir lengvai ištuštinama 40 litrų žolės surinkimo dėžė su lygio indikatoriumi padeda pasiekti geriausius vejos pjovimo rezultatus ir leidžia patogiai dirbti. Integruotas įtaisas kabelio įtempimui sumažinti garantuoja, kad kabelis bus saugiai pritvirtintas prie mašinos.', 'RME 339', '2021-01-06 12:51:45', 1, 146, 318, 2, NULL, NULL),
(147, NULL, 'RME 443', NULL, NULL, 'STIHL RM 443 benzininė vejapjovė puikiai tinka mažoms ir vidutinio dydžio vejoms pjauti. Tai – 41 cm pjovimo pločio, lengvai valdoma vejapjovė. Jos šešių žingsnių centrinė sistema, reguliuojanti pjovimo aukštį, leidžia lengvai pasiekti norimą vejos aukštį. Tvirti, lengvai pasukami ratai su specialiu kryptiniu protektoriumi suteikia papildomo patogumo. Vejapjovė turi 55 litrų talpos žolės surinkimo dėžę su lygio indikatoriumi, todėl nupjovus veją lengva sutvarkyti žolę. Taip pat nesunku atidaryti ir ištuštinti vejapjovę. Tvirtinimo įtaisais galima sulankstyti „QuickFix“ rankeną, nenaudojant jokių įrankių. Integruotos nešimo rankenos leidžia mašiną lengvai pervežti ir kompaktiškai sandėliuoti.', 'RME 339', '2021-01-06 12:51:45', 1, 147, 318, 2, NULL, NULL),
(148, NULL, 'RME 545', NULL, NULL, NULL, 'RME 545', '2021-01-06 12:51:45', 1, 148, 318, 2, NULL, NULL),
(149, NULL, 'RL 540', NULL, NULL, 'STIHL RL 540 benzininis aeratorius gerina vejos kokybę ir yra idealus pasirinkimas darbui vidutiniuose ir dideliuose žemės plotuose iki 2 000 m². Aeratoriaus darbinis plotis siekia 38 cm. Darbinis gylis gali būti reguliuojamas 6 pakopomis sulankstomoje rankenoje. Lengvas ir manevringas aeratorius su galingu benzininiu varikliu suteikia dar daugiau aeravimo jėgos veiksmingam vejos vėdinimui. RL 540 aeratorius turi ratukus lengvam riedėjimui ir tvirtą nešimo rankeną.', 'RME 545', '2021-01-06 12:51:45', 1, 149, 318, 2, NULL, NULL),
(150, NULL, 'RLA 240', NULL, NULL, 'Akumuliatorinis vejos aeratorius STIHL RLA 240 idealiai tinka aeruoti ar šukuoti mažesnes, netaisyklingos formos vejas. Kad būtų lengva valdyti, jame sumontuota „STIHL AK“ akumuliatorių sistema. Tai leidžia be laidų prižiūrėti veją ir mėgautis visišką judėjimo laisvę dirbant. Dėl 34 cm darbinio pločio aeratorius suderina didelį manevringumą ir efektyvumą - vejose su daug kampų. Tiesiog pritvirtinkite keliais paprastais žingsniais jums reikalingą įrankį, sureguliuokite darbinį gylį ir pradėkite vėdinti ar šukuoti savo veją. Visos susikaupusios augalų liekanos surenkamos į 50 litrų žolės surinkimo dėžę. Dėl lengvo ir tvirto polimerinio korpuso STIHL RLA 240 yra energiją taupantis ir labai stabilus. Dėl lengvai važiuojančių ratų jis yra labai manevringas, sulankstoma rankena palengvina transportavimą, o spyruoklinis mechanizmas palengvina ličio jonų akumuliatoriaus išėmimą iš įrenginio norint jį įkrauti ar pasidėti saugojimui.', 'RLA 240', '2021-01-06 12:51:45', 1, 150, 318, 2, NULL, NULL),
(151, NULL, 'RLE 240', NULL, NULL, 'Kompaktiškas STIHL elektrinis aeratorius RLE 240 yra idealus pasirinkimas tyliam darbui mažuose vejos plotuose iki 500 m2. Aeratoriaus peilių darbinis plotis – 34 cm, ašmenų darbinis gylis – 15 mm (aeratorius gali būti sureguliuotas rekomenduojamam maksimaliam 5 mm gyliui). Aeravimo peilius galima pakeisti į aeravimo veleną, kuris su cinkuotomis spyruoklėmis pašalina samanas ir velėną jos neįpjaudamas. Lengvas aeratorius su galingu elektriniu varikliu užtikrina efektyvų darbą, greitai ir lengvai šalina nepageidaujamas žoles ir velėną. Išaeruotos šiukšlės surenkamos į specialią dėžę. RLE 240 aeratorius turi lengvą riedėjimą užtikrinančius ratukus ir tvirtą nešimo rankeną.', 'RLE 240', '2021-01-06 12:51:45', 1, 151, 318, 2, NULL, NULL),
(152, NULL, 'MH 445', NULL, NULL, 'Kompaktiškas STIHL MH 445 kultivatorius sukurtas darbui mažuose ir vidutinio dydžio plotuose. Kultivatorius su 45 cm freza ypač tinka dirbti siauruose plotuose ir ribotose erdvėse. Kultivatoriaus sliekinė pavara perduoda galią į peilius. MH 445 modelis turi priekinę pavarą. Antivibracinė sistema ir centrinis rankenos reguliavimas užtikrina komfortišką darbą. STIHL kultivatorių lengva prižiūrėti ir valyti (frezos gali būti išmontuojamos ir sumontuojamos valymo padėtyje).', 'MH 445', '2021-01-06 12:51:45', 1, 152, 318, 2, NULL, NULL),
(153, NULL, 'MH 560', NULL, NULL, 'Galingas STIHL MH 560 kultivatorius sukurtas darbui mažose lysvėse ir vidutinio dydžio plotuose, užtikrinant itin spartų žemės apdirbimą. Darbinis frezų plotis – 60 cm. STIHL MH 560 kultivatorius turi vieną priekinę ir vieną atgalinę pavarą. Kultivatoriaus sliekinė pavara perduoda galią į peilius. Antivibracinė sistema ir centrinis rankenos reguliavimas užtikrina itin lengvą ir komfortišką darbą. Kultivatorius turi valymo padėtį, todėl jį lengva prižiūrėti.', 'MH 445', '2021-01-06 12:51:46', 1, 153, 318, 2, NULL, NULL),
(154, NULL, 'MH 585', NULL, NULL, 'Galingas STIHL MH 585 kultivatorius yra idealus pasirinkimas plataus spektro žemės darbams soduose ir laukuose. Darbinis frezų plotis – 85 cm. Šis kultivatorius turi vieną priekinę ir vieną atgalinę pavarą. Antivibracinė sistema, centrinis rankenos reguliavimas ir sliekinė pavara užtikrina išskirtinai lengvą ir komfortišką darbą. Kultivatorius lengvai transformuojamas į valymo padėtį.', 'MH 585', '2021-01-06 12:51:46', 1, 154, 318, 2, NULL, NULL),
(155, NULL, 'MH 600', NULL, NULL, NULL, 'MH 600', '2021-01-06 12:51:46', 1, 155, 318, 2, NULL, NULL),
(156, NULL, 'MH 685', NULL, NULL, 'Galingas STIHL MH 685 kultivatorius skirtas sunkaus dirvožemio apdirbimui ir yra specialiai sukurtas darbui dideliuose plotuose. Darbinis kultivatoriaus plotis siekia 85 cm. Šis kultivatorius turi vieną priekinę ir vieną atgalinę pavarą. MH 685 projektuojamas su sliekine pavara, centriniu rankenos reguliavimu ir antivibracine sistema. Kultivatorius lengvai išvalomas, pasirinkus technikos valymo padėtį.', 'MH 685', '2021-01-06 12:51:46', 1, 156, 318, 2, NULL, NULL),
(157, NULL, 'MH 700', NULL, NULL, NULL, 'MH 700', '2021-01-06 12:51:46', 1, 157, 318, 2, NULL, NULL),
(158, NULL, 'RT 4082', NULL, NULL, 'STIHL RT 4082 vejos traktorius maloniai nustebins savo komfortiškumu ir puikiu darbu net ir aptvertose vejose iki 4 000 m2. Nedidelis pjovimo plotis užtikrina manevringumą, lengvą ir patogų traktoriaus valdymą soduose, kur gausu medžių ir krūmų. Vieno pedalo pavara, kuria lengvai keičiama važiavimo kryptis, ir reguliuojama vairuotojo sėdynė suteikia daugiau komforto ir užtikrina patogias darbo sąlygas. Kadangi STIHL RT 4082 turi elektromagnetinę pjovimo peilių sankabą, traktoriaus peilius galite lengvai įjungti ir išjungti valdymo skydelyje. Jūsų efektyvų darbą sode užtikrins 80 cm traktoriaus pjovimo plotis, 250 l nupjautos žolės surinkimo dėžė ir patogi žolės surinkimo sistema, skirta tolygiam žolės pjovimui per visą plotį (net ir pakraščiuose).', 'RT 4082', '2021-01-06 12:51:46', 1, 158, 318, 2, NULL, NULL),
(159, NULL, 'RT 4097 SX', NULL, NULL, 'Dirbdami su STIHL RT 4097 SX vejos traktoriumi, greitai ir lengvai nupjausite veją iki 6 000 m2. 95 cm pjovimo plotis ir šoninis nupjautos žolės išmetimas užtikrina lengvą ir greitą darbą net ir dideliuose plotuose. Kadangi STIHL RT 4097 SX turi elektromagnetinę pjovimo peilių sankabą, traktoriaus peiliai gali būti lengvai įjungiami ir išjungiami valdymo skydelyje. Vieno pedalo pavara užtikrina lengvesnį ir greitesnį eigos keitimą iš priekinės į atbulinę.', 'RT 4097 SX', '2021-01-06 12:51:46', 1, 159, 318, 2, NULL, NULL),
(160, NULL, 'RT 4112 SZ', NULL, NULL, 'STIHL RT 4112 SZ yra galingiausias 4-tos serijos (T4) vejos traktorius. Galingas dviejų cilindrų variklis ir 110 cm pjovimo plotis užtikrina lengvą darbą vejose iki 8 000 m². Šoninio nupjautos žolės išmetimo funkcija leidžia perdirbti itin didelius žolės kiekius. Šis vejos traktorius turi vieno pedalo važiavimo pavarą, elektromagnetinę peilių sankabą ir lengvai reguliuojamą sėdynę.', 'RT 4112 SZ', '2021-01-06 12:51:46', 1, 160, 318, 2, NULL, NULL),
(161, NULL, 'RT 5097', NULL, NULL, 'STIHL RT 5097 – 95 cm pjovimo pločio vejos traktorius, komplektuojamas su 250 litrų žolės surinkimo dėže, – užtikrina efektyvų darbą iki 6 000 m² žemės plotuose. Traktoriaus valdymas yra paprastas ir patogus – vairuotojo valdymo skydelyje galima reguliuoti žolės pjovimo aukštį, valdyti elektromagnetinę peilių paleidimo sankabą ir svirtimi ištuštinti žolės surinkimo dėžę. Vieno pedalo pavara, kuria lengvai keičiama važiavimo kryptis, ir reguliuojama vairuotojo sėdynė suteikia dar daugiau komforto. STIHL RT 5097 žolės surinkimo sistema užtikrina tolygų žolės pjovimą ir surinkimą per visą mašinos plotį (net ir pakraščiuose).', 'RT 5097', '2021-01-06 12:51:46', 1, 161, 318, 2, NULL, NULL),
(162, NULL, 'RT 5112 Z', NULL, NULL, 'STIHL RT 5112 Z 110 cm pjovimo pločio vejos traktorius su 2 cilindrų varikliu, sinchronine pjovimo įranga ir žolės surinkimo sistema užtikrina tikslų žolės pjovimą ir gali būti naudojamas iki 8 000 m² žemės plotuose. Valdymo skydelyje galima reguliuoti žolės pjovimo aukštį ir elektromagnetinę peilių paleidimo sankabą, o naudojant šalia vairuotojo sėdynės esančią svirtį – lengvai ištuštinti 350 litrų žolės surinkimo dėžę. Didesniam vairavimo malonumui traktorius turi individualiai reguliuojamą vairuotojo sėdynę ir hidrostatinę pavarų dėžę su vieno pedalo pavara, kuri leidžia greitai ir patogiai keisti važiavimo kryptį.', 'RT 5097', '2021-01-06 12:51:47', 1, 162, 318, 2, NULL, NULL),
(163, NULL, 'RT 6112 ZL', NULL, NULL, 'STIHL RT 6112 ZL vejos traktorius sukurtas efektyviam darbui iki 8 000 m² žemės plotuose. 110 cm pjovimo pločio vejos traktorius, turintis dviejų cilindrų variklį, efektyvią sinchroninę pjovimo įrangą ir žolės surinkimo sistemą, puikiai atlieka savo darbą. Sinchronizuoti pjovimo peiliai garantuoja optimalų žolės surinkimą į 350 litrų dėžę, kuri gali būti lengvai ištuštinama šalia vairuotojo sėdynės esančia svirtimi. Vieno pedalo pavara užtikrina lengvą važiavimo eigos keitimą. Tikslesniam STIHL RT 6112 ZL darbui traktoriaus valdymo skydelyje įmontuotas skystųjų kristalų ekranas ir greičio palaikymo sistema.', 'RT 6112 ZL', '2021-01-06 12:51:47', 1, 163, 318, 2, NULL, NULL),
(164, NULL, 'RT 6127 ZL', NULL, NULL, '125 cm pjovimo pločio STIHL RT 6127 ZL vejos traktorius su dviejų cilindrų varikliu, sinchronine pjovimo įranga ir efektyvia žolės surinkimo sistema užtikrina greitą ir ypač tikslų vejos pjovimą iki 10 000 m² žemės plotuose. Net ir prastomis darbo sąlygomis STIHL traktorius išlieka greitas ir manevringas. Sinchroninės pjovimo įrangos peiliai užtikrina aukštą pjovimo kokybę ir optimalų žolės surinkimą į 350 litrų dėžę, kuri gali būti lengvai ištuštinama šalia vairuotojo sėdynės esančia svirtimi. Valdymo skydelyje sumontuotas skystųjų kristalų ekranas ir greičio palaikymo sistema. Skydelyje taip pat gali būti reguliuojama vieno pedalo pavara su praktišku važiavimo eigos perjungimu.', 'RT 6127 ZL', '2021-01-06 12:51:47', 1, 164, 318, 2, NULL, NULL),
(165, NULL, 'BT 131', NULL, NULL, 'Vieno žmogaus valdomas gręžtuvas su „Quickstop“ grąžto stabdžiu. „4-MIX®“ variklis su didesniu degalų baku, vibraciją slopinantis rankenos rėmas, valdymo rankena su stabdymo mygtuku, ilgalaikė oro filtravimo sistema, didelis įrenginio įdėklas.', 'BT 131', '2021-01-06 12:51:47', 1, 165, 318, 2, NULL, NULL),
(166, NULL, 'SR 200', NULL, NULL, 'Lengvas purkštuvas ypač patogus nešti dėl kompaktiškos konstrukcijos ir arti prie kūno esančio svorio centro. Idealus iki 2,5 m aukščio kultūrų purškimui. Viena ranka valdoma daugiafunkcinė rankena ir apsauginis žiedas, apsaugantis nuo išsiliejimo. Serijinėje komplektacijoje su purkštuku, filtravimo ir dvigubo filtravimo sieteliu.', 'SR 200', '2021-01-06 12:51:47', 1, 166, 318, 2, NULL, NULL),
(167, NULL, 'SR 430', NULL, NULL, 'Galingas purkštuvas skirtas dideliems horizontaliems paviršiams. Paprasta užvedimo technologija. Patogūs pečių diržai. Viena ranka valdoma daugiafunkcė rankena. Serijinė komplektacija su kūgiu, filtravimo ir dvigubo filtravimo sieteliu. Taip pat sumontuotas greitas „Du viename“ keitimo mechanizmas, skirtas barstymui ir granulių purškimui. Paprastas ir tikslus barstomos medžiagos dozavimas.', 'SR 430', '2021-01-06 12:51:47', 1, 167, 318, 2, NULL, NULL),
(168, NULL, 'SR 450', NULL, NULL, 'Galingas purkštuvas skirtas dideliems horizontaliems paviršiams. Paprasta užvedimo technologija. Patogūs pečių diržai. Viena ranka valdoma daugiafunkcė rankena. Serijinė komplektacija su kūgiu, filtravimo ir dvigubo filtravimo sieteliu. Taip pat sumontuotas greitas „Du viename“ keitimo mechanizmas, skirtas barstymui ir granulių purškimui. Paprastas ir tikslus barstomos medžiagos dozavimas.', 'SR 450', '2021-01-06 12:51:47', 1, 168, 318, 2, NULL, NULL),
(169, NULL, 'SG 11', NULL, NULL, 'Ergonomiškas, paprastas naudoti rankinis purkštuvas skystų pesticidų purškimui. Sklandžiai veikiantis ir našus siurblys\npatogiam darbui. Serijinėje komplektacijoje su tuščiaviduriu kūginiu purkštuku.', 'SG 11', '2021-01-06 12:51:47', 1, 169, 318, 2, NULL, NULL),
(170, NULL, 'SG 21', NULL, NULL, 'Rankinis purškiklis, ypač patogus naudoti balkone ir sode prie namų. Dėka esančių petnešų patogu nešioti. Serijinis modelis su tuščiaviduriu kūginiu antgaliu.', 'SG 21', '2021-01-06 12:51:47', 1, 170, 318, 2, NULL, NULL),
(171, NULL, 'SG 31', NULL, NULL, 'Rankinis purkštuvas, skirtas privatiems naudotojams. Plati įpylimo\nanga, ergonomiškas uždaromasis vožtuvas ir teleskopinis vamzdis užtikrina patogų naudojimą. Komplekte tuščiaviduris\nkūginis ir plokščias purkštukas.', 'SG 31', '2021-01-06 12:51:47', 1, 171, 318, 2, NULL, NULL),
(172, NULL, 'SG 51', NULL, NULL, 'Ant nugaros nešiojamas purkštuvas mėgėjams ir profesionalams.\nLabai patogu dirbti, nes siurblio svirtis gali būti montuojama\niš kairės ir iš dešinės pusės, reguliuojamas plotis ir ilgis. Tvirta konstrukcija ilgam, netgi profesionaliam naudojimui.', 'SG 51', '2021-01-06 12:51:47', 1, 172, 318, 2, NULL, NULL),
(173, NULL, 'SG 71', NULL, NULL, 'Ant nugaros nešiojamas purškiklis profesionaliam naudojimui. Siurblio svirtis, montuojama dešinėje arba kairėje, ir ilgio reguliavimas užtikrina patogų naudojimą. Aukštos kokybės diržai\nir nugarai pritaikytos petnešos – komfortiškam darbui. Ergonomiškas uždaromasis vožtuvas su manometru.', 'SG 71', '2021-01-06 12:51:47', 1, 173, 318, 2, NULL, NULL),
(174, NULL, 'RE 90', NULL, NULL, 'Lengvos ir kompaktiškos aukšto slėgio plovyklos pasižymi funkcijų įvairove. Aliumininė siurblio galvutė, integruotas ratų rinkinys, valiklio purškimo rinkinys, rotacinis antgalis, reguliuojamas ventiliatoriaus tipo antgalis, leidžiantis reguliuoti slėgį, nuo trinties apsauganti mova ant pistoleto, poilsio padėtis plovyklai išjungti per pertraukėles, 6 m ilgio aukšto slėgio žarna, gabenimo rankena.', 'RE 90', '2021-01-06 12:51:47', 1, 174, 318, 2, NULL, NULL),
(175, NULL, 'RE 100', NULL, NULL, 'Tvirta ir kompaktiška aukšto slėgio plovykla atlieka įvairias funkcijas. Aliumininė siurblio galvutė, bešepetis indukcinis variklis, integruotas ratų rinkinys, valiklio purškimo rinkinys, rotacinis antgalis, reguliuojamas ventiliatoriaus tipo antgalis, leidžiantis reguliuoti slėgį, nuo trinties apsauganti mova ant pistoleto, poilsio padėtis plovyklai išjungti per pertraukėles, 6 m ilgio aukšto slėgio žarna, pervežimo rankena.', 'RE 100', '2021-01-06 12:51:47', 1, 175, 318, 2, NULL, NULL),
(176, NULL, 'RE 110', NULL, NULL, 'Patogi aukšto slėgio plovykla pasižymi papildomomis funkcijomis. Aliumininė siurblio galvutė, bešepetis indukcinis variklis, integruotas ratų rinkinys, valiklio purškimo rinkinys, rotacinis antgalis, reguliuojamas ventiliatoriaus tipo antgalis, leidžiantis reguliuoti slėgį, nuo trinties apsauganti mova ant pistoleto bei įrankio, poilsio padėtis plovyklai išjungti per pertraukėles, 7 m ilgio aukšto slėgio žarna, gabenimo rankena, ypač ilgas purkštuvas su minkšta rankena, padedančia patogiai valdyti įrenginį, aliumininė teleskopinė rankena, šoninis laikymo skyrius, kuriame palikta vietos antgaliui ir maitinimo kabeliui.', 'RE 110', '2021-01-06 12:51:48', 1, 176, 318, 2, NULL, NULL),
(177, NULL, 'RE 120', NULL, NULL, 'Šią galingą, tvirtą STIHL RE 120 plovyklą turėtų rinktis apie kokybę galvojantys privatūs naudotojai, kurie vertina patogumą. Šiuolaikiško dizaino kompaktiška plovykla greitai atlieka valymo darbus aplink namus ir sode. STIHL RE 120 taip pat veiksmingai valo didelius automobilius, terasas ar fasadus.\nĮspūdinga STIHL RE 120 plovykla pasižymi aukščiausios klasės funkcijomis. Plovyklos rinkinį taip pat sudaro šie komponentai: ventiliatoriaus tipo antgalis, leidžiantis reguliuoti slėgį, galingas rotacinis antgalis, aukšto slėgio pistoletas su rotaciniu pulverizatoriumi ir nuo trinties apsaugančia mova, taip pat integruoti ratų bei valiklio purškimo rinkiniai, turintys dozavimo sistemą. Siekiant didesnio patogumo, šiame modelyje įtaisytas ypač ilgas purkštuvas su minkšta rankena, aliumininė teleskopinė bei gabenimo rankenos ir šoninis laikymo skyrius antgaliams bei maitinimo kabeliui. Plovykla pristatoma kartu su ypač tvirta, lanksčia, plienu sutvirtinta aukšto slėgio žarna.', 'RE 120', '2021-01-06 12:51:48', 1, 177, 318, 2, NULL, NULL),
(178, NULL, 'RE 130 PLUS', NULL, NULL, 'Įspūdinga STIHL RE 130 PLUS plovykla pasižymi aukščiausios kokybės funkcijomis. Į plovyklos rinkinį taip pat įtrauktos šios sudedamosios dalys: vėduoklės tipo antgalis, leidžiantis reguliuoti slėgį, galingas rotacinis antgalis, aukšto slėgio pistoletas su rotaciniu pulverizatoriumi ir nuo trinties apsaugančia mova, taip pat integruoti ratų ir valiklio purškimo rinkiniai, turintys dozavimo sistemą. Siekiant didesnio patogumo, šiame modelyje įtaisytas ypač ilgas purkštuvas su minkšta rankena, aliuminine teleskopine ir gabenimo rankenomis, taip pat šoninis laikymo skyrius antgaliams bei maitinimo kabeliui. Be to, plovykla turi žarnos ritę, leidžiančią patogiai laikyti tvirtą, plienu sutvirtintą aukšto slėgio žarną.', 'RE 130 PLUS', '2021-01-06 12:51:48', 1, 178, 318, 2, NULL, NULL),
(179, NULL, 'RE 150 PLUS', NULL, NULL, NULL, 'RE 150 PLUS', '2021-01-06 12:51:48', 1, 179, 318, 2, NULL, NULL),
(180, NULL, 'RE 170 PLUS', NULL, NULL, NULL, 'RE 170 PLUS', '2021-01-06 12:51:48', 1, 180, 318, 2, NULL, NULL),
(181, NULL, 'RE 232', NULL, NULL, 'Puikus valymo įrenginio modelis pradedantiesiems profesionalams. 10 m armuotos plienu aukšto slėgio žarnos, išorinis ploviklių įsiurbimas ir dozavimas, maitinimo laido fiksatorius, praktiškas purkštuvo laikiklis.', 'RE 232', '2021-01-06 12:51:48', 1, 181, 318, 2, NULL, NULL),
(182, NULL, 'RE 282 PLUS', NULL, NULL, '„PLUS“ patogus ir našus valymo įrenginys. Mažos spartos variklis, žarnos būgnas su 15 m armuotos plienu aukšto slėgio žarnos, antras purkštuvo vamzdis su rotaciniu antgaliu, 400 V maitinimas, atsparūs dilimui, dengti keramika stūmokliai, ergonominis STIHL profesionalus purškiklis, valiklių talpa, slėgio / kiekio reguliatorius, manometras, didelis vandens filtras.', 'RE 282 PLUS', '2021-01-06 12:51:48', 1, 182, 318, 2, NULL, NULL),
(183, NULL, 'RE 362 PLUS', NULL, NULL, 'Žalvarinė siurblio galvutė. Keraminiai stūmokliai. Slėgio/srauto valdymas. Manometras. Valymo priemonių dozavimo sistema ir 2 x 2.5 l valymo priemonių bakai, perjungiami vienu mygtuko paspaudimu. Maitinimo kabelio laikiklis. Sulankstoma stūmimo rankena. Profesionalus STIHL purkštuvas. 15 m plienu armuota žarna.', 'RE 362 PLUS', '2021-01-06 12:51:48', 1, 183, 318, 2, NULL, NULL),
(184, NULL, 'RE 462 PLUS', NULL, NULL, 'Žalvarinė siurblio galvutė. Keraminiai stūmokliai. Slėgio/srauto valdymas. Manometras. Variklio išjungimo vėlinimo mygtukas. Avarinis išjungimas. Valymo priemonių dozavimo sistema ir 2 x 2.5 l valymo priemonių bakai, perjungiami vienu mygtuko paspaudimu. Integruota ritė aukšto slėgio žarnai. Papildomas purkštuvo vamzdis su rotaciniu antgaliu. Maitinimo kabelio laikiklis. Sulankstoma stūmimo rankena. Profesionalus STIHL purkštuvas. Sukamas elektros laido laikiklis. 20 m plienu armuota žarna.', 'RE 462 PLUS', '2021-01-06 12:51:48', 1, 184, 318, 2, NULL, NULL),
(185, NULL, 'SE 33', NULL, NULL, NULL, 'SE 33', '2021-01-06 12:51:49', 1, 185, 318, 2, NULL, NULL),
(186, NULL, 'SE 62', NULL, NULL, 'Dulkių, purvo ir skysčių šalinimui viduje ir lauke. Šlapio/sauso valymo galimybės. Pūtimo funkcija perjungus įsiurbimo žarną prie išėjimo jungties. Kelių lygių filtravimo įranga. Valomas filtras. Keičiami antgaliai: grindų, universalus ir siauras.', 'SE 62', '2021-01-06 12:51:49', 1, 186, 318, 2, NULL, NULL),
(187, NULL, 'SE 122', NULL, NULL, 'STIHL SE 122  - galingas universalus siurblys. Su sūkių reguliavimu ir švelniu paleidimu. Kelių pakopų filtravimo įranga. Siurblys gali būti naudojamas sausam arba šlapiam siurbimui. Įrenginys puikiai tinka namų reikmėms, dirbtuvėse, biuruose ir gamyklose. Ratukai turi stabdžius, tad siurblį galėsite užfiksuoti konkrečioje vietoje ir nesirūpinti, kad jis pajudės. Siurblio rankenėlė ir traukimo vamzdis pagaminti iš nerūdijančio plieno.', 'SE 62', '2021-01-06 12:51:49', 1, 187, 318, 2, NULL, NULL),
(188, NULL, 'KG 770', NULL, NULL, 'Dulkių šlavimui dideliuose vidaus ir lauko plotuose. STIHL &quot;MultiClean PLUS&quot; šlavimo sistema, 8 -ios centrinio aukščio reguliatoriaus padėtys, šlavimas be dulkių, šepečių laikymo apatinėje padėtyje laikiklis, ergonominės formos 2-jų padėčių stūmimo rankena, šonuose sumontuoti ratai, nešiojimo rankena, sandėliuojamas vertikalioje padėtyje taupo vietą, 4 -ių metų naudojimo garantija mažai dylantiems nailoniniams šeriams.', 'KG 770', '2021-01-06 12:51:49', 1, 188, 318, 2, NULL, NULL),
(189, NULL, 'KGA 770', NULL, NULL, 'Aukštos kokybės akumuliatorinė šlavimo mašina dideliems plotams iki 2000m². Akumuliatorinė lėkštinių šluotų ir cilindrinių šepečių pavara  neleidžia mašinai savaime judėti, ji juda stūmimo būdu. Lėkštinės šluotos ir cilindriniai šepečiai visada juda optimaliu greičiu.', 'KGA 770', '2021-01-06 12:51:49', 1, 189, 318, 2, NULL, NULL),
(190, NULL, 'GH 370 S', NULL, NULL, 'Smulkinti sode, kur nėra elektros srovės, puikiai tinka benzininis sodo smulkintuvas GH 370 S. Su galingu 4.6 AG OHV lengvai užvedamu varikliu dirbti vienas malonumas. Peilių įranga &quot;Multi Cut 370&quot; ypač galinga, su 2 apverčiamais peiliais ir centrine kūgio formos nukreipimo anga. Peilių diskas įtraukia šakas iki 45 mm diametro. Dėl plačios važiuoklės su dideliais ratais galima patogiai transportuoti. &quot;Set 300&quot; sumontuotas smulkinti: tiesus piltuvas tinka smulkinti minkštas medžiagas dideliais kiekiais.', 'GH 370 S', '2021-01-06 12:51:49', 1, 190, 318, 2, NULL, NULL),
(191, NULL, 'GH 460', NULL, NULL, 'Benzininiai universalūs smulkintuvai GH 460 &quot;praryja“ viską: minkštas medžiagas lygiai taip pat kaip ir šakas iki 60 mm storio. Paprastesnį pripildymą užtikrina dvi atskiros angos, reikalingą jėgą – galingas, ypač tolygiai veikiantis benzininis variklis, kuris garantuoja ir didesnę galią. Variklis „B&amp;S“ 850 PRO RS serija – 4,5 AG OHV.', 'GH 460', '2021-01-06 12:51:49', 1, 191, 318, 2, NULL, NULL),
(192, NULL, 'GHE 140 L', NULL, NULL, 'Kompaktiški, sulankstomi elektriniai smulkintuvai su galingais elektriniais varikliais pavieniams vidutinio storio šakų smulkinimo darbams. Su elektros pajungimu, „dobilo lapo“ formos anga, integruota dėže susmulkintai medžiagai ir tylaus veleno technologija.', 'GH 460', '2021-01-06 12:51:49', 1, 192, 318, 2, NULL, NULL),
(193, NULL, 'GHE 150', NULL, NULL, 'Su galingu varikliu ir specialia peilių sistema elektrinis šakų smulkintuvas STIHL GH 150 apdoroja storesnes šakas ir paverčia jas nedidele drožlių krūvele. Trumpas, įstrižai sumontuotas piltuvas ir patentuota dobilo lapo formos anga garantuoja, kad medžiagos į įrenginį pateks lengvai ir patogiai. Trumpas piltuvas - paprasta pripildyti. &quot;Multi-Cut 150&quot; su apverčiamais peiliais: triukšmą slopinantis peilių diskas daugiasluoksnėje konstrukcijoje su apverčiamais pjovimo peiliais. Elektromechaninė apsauginė užsklanda su didelėmis prisukimo rankenėlėmis - dar daugiau saugumo. Dideli ratai ir plati važiuoklė garantuoja stabilumą ir lengvą perkėlimą į kitą vietą. Dėl galingo variklio optimaliai susmulkinama. Pažangus jungiklis su jutikline klaviatūra.', 'GHE 150', '2021-01-06 12:51:49', 1, 193, 318, 2, NULL, NULL),
(194, NULL, 'GHE 250', NULL, NULL, 'Elektrinis šakų smulkintuvas STIHL GH 250 puikiai susmulkina tokias minkštas medžiagas, kaip nupjautos gėlės arba medžių lapai. Didelis, triukšmą slopinantis, piltuvas garantuoja tylų darbą. Pažangus jungiklis su jutikline klaviatūra. Galingas variklis su kintamosios srovės varikliu. Dideli ratai ir plati važiuoklė garantuoja stabilumą ir lengvą perkėlimą į kitą vietą. Elektromechaninė apsauginė užsklanda su didelėmis prisukimo rankenėlėmis, skirta papildomai saugai užtikrinti. &quot;Multi-Cut 250&quot;: triukšmą slopinantys daugiasluoksnės konstrukcijos peilių diskai su kreipiamais pjovimo ir draskančiais peiliais bei pirminiu smulkintuvu. Savaiminio įtraukimo įranga, negrąžinanti smulkinamos medžiagos.', 'GHE 250', '2021-01-06 12:51:49', 1, 194, 318, 2, NULL, NULL),
(195, NULL, 'GHE 260 S', NULL, NULL, 'Elektrinis šakų smulkintuvas STIHL GH 260 S puikiai susmulkina storas ir vidutines šakas. Didelis, triukšmą slopinantis, pripildymo piltuvas garantuoja tylų darbą. Pažangus jungiklis su jutikline klaviatūra. Galingas trifazis kintamosios srovės variklis su integruotu fazės keitikliu kištuke. Dideli ratai ir plati važiuoklė garantuoja stabilumą ir lengvą perkėlimą į kitą vietą. Elektromechaninė apsauginė užsklanda su didelėmis prisukimo rankenėlėmis, skirta papildomai saugai užtikrinti. Savaiminio įtraukimo įranga, negrąžinanti smulkinamos medžiagos.', 'GHE 250', '2021-01-06 12:51:49', 1, 195, 318, 2, NULL, NULL),
(196, NULL, 'GHE 355', NULL, NULL, 'Per didelį pripildymo piltuvą, esantį optimaliame aukštyje, galingą kombinuotąjį smulkintuvą STIHL GH 355 prikrauti nesudėtinga. Tiek storos šakos, tiek minkštos smulkinamos medžiagos – su patentuota vertimo technologija BRS (atgalinė peilių sukimosi sistema) ir galinga pjovimo sistema viskas bus tinkamai susmulkinta.', 'GHE 355', '2021-01-06 12:51:50', 1, 196, 318, 2, NULL, NULL),
(197, NULL, 'GHE 375', NULL, NULL, 'Per didelį pripildymo piltuvą, esantį optimaliame aukštyje, galingą kombinuotąjį elektrinį šakų smulkintuvą STIHL GH 375 su trifaziu varikliu prikrauti nesudėtinga. Tiek storos šakos, tiek minkštos smulkinamos medžiagos - su patentuota vertimo technologija BRS (atgalinė peilių sukimosi sistema) ir galinga pjovimo sistema viskas bus tinkamai susmulkinta Ilgas, įstrižas pripildymo piltuvas su itin didele viršutine dalimi, kad būtų lengviau prikrauti, ir optimalia apsauga nuo apipurškimo. Aliuminio kamera: saugi ir tvirta. Skirta storoms / kietoms nupjautoms šakelėms apdoroti. Didelė pralaidos galia ir greitas didelių minkštesnės medžiagos kiekių apdorojimas. Stabili stovo konstrukcija ir dideli ratai ir įtaisyta gabenimo rankena.', 'GHE 375', '2021-01-06 12:51:50', 1, 197, 318, 2, NULL, NULL),
(198, NULL, 'GHE 420', NULL, NULL, 'Vienas įrenginys - dvi funkcijos: universaliame elektriniame šakų smulkintuve STIHL GH 420 yra atskiros pildymo angos. Tuo metu, kai didelis, tiesus smulkintuvas &quot;praryja&quot; daug vietos užimančias minkštas medžiagas, atlenkiamas tiekimo piltuvas pasiglemžia šakas ir medingas medžiagas. Ypač didelė viršutinė piltuvo dalis su integruota apsauga nuo apipurškimo. Atskirų įrankių stalčius ir elektros laido laikiklis, įtaisyti tiesiogiai variklio gaubte. Galingas 230 V elektros variklis. Dideli ratai, skirti lengvai pervežti į kitą vietą. Pjovimo sistema su novatoriška dviejų kamerų sistema. Apsauginis jungiklis, įtaisytas tiesiog gaubto varžte (vienas paspaudimas - vienas pasukimas).', 'GHE 420', '2021-01-06 12:51:50', 1, 198, 318, 2, NULL, NULL),
(199, NULL, 'GHE 450', NULL, NULL, 'Vienas įrenginys - dvi funkcijos: universaliame elektriniame šakų smulkintuve STIHL GHE 450 yra atskiros pildymo angos. Tuo metu, kai didelis, tiesus smulkintuvas &quot;praryja&quot; daug vietos užimančias minkštas medžiagas, atlenkiamas tiekimo piltuvas pasiglemžia šakas ir medingas medžiagas. Ypač didelė viršutinė piltuvo dalis su integruota apsauga nuo apipurškimo. Atskirų įrankių stalčius ir elektros laido laikiklis, įtaisyti tiesiogiai variklio gaubte. Galingas 400 V trifazis elektros variklis. Dideli ratai, skirti lengvai pervežti į kitą vietą. Pjovimo sistema &quot;Multi-Cut 450&quot; su novatoriška dviejų kamerų sistema. Apsauginis jungiklis, įtaisytas tiesiog gaubto varžte (vienas paspaudimas - vienas pasukimas).', 'GHE 450', '2021-01-06 12:51:50', 1, 199, 318, 2, NULL, NULL),
(200, NULL, 'BG 56', NULL, NULL, 'Greitai nupučia lapus ar nupjautą žolę. Apvalus antgalis. 2-MIX variklis, stabdymo mygtukas.', 'BG 56', '2021-01-06 12:51:50', 1, 200, 318, 2, NULL, NULL),
(201, NULL, 'BG 86', NULL, NULL, 'Lapų ir žolės valymui nuo didelių plotų. Dėka HD2-filtro naudoti galima ir labai nešvarioje aplinkoje, kur yra daug dulkių.  Apvalus antgalis, plokščias antgalis, STIHL antivibracinė sistema, STIHL ElastoStart, 2-MIX-variklis, perjungiamas akseliaratorius su stop mygtuku.', 'BG 86', '2021-01-06 12:51:50', 1, 201, 318, 2, NULL, NULL),
(202, NULL, 'BR 200', NULL, NULL, 'Eikite į savo sodą su profesionalia galia naudodami pūtiklį BR 200. Šis nugarinis pūtiklis patenkins visas valymo užduotis. Supaprastinta užvedimo sistema, ergonomiškas dizainas ir antivibracinė sistema užtikrina komfortišką darbą ir nenuvargina. Įrenginys turi 2-MIX variklį išskiriantį mažesnį kenksmingų medžiagų kiekį į aplinką.', 'BR 200', '2021-01-06 12:51:50', 1, 202, 318, 2, NULL, NULL),
(203, NULL, 'BR 430', NULL, NULL, 'Galingas, taupus ir lengvai prižiūrimas pūtiklis su veiksminga antivibracine sistema. Patogiai pašalinsite žolės ir gyvatvorių likučius, lapus arba šiukšles nuo didelių plotų. Nešiojimo ant nugaros sistema su itin plačiais pečių diržais ir didelio ploto paminkštinta nugaros dalimi.', 'BR 430', '2021-01-06 12:51:50', 1, 203, 318, 2, NULL, NULL),
(204, NULL, 'BR 550', NULL, NULL, 'Šis pūtiklis yra skirtas visiems, kurie ieško puikios galios, ekonomiškumo ir kainos santykio. Tai yra galingas ant nugaros nešamas pūtiklis, su reguliuojamo ilgio pūtimo vamzdžiu. Ant nugaros nešamas pūtiklis STIHL BR 550 pasižymi labai ekonomišku ir aplinkai draugišku varikliu. Mažesnės kuro sąnaudos, tačiau galingas variklis ir sumažintas išmetamųjų dujų kiekis yra tai, ko ieško tiek mėgėjas, tiek ir profesionalas. Pūtiklį galima reguliuoti trimis pozicijomis, o tai reiškia, kad jausite tik STIHL užtikrinamą komfortą dirbdami ir visai nesvarbu, ar tvarkysitės savo kieme, ar atliksite darbdavio pavestas užduotis. Tai yra profesionalus įrankis, be kurio neįsivaizduoja savo gyvenimo nė vienas aukštus reikalavimus keliantis komunalinių paslaugų srities ekspertas. Kaip ir kiti STIHL įrankiai šis pūtiklis turi įdiegtą vibracijos mažinimo ir lengvo užvedimo funkciją, tad tikrai negaišite laiko bereikalingoms operacijoms, o svarbiausia darbuositės ilgai ir be nuovargio.', 'BR 550', '2021-01-06 12:51:50', 1, 204, 318, 2, NULL, NULL),
(205, NULL, 'BR 600', NULL, NULL, 'Geriausias, ypač galingas ant nugaros nešiojamas pūtiklis. Labai aukštas oro pralaidumas įvairiausioms valymo užduotims. Puikus galios ir svorio santykis. Puiki anti-vibracijos sistema ir ergonomiškas nešimo rėmas. Inovatyvus 4-MIX ® variklis malonesniam garsui, mažos degalų sąnaudos ir mažos teršalų emisijos.', 'BR 600', '2021-01-06 12:51:50', 1, 205, 318, 2, NULL, NULL),
(206, NULL, 'BR 700', NULL, NULL, 'Ypač aukštos kokybės profesionalus pūstuvas su reguliuojamu pūtimo vamzdžiu ir valdymo rankenos padėties reguliavimu be įrankių. Didelė pūtimo jėga, mažas svoris. Idealiai tinka norint lengvai pašalinti žolę, lapus ir šiukšles iš didelių plotų. Gumuotas dviejų komponentų rankena, „STIHL“ antivibracinė sistema, plačios pečių juostos, klubo diržas, 4-MIX variklis, lengvas užkūrimas, kintamo greičio ir fiksuojama gazo svirtis su stabdymo mygtuku, patogios nešimo rankenos.', 'BR 700', '2021-01-06 12:51:50', 1, 206, 318, 2, NULL, NULL),
(207, NULL, 'BR 800 C-E', NULL, NULL, 'STIHL galingiausias nupūtėjas: praktiškas šoninis užvedimas - patogiai užveskite įrenginį iš naujo, nenusiimdami nuo nugaros. Rankenos padėties reguliavimas be įrankių ir lengvas pūtimo vamzdžio reguliavimas. Minkšta rankena, STIHL antivibracinė sistema, ergonomiškos formos, platūs nešiojimo diržai, klubo diržas, krūtinės diržas, 4-MIX variklis, paprastas užvedimas, pūtimo greičio reguliavimas su gesinimo mygtuku, nešiojimas rankena.', 'BR 800 C-E', '2021-01-06 12:51:50', 1, 207, 318, 2, NULL, NULL),
(208, NULL, 'BGA 45', NULL, NULL, 'Rankinis akumuliatorinis pūtiklis, skirtas valyti mažesnius plotus šalia namų. Apvalus antgalis, įmontuotas akumuliatorius, sieninis laikiklis su įkrovimo funkcija, praktiškam sandėliavimui ir įrenginio įkrovai tuo pat metu, svoris 2,0 kg. Akumuliatoriaus įkrovimo laikas 210 min /300 min (80 % /100 %).', 'BGA 45', '2021-01-06 12:51:51', 1, 208, 318, 2, NULL, NULL),
(209, NULL, 'BGA 57', NULL, NULL, 'Puikiai subalansuotas akumuliatorinis pūtiklis, kuris suteikia malonų ir nevarginantį darbą. Apvalus antgalis, minkšta rankena su „Ergo“ svirtimi, trijų pakopų reguliuojamo ilgio pūtimo vamzdis skirtas optimaliam pūtimo jėgos panaudojimui.', 'BGA 57', '2021-01-06 12:51:51', 1, 209, 318, 2, NULL, NULL),
(210, NULL, 'BGA 86', NULL, NULL, 'Patogiai valdomas, labai galingas akumuliatorinis pūtiklis, skirtas profesionaliam naudojimui, ypač miesto erdvėse tokiose, kaip žaidimų ir automobilių stovėjimo aikštelės. Pašalinti lapus, žaliąsias atliekas ir nešvarumus. 40 % daugiau pūtimo galios, lyginant su BGA 85, tuo pat metu mažesnio svorio. Apvalus antgalis, minkšta rankena, trijų pakopų, reguliuojamo ilgio pūtimo vamzdis. Kaip priedą galima įsigyti plokščią antgalį, skirtą padidinti oro greitį.', 'BGA 86', '2021-01-06 12:51:51', 1, 210, 318, 2, NULL, NULL),
(211, NULL, 'BGA 100', NULL, NULL, 'Maloniai tylus, lengvas ir labai našus akumuliatorinis pūtiklis, skirtas profesionaliam naudojimui. Ypač tinka naudoti mieste, jautriose triukšmui vietose. Apvalus antgalis, paminkštinta rankena, trys galios režimai su papildoma didinimo funkcija, trimis\npadėtimis reguliuojamas pūtimo vamzdžio ilgis, kilpos, skirtos įrenginio įdėklui pritvirtinti, svoris 2,5 kg. Ilgesniam nepertraukiamam darbui rekomenduojamas ant nugaros nešiojamas akumuliatorius AR 3000 su paminkštinimu ir &quot;komfort&quot; kabliu, trumpesnį laiką atliekamiems darbams skirtas akumuliatorius.', 'BGA 100', '2021-01-06 12:51:51', 1, 211, 318, 2, NULL, NULL),
(212, NULL, 'BGA 200', NULL, NULL, 'Galingiausias STIHL akumuliatorinis pūtiklis BGA 200, kuris ne tik suteikia beveik 25% didesnę pūtimo jėgą nei BGA 100, bet ir idealiai tinka, kur nepageidaujamas didelis triukšmas. Pūtiklis pasižymi ergonomišku dizainu. Tylus veikimas leidžia namų savininkams ir aplinką prižiūrintiems specialistams dirbti garsui jautriose vietose. Trys galios lygiai su kintamu greičiu, bei &quot;boost&quot; režimas padeda nupūsti visas šiūkšles nuo valomų paviršių. Pastovaus greičio palaikymo sistema leidžia  palaikyti pūtimo jėgą, nelaikant pastoviai nuspaudus jungtuko. Reguliuojamas pūstuvo vamzdis su metaliniu žiedu suteikia ne tik geresnes eksploatacines savybes, bet ir suteikia galimybę vieno mygtuko paspaudimu prisitaikyti pūtimo vamzdžio ilgį. Metalinis žiedas pūtimo vamzdžio gale, suteikia patvarumą ir apsaugą nuo nusidėvėjimo. Komplektuojamas su nešiojimo sistema.', 'BGA 200', '2021-01-06 12:51:51', 1, 212, 318, 2, NULL, NULL),
(213, NULL, 'BGE 71', NULL, NULL, 'Lengvai naudojamas ir tylus elektrinis STIHL BGE 71 pūtimo įtaisas gali būti naudojamas norint sutvarkyti sodus, šaligatvius ir daugybę kitų sričių. Labai efektyvus triukšmo mažinimas su galingu pūtiklio pajėgumu. Suderinus su praktišku  vakuuminiu adapterio rinkiniu, pūtimo įtaisas gali būti paverstas siurbimo įrenginiu su surinkimo krepšiu didelių atliekų kiekių suspaudimui.', 'BGE 71', '2021-01-06 12:51:51', 1, 213, 318, 2, NULL, NULL),
(214, NULL, 'SH 56', NULL, NULL, 'Serijinis modelis: galima naudoti ir kaip pūstuvą. Greičio kontrolė, apvalus antgalis, 2-MIX-variklis.', 'SH 56', '2021-01-06 12:51:51', 1, 214, 318, 2, NULL, NULL),
(215, NULL, 'SH 86', NULL, NULL, 'Labai stipriai siurbia. Idealus dideliems plotams valyti. Serijinėje komplektacijoje gali būti naudojamas ir kaip pūtiklis. Su patogia STIHL antivibracine sistema, pūtimo vamzdžiu, apvaliu ir plokščiu antgaliu. Dėl naujojo HD2 oro filtro tinkamas naudoti ir labai dulkėtoje aplinkoje.', 'SH 86', '2021-01-06 12:51:51', 1, 215, 318, 2, NULL, NULL),
(216, NULL, 'GTA 26', NULL, NULL, 'Universalus akumuliatorinis genėtuvas. Skirtas medžiams ir krūmams genėti, žaliosioms atliekoms pjauti ar statybos darbams iš medžio. Su 1/4 colio „PM3“ pjovimo grandine, skirta našiam ir galingam pjovimui. Ergonomiška, neslidi valdymo rankena. Grandinės keitimas be įrankių, lankstus apsauginis gaubtas saugiam darbui, su įkrovos būsenos indikatoriumi.\n&lt;p&gt;Rinkinyje: &lt;/p&gt;\n&lt;br&gt; 1 x ličio jonų akumuliatorius AS 2, 28 Wh, 10,8 V&lt;/br&gt; \n&lt;br&gt; 1 x standartinis įkroviklis AL 1&lt;/br&gt; \n&lt;br&gt; 1 x „Light“ pjovimo juosta, 10 cm&lt;/br&gt; \n&lt;br&gt; 1 x 1/4 colio „PM3“ pjovimo grandinė, 10 cm&lt;/br&gt; \n&lt;br&gt; 1 x „Multioil Bio“, 50 ml&lt;/br&gt; \n&lt;br&gt; 1 x gabenimo krepšys, juodas / oranžinis, su ąsomis tvirtinti prie sienos&lt;/br&gt;', 'SHE 81', '2021-01-06 12:51:51', 1, 216, 318, 2, NULL, NULL);

-- --------------------------------------------------------

--
-- Table structure for table `lite_products_categories`
--

CREATE TABLE `lite_products_categories` (
  `product_id` int NOT NULL,
  `product_category_id` int NOT NULL
) ENGINE=InnoDB DEFAULT CHARSET=utf8 COLLATE=utf8_lithuanian_ci;

--
-- Dumping data for table `lite_products_categories`
--

INSERT INTO `lite_products_categories` (`product_id`, `product_category_id`) VALUES
(1, 1),
(1, 8),
(2, 1),
(2, 8),
(3, 1),
(3, 8),
(4, 1),
(4, 8),
(5, 1),
(5, 8),
(6, 1),
(6, 8),
(7, 1),
(7, 8),
(8, 1),
(8, 8),
(9, 1),
(9, 8),
(10, 1),
(10, 8),
(11, 1),
(11, 8),
(12, 1),
(12, 8),
(13, 1),
(13, 8),
(14, 1),
(14, 8),
(15, 1),
(15, 8),
(16, 1),
(16, 8),
(17, 1),
(17, 8),
(18, 1),
(18, 8),
(19, 1),
(19, 8),
(20, 1),
(20, 8),
(21, 1),
(21, 8),
(22, 1),
(22, 8),
(23, 1),
(23, 8),
(24, 1),
(24, 8),
(25, 1),
(25, 8),
(26, 1),
(26, 8),
(27, 1),
(27, 8),
(28, 1),
(28, 8),
(29, 1),
(29, 8),
(30, 1),
(30, 8),
(31, 1),
(31, 8),
(32, 1),
(32, 8),
(34, 1),
(34, 8),
(35, 1),
(35, 8),
(53, 1),
(53, 10),
(54, 1),
(54, 10),
(55, 1),
(55, 10),
(56, 1),
(56, 10),
(57, 1),
(57, 11),
(58, 1),
(58, 11),
(59, 1),
(59, 11),
(60, 1),
(60, 11),
(61, 1),
(61, 11),
(62, 1),
(62, 11),
(63, 1),
(63, 11),
(64, 1),
(64, 11),
(65, 1),
(65, 11),
(66, 1),
(66, 11),
(67, 1),
(67, 11),
(68, 1),
(68, 11),
(69, 1),
(69, 11),
(70, 1),
(70, 11),
(71, 1),
(71, 11),
(72, 1),
(72, 11),
(73, 1),
(73, 11),
(74, 1),
(74, 11),
(75, 1),
(75, 11),
(76, 1),
(76, 11),
(77, 1),
(77, 11),
(78, 1),
(78, 14),
(79, 1),
(79, 14),
(80, 1),
(80, 14),
(81, 1),
(81, 14),
(82, 1),
(82, 14),
(83, 1),
(83, 14),
(85, 3),
(85, 16),
(86, 3),
(86, 16),
(87, 3),
(87, 16),
(88, 3),
(88, 16),
(89, 3),
(89, 16),
(90, 3),
(90, 16),
(91, 3),
(91, 16),
(92, 3),
(92, 16),
(93, 3),
(93, 16),
(94, 3),
(94, 16),
(95, 3),
(95, 16),
(96, 3),
(96, 16),
(97, 3),
(97, 16),
(98, 3),
(98, 16),
(99, 3),
(99, 16),
(100, 3),
(100, 16),
(101, 3),
(101, 16),
(102, 3),
(102, 16),
(103, 3),
(103, 16),
(104, 3),
(104, 16),
(105, 3),
(105, 16),
(106, 3),
(106, 16),
(107, 3),
(107, 16),
(108, 3),
(108, 16),
(109, 3),
(109, 16),
(110, 3),
(110, 16),
(111, 3),
(111, 16),
(112, 3),
(112, 16),
(113, 3),
(113, 16),
(114, 3),
(114, 16),
(115, 3),
(115, 16),
(116, 3),
(116, 16),
(117, 3),
(117, 16),
(118, 3),
(118, 16),
(119, 3),
(119, 16),
(120, 3),
(120, 17),
(121, 3),
(121, 17),
(122, 3),
(122, 17),
(123, 3),
(123, 17),
(124, 3),
(124, 17),
(125, 3),
(125, 17),
(126, 3),
(126, 17),
(127, 3),
(127, 17),
(128, 3),
(128, 18),
(129, 3),
(129, 18),
(130, 3),
(130, 18),
(131, 3),
(131, 18),
(132, 3),
(132, 18),
(133, 3),
(133, 18),
(134, 3),
(134, 18),
(135, 3),
(135, 19),
(136, 3),
(136, 19),
(137, 3),
(137, 19),
(138, 3),
(138, 18),
(139, 3),
(139, 18),
(140, 3),
(140, 18),
(141, 3),
(141, 18),
(142, 3),
(142, 18),
(143, 3),
(143, 19),
(144, 3),
(144, 19),
(145, 3),
(145, 18),
(146, 3),
(146, 18),
(147, 3),
(147, 18),
(148, 3),
(148, 18),
(149, 3),
(149, 20),
(150, 3),
(150, 20),
(151, 3),
(151, 20),
(152, 3),
(152, 21),
(153, 3),
(153, 21),
(154, 3),
(154, 21),
(155, 3),
(155, 21),
(156, 3),
(156, 21),
(157, 3),
(157, 21),
(158, 3),
(158, 22),
(159, 3),
(159, 22),
(160, 3),
(160, 22),
(161, 3),
(161, 22),
(162, 3),
(162, 22),
(163, 3),
(163, 22),
(164, 3),
(164, 22),
(165, 3),
(165, 23),
(166, 3),
(166, 24),
(167, 3),
(167, 24),
(168, 3),
(168, 24),
(169, 3),
(169, 24),
(170, 3),
(170, 24),
(171, 3),
(171, 24),
(172, 3),
(172, 24),
(173, 3),
(173, 24),
(174, 4),
(174, 25),
(175, 4),
(175, 25),
(176, 4),
(176, 25),
(177, 4),
(177, 25),
(178, 4),
(178, 25),
(179, 4),
(179, 25),
(180, 4),
(180, 25),
(181, 4),
(181, 25),
(182, 4),
(182, 25),
(183, 4),
(183, 25),
(184, 4),
(184, 25),
(185, 4),
(185, 26),
(186, 4),
(186, 26),
(187, 4),
(187, 26),
(188, 4),
(188, 27),
(189, 4),
(189, 27),
(190, 4),
(190, 28),
(191, 4),
(191, 28),
(192, 4),
(192, 28),
(193, 4),
(193, 28),
(194, 4),
(194, 28),
(195, 4),
(195, 28),
(196, 4),
(196, 28),
(197, 4),
(197, 28),
(198, 4),
(198, 28),
(199, 4),
(199, 28),
(200, 4),
(200, 29),
(201, 4),
(201, 29),
(202, 4),
(202, 29),
(203, 4),
(203, 29),
(204, 4),
(204, 29),
(205, 4),
(205, 29),
(206, 4),
(206, 29),
(207, 4),
(207, 29),
(208, 4),
(208, 29),
(209, 4),
(209, 29),
(210, 4),
(210, 29),
(211, 4),
(211, 29),
(212, 4),
(212, 29),
(213, 4),
(213, 29),
(214, 4),
(214, 29),
(215, 4),
(215, 29),
(216, 1),
(216, 12);

-- --------------------------------------------------------

--
-- Table structure for table `lite_product_categories`
--

CREATE TABLE `lite_product_categories` (
  `id` int NOT NULL,
  `parent` int NOT NULL DEFAULT '0',
  `name` varchar(100) CHARACTER SET utf8 COLLATE utf8_lithuanian_ci NOT NULL,
  `full_name` varchar(100) CHARACTER SET utf8 COLLATE utf8_lithuanian_ci DEFAULT NULL,
  `description` text CHARACTER SET utf8 COLLATE utf8_lithuanian_ci,
  `safety_desc` text CHARACTER SET utf8 COLLATE utf8_lithuanian_ci,
  `url` varchar(100) CHARACTER SET utf8 COLLATE utf8_lithuanian_ci DEFAULT NULL,
  `position` int NOT NULL DEFAULT '0',
  `active` tinyint NOT NULL DEFAULT '1',
  `visible_in_menu` int NOT NULL DEFAULT '1',
  `google_taxonomy_id` int DEFAULT NULL
) ENGINE=InnoDB DEFAULT CHARSET=utf8 COLLATE=utf8_lithuanian_ci;

--
-- Dumping data for table `lite_product_categories`
--

INSERT INTO `lite_product_categories` (`id`, `parent`, `name`, `full_name`, `description`, `safety_desc`, `url`, `position`, `active`, `visible_in_menu`, `google_taxonomy_id`) VALUES
(1, 0, 'Pjovimas ir kirpimas', NULL, NULL, NULL, 'pjovimas-ir-kirpimas', 2, 1, 1, NULL),
(3, 0, 'Žolės pjovimas ir sodinimas', NULL, NULL, NULL, 'zoles-pjovimas-ir-sodinimas', 1, 1, 1, NULL),
(4, 0, 'Valymo įranga', NULL, NULL, NULL, 'valymo-iranga', 3, 1, 1, NULL),
(5, 0, 'Įranga', NULL, NULL, NULL, 'iranga', 4, 1, 1, NULL),
(6, 0, 'Technologijos', NULL, NULL, NULL, 'technologijos', 5, 1, 1, NULL),
(7, 0, 'Aktualijos', NULL, NULL, NULL, 'Aktualijos', 6, 1, 1, NULL),
(8, 1, 'Grandininiai pjūklai', NULL, NULL, NULL, 'grandininiai-pjuklai', 7, 1, 1, NULL),
(9, 1, 'Gyvatvorių žirklės', NULL, NULL, NULL, 'gyvatvoriu-zirkles', 8, 1, 1, NULL),
(10, 1, 'Aukštapjovės', NULL, NULL, NULL, 'aukstapjoves', 9, 1, 1, NULL),
(11, 1, 'Kombi ir Multi sistema', NULL, NULL, NULL, 'kombi-ir-multi-sistema', 10, 1, 1, NULL),
(12, 1, 'Genėtuvai, sekatoriai', NULL, NULL, NULL, 'genetuvai-sekatoriai', 11, 1, 1, NULL),
(13, 1, 'Kirviai, kūjai ir miško priežiūros įrankiai', NULL, NULL, NULL, 'kirviai-kujai-ir-misko-prieziuros', 12, 1, 1, NULL),
(14, 1, 'Pjaustytuvai', NULL, NULL, NULL, 'pjaustytuvai', 13, 1, 1, NULL),
(15, 1, 'Betono pjūklas', NULL, NULL, NULL, 'betono-pjuklas', 14, 1, 1, NULL),
(16, 3, 'Žoliapjovės ir krūmapjovės', NULL, NULL, NULL, 'zoliapjoves-ir-krumapjoves', 15, 1, 1, NULL),
(17, 3, 'iMOW vejos robotai', NULL, NULL, NULL, 'imow-vejos-robotai', 16, 1, 1, NULL),
(18, 3, 'Vejapjovės', NULL, NULL, NULL, 'vejapjoves', 17, 1, 1, NULL),
(19, 3, 'Mulčiuojančios vejapjovės', NULL, NULL, NULL, 'mulciuojancios-vejapjoves', 18, 1, 1, NULL),
(20, 3, 'Aeratoriai', NULL, NULL, NULL, 'aeratoriai', 19, 1, 1, NULL),
(21, 3, 'Kultivatoriai', NULL, NULL, NULL, 'kultivatoriai', 20, 1, 1, NULL),
(22, 3, 'Vejos pjovimo traktoriai', NULL, NULL, NULL, 'vejos-pjovimo-traktoriai', 21, 1, 1, NULL),
(23, 3, 'Žemės grąžtai', NULL, NULL, NULL, 'zemes-graztai', 22, 1, 1, NULL),
(24, 3, 'Purkštuvai ir purškikliai', NULL, NULL, NULL, 'purkstuvai-ir-purskikliai', 23, 1, 1, NULL),
(25, 4, 'Aukšto slėgio valymo įrenginiai', NULL, NULL, NULL, 'auksto-slegio-valymo-irenginiai', 24, 1, 1, NULL),
(26, 4, 'Šlapio ir sauso valymo siurbliai', NULL, NULL, NULL, 'slapio-ir-sauso-valymo-siurbliai', 25, 1, 1, NULL),
(27, 4, 'Šlavimo įrenginiai', NULL, NULL, NULL, 'slavimo-irenginiai', 26, 1, 1, NULL),
(28, 4, 'Smulkintuvai', NULL, NULL, NULL, 'smulkintuvai', 27, 1, 1, NULL),
(29, 4, 'Pūtikliai ir surinktuvai', NULL, NULL, NULL, 'putikliai-ir-surinktuvai', 28, 1, 1, NULL),
(30, 5, 'Produktų priedai', NULL, NULL, NULL, 'produktu-priedai', 29, 1, 1, NULL),
(31, 5, 'Išmanūs įrenginiai', NULL, NULL, NULL, 'ismanus-irenginiai', 30, 1, 1, NULL),
(32, 5, 'Eksplotacinės medžiagos', NULL, NULL, NULL, 'eksplotacines-medziagos', 31, 1, 1, NULL),
(33, 5, 'Asmeninės saugos priemonės', NULL, NULL, NULL, 'asmenines-saugos-priemones', 32, 1, 1, NULL),
(34, 6, 'Akumuliatorinė technologija', NULL, NULL, NULL, 'akumuliatorine-technologija', 33, 1, 1, NULL),
(35, 6, 'Vidaus degimo variklių technologija', NULL, NULL, NULL, 'vidaus-degimo-varikliu-technologija', 34, 1, 1, NULL),
(36, 6, 'Užvedimo sistema', NULL, NULL, NULL, 'uzvedimo-sistema', 35, 1, 1, NULL),
(37, 6, 'Pjovimo grandinės ir juostos sistema', NULL, NULL, NULL, 'pjovimo-grandines-ir-juostos-sistema', 36, 1, 1, NULL),
(38, 6, 'Išmanių įrenginių technologija', NULL, NULL, NULL, 'ismaniu-irenginiu-technologija', 37, 1, 1, NULL),
(39, 6, 'Plėtra ir kokybė', NULL, NULL, NULL, 'pletra-ir-kokybe', 38, 1, 1, NULL),
(40, 7, 'Katalogas', NULL, NULL, NULL, 'katalogas', 39, 1, 1, NULL),
(41, 7, 'Nuolaidos ir akcijos', NULL, NULL, NULL, 'nuolaidos-ir-akcijos', 40, 1, 1, NULL),
(42, 7, 'Testavimai ir bandymai', NULL, NULL, NULL, 'testavimai-ir-bandymai', 41, 1, 1, NULL);

-- --------------------------------------------------------

--
-- Table structure for table `lite_product_items`
--

CREATE TABLE `lite_product_items` (
  `id` int NOT NULL,
  `product_id` int NOT NULL,
  `modification_id` int DEFAULT NULL,
  `name` varchar(500) CHARACTER SET utf8 COLLATE utf8_lithuanian_ci DEFAULT NULL,
  `code` varchar(500) CHARACTER SET utf8 COLLATE utf8_lithuanian_ci DEFAULT NULL,
  `price` decimal(7,2) NOT NULL,
  `regular_price` decimal(7,2) NOT NULL,
  `promo_price` decimal(7,2) DEFAULT NULL,
  `quantity` int DEFAULT '0',
  `position` int DEFAULT NULL,
  `active` tinyint NOT NULL DEFAULT '1',
  `group_by` varchar(200) CHARACTER SET utf8 COLLATE utf8_lithuanian_ci DEFAULT NULL,
  `date` timestamp NOT NULL DEFAULT CURRENT_TIMESTAMP,
  `weight` decimal(7,3) NOT NULL DEFAULT '0.000',
  `sync` tinyint NOT NULL DEFAULT '1'
) ENGINE=InnoDB DEFAULT CHARSET=utf8 COLLATE=utf8_lithuanian_ci;

--
-- Dumping data for table `lite_product_items`
--

INSERT INTO `lite_product_items` (`id`, `product_id`, `modification_id`, `name`, `code`, `price`, `regular_price`, `promo_price`, `quantity`, `position`, `active`, `group_by`, `date`, `weight`, `sync`) VALUES
(1, 1, 1, 'MS 170, pjovimo juostos ilgis 35cm', '11300113059A', '179.00', '179.00', NULL, 1, 1, 1, 'modification_id:1', '2021-01-06 12:52:59', '0.000', 1),
(2, 2, 2, 'MS 180, pjovimo juostos ilgis 35cm', '11300113082A', '229.00', '229.00', NULL, 1, 2, 1, 'modification_id:2', '2021-01-06 12:53:00', '0.000', 1),
(3, 2, 3, 'MS 180 C-BE, pjovimo juostos ilgis 35cm', '11300113083A', '289.00', '289.00', NULL, 1, 3, 1, 'modification_id:3', '2021-01-06 12:53:00', '0.000', 1),
(4, 3, 4, 'MS 181, pjovimo juostos ilgis 35cm', '11390113039A', '299.00', '299.00', NULL, 1, 4, 1, 'modification_id:4', '2021-01-06 12:53:00', '0.000', 1),
(5, 3, 6, 'MS 181 C-BE, pjovimo juostos ilgis 35cm', '11390113041A', '339.00', '339.00', NULL, 1, 5, 1, 'modification_id:6', '2021-01-06 12:53:00', '0.000', 1),
(6, 4, 5, 'MS 211, pjovimo juostos ilgis 35cm', '11390113070A', '339.00', '339.00', NULL, 1, 6, 1, 'modification_id:5', '2021-01-06 12:53:00', '0.000', 1),
(7, 4, 5, 'MS 211, pjovimo juostos ilgis 35cm, grandinė 63PD3', '11390113070C', '349.00', '349.00', NULL, 1, 7, 1, 'modification_id:5', '2021-01-06 12:53:00', '0.000', 1),
(8, 5, 7, 'MS 231, pjovimo juostos ilgis 35cm', '11430113030A', '429.00', '429.00', NULL, 1, 8, 1, 'modification_id:7', '2021-01-06 12:53:00', '0.000', 1),
(9, 5, 7, 'MS 231, pjovimo juostos ilgis 35cm, grandinė 63PD3', '11430113030C', '479.00', '479.00', NULL, 1, 9, 1, 'modification_id:7', '2021-01-06 12:53:00', '0.000', 1),
(10, 5, 8, 'MS 231 C-BE, pjovimo juostos ilgis 35cm', '11430113031A', '469.00', '469.00', NULL, 1, 10, 1, 'modification_id:8', '2021-01-06 12:53:00', '0.000', 1),
(11, 6, 9, 'MS 251, pjovimo juostos ilgis 35cm', '11430113060A', '469.00', '469.00', NULL, 1, 11, 1, 'modification_id:9', '2021-01-06 12:53:00', '0.000', 1),
(12, 6, 10, 'MS 251 C-BE, pjovimo juostos ilgis 35cm', '11430113061A', '579.00', '579.00', NULL, 1, 12, 1, 'modification_id:10', '2021-01-06 12:53:00', '0.000', 1),
(13, 7, 11, 'MS 271, pjovimo juostos ilgis 37 cm', '11410113030A', '599.00', '599.00', NULL, 1, 13, 1, 'modification_id:11', '2021-01-06 12:53:00', '0.000', 1),
(14, 7, 11, 'MS 271, pjovimo juostos ilgis 37 cm, grandinė 26RD3', '11410113030C', '619.00', '619.00', NULL, 1, 14, 1, 'modification_id:11', '2021-01-06 12:53:00', '0.000', 1),
(15, 8, 12, 'MS 291, pjovimo juostos ilgis 37 cm', '11410113060A', '639.00', '639.00', NULL, 1, 15, 1, 'modification_id:12', '2021-01-06 12:53:00', '0.000', 1),
(16, 9, 13, 'MS 311, pjovimo juostos ilgis 40 cm', '11400113000A', '599.00', '599.00', NULL, 1, 16, 1, 'modification_id:13', '2021-01-06 12:53:00', '0.000', 1),
(17, 10, 14, 'MS 391, pjovimo juostos ilgis 40 cm', '11400113020A', '689.00', '689.00', NULL, 1, 17, 1, 'modification_id:14', '2021-01-06 12:53:00', '0.000', 1),
(18, 11, 15, 'MS 151 C-E, pjovimo juostos ilgis 30cm', '11460113021A', '479.00', '479.00', NULL, 1, 18, 1, 'modification_id:15', '2021-01-06 12:53:00', '0.000', 1),
(19, 12, 16, 'MS 241 C-M, pjovimo juostos ilgis 37 cm', '11430113000A', '629.00', '629.00', NULL, 1, 19, 1, 'modification_id:16', '2021-01-06 12:53:00', '0.000', 1),
(20, 13, 17, 'MS 201 C-M, pjovimo juostos ilgis 35cm', '11450113013A', '679.00', '679.00', NULL, 1, 20, 1, 'modification_id:17', '2021-01-06 12:53:00', '0.000', 1),
(21, 13, 17, 'MS 201 C-M, pjovimo juostos ilgis 30cm (drožybai)', '11450113013B', '699.00', '699.00', NULL, 1, 21, 1, 'modification_id:17', '2021-01-06 12:53:00', '0.000', 1),
(22, 14, 18, 'MS 261, pjovimo juostos ilgis 37 cm', '11410113000A', '649.00', '649.00', NULL, 1, 22, 1, 'modification_id:18', '2021-01-06 12:53:00', '0.000', 1),
(23, 14, 18, 'MS 261, pjovimo juostos ilgis 37cm, grandinė 26RD3', '11410113000E', '719.00', '719.00', NULL, 1, 23, 1, 'modification_id:18', '2021-01-06 12:53:00', '0.000', 1),
(24, 14, 19, 'MS 261 C-M, pjovimo juostos ilgis 37cm', '11410113090A', '739.00', '739.00', NULL, 1, 24, 1, 'modification_id:19', '2021-01-06 12:53:00', '0.000', 1),
(25, 14, 20, 'MS 261 C-BM, pjovimo juostos ilgis 37cm', '11410113092A', '749.00', '749.00', NULL, 1, 25, 1, 'modification_id:20', '2021-01-06 12:53:00', '0.000', 1),
(26, 14, 21, 'MS 261 C-M VW, pjovimo juostos ilgis 37cm', '11410113091A', '819.00', '819.00', NULL, 1, 26, 1, 'modification_id:21', '2021-01-06 12:53:00', '0.000', 1),
(27, 15, 22, 'MS 362, pjovimo juostos ilgis 40 cm', '11400113083B', '829.00', '829.00', NULL, 1, 27, 1, 'modification_id:22', '2021-01-06 12:53:00', '0.000', 1),
(28, 15, 23, 'MS 362 C-M, pjovimo juostos ilgis 40 cm', '11400113072A', '849.00', '849.00', NULL, 1, 28, 1, 'modification_id:23', '2021-01-06 12:53:00', '0.000', 1),
(29, 15, 24, 'MS 362 CM VW, pjovimo juostos ilgis 40 cm', '11400113075A', '929.00', '929.00', NULL, 1, 29, 1, 'modification_id:24', '2021-01-06 12:53:00', '0.000', 1),
(30, 16, 25, 'MS 462, pjovimo juostos ilgis 45 cm', '11420113000A', '1049.00', '1049.00', NULL, 1, 30, 1, 'modification_id:25', '2021-01-06 12:53:00', '0.000', 1),
(31, 16, 26, 'MS 462 C-M, pjovimo juostos ilgis 45 cm', '11420113001A', '1099.00', '1099.00', NULL, 1, 31, 1, 'modification_id:26', '2021-01-06 12:53:00', '0.000', 1),
(32, 16, 29, 'MS 462 C-M VW, pjovimo juostos ilgis 45 cm', '11420113002A', '1149.00', '1149.00', NULL, 1, 32, 1, 'modification_id:29', '2021-01-06 12:53:00', '0.000', 1),
(33, 17, 27, 'MS 661, be pjovimo juostos ir grandinės', '11440113050', '1099.00', '1099.00', NULL, 1, 33, 1, 'modification_id:27', '2021-01-06 12:53:00', '0.000', 1),
(34, 17, 28, 'MS 661 C-M, be pjovimo juostos ir grandinės', '11440113051', '1149.00', '1149.00', NULL, 1, 34, 1, 'modification_id:28', '2021-01-06 12:53:00', '0.000', 1),
(35, 18, 30, 'MS 500i, be pjovimo juostos ir grandinės', '11470113000A', '1299.00', '1299.00', NULL, 1, 35, 1, 'modification_id:30', '2021-01-06 12:53:00', '0.000', 1),
(36, 19, 31, 'MS 150 TC-E, pjovimo juostos ilgis 30cm', '11460113000A', '469.00', '469.00', NULL, 1, 36, 1, 'modification_id:31', '2021-01-06 12:53:00', '0.000', 1),
(37, 20, 32, 'MS 201 TC-M, pjovimo juostos ilgis 35cm', '11450113016A', '699.00', '699.00', NULL, 1, 37, 1, 'modification_id:32', '2021-01-06 12:53:00', '0.000', 1),
(38, 21, 33, 'MS 194 T, pjovimo juostos ilgis 30cm', '11370113050A', '379.00', '379.00', NULL, 1, 38, 1, 'modification_id:33', '2021-01-06 12:53:00', '0.000', 1),
(39, 22, 34, 'MS 462 C-M R su 50cm pjovimo juosta ir Rapid Duro R grandine', '11420113003A', '1599.00', '1599.00', NULL, 1, 39, 1, 'modification_id:34', '2021-01-06 12:53:01', '0.000', 1),
(40, 23, 35, 'MSA 120 C-BQ, be akumuliatoriaus ir įkroviklio', '12540115874', '229.00', '229.00', NULL, 1, 40, 1, 'modification_id:35', '2021-01-06 12:53:01', '0.000', 1),
(41, 23, 35, 'MSA 120 C-BQ, su akumuliatoriumi AK 20 ir įkrovikliu AL 101', '12540115888', '329.00', '329.00', NULL, 1, 41, 1, 'modification_id:35', '2021-01-06 12:53:01', '0.000', 1),
(42, 24, 36, 'MSA 140 C-BQ, be akumuliatoriaus ir įkroviklio', '12540115844', '259.00', '259.00', NULL, 1, 42, 1, 'modification_id:36', '2021-01-06 12:53:01', '0.000', 1),
(43, 24, 36, 'MSA 140 C-BQ, su akumuliatoriumi AK 30 ir įkrovikliu AL 101', '12540115858', '379.00', '379.00', NULL, 1, 43, 1, 'modification_id:36', '2021-01-06 12:53:01', '0.000', 1),
(44, 25, 37, 'MSA 160 C-BQ, be akumuliatoriaus ir įkroviklio', '12500115800A', '309.00', '309.00', NULL, 1, 44, 1, 'modification_id:37', '2021-01-06 12:53:01', '0.000', 1),
(45, 25, 37, 'MSA 160 C-BQ, su akumuliatoriumi AP 300 ir įkrovikliu AL 300', NULL, '0.00', '0.00', NULL, 1, 45, 1, 'modification_id:37', '2021-01-06 12:53:01', '0.000', 1),
(46, 26, 38, 'MSA 161 T, be akumuliatoriaus ir įkroviklio', '12520115810A', '399.00', '399.00', NULL, 1, 46, 1, 'modification_id:38', '2021-01-06 12:53:01', '0.000', 1),
(47, 26, 38, 'MSA 161 T,  su akumuliatoriumi AP 300 ir įkrovikliu AL 300', NULL, '0.00', '0.00', NULL, 1, 47, 1, 'modification_id:38', '2021-01-06 12:53:01', '0.000', 1),
(48, 27, 39, 'MSA 200 C-BQ, be akumuliatoriaus ir įkroviklio', '12510115800A', '379.00', '379.00', NULL, 1, 48, 1, 'modification_id:39', '2021-01-06 12:53:01', '0.000', 1),
(49, 27, 39, 'MSA 200 C-BQ, drožybai, be akumuliatoriaus ir įkroviklio', '12510115800B', '389.00', '389.00', NULL, 1, 49, 1, 'modification_id:39', '2021-01-06 12:53:01', '0.000', 1),
(50, 27, 39, 'MSA 200 C-BQ,  su akumuliatoriumi AP 300 ir įkrovikliu AL 300', NULL, '0.00', '0.00', NULL, 1, 50, 1, 'modification_id:39', '2021-01-06 12:53:01', '0.000', 1),
(51, 28, 40, 'MSA 220 C-BQ, be akumuliatoriaus ir įkroviklio', '12510115817A', '429.00', '429.00', NULL, 1, 51, 1, 'modification_id:40', '2021-01-06 12:53:01', '0.000', 1),
(52, 28, 40, 'MSA 220 C-BQ, su akumuliatoriumi AP 300S ir įkrovikliu AL 300', NULL, '0.00', '0.00', NULL, 1, 52, 1, 'modification_id:40', '2021-01-06 12:53:01', '0.000', 1),
(53, 29, 41, 'MSE 141 C, pjovimo juostos ilgis 35cm', '12080114051A', '169.00', '169.00', NULL, 1, 53, 1, 'modification_id:41', '2021-01-06 12:53:01', '0.000', 1),
(54, 30, 42, 'MSE 170 C-Q, pjovimo juostos ilgis 35cm', '12090114001A', '239.00', '239.00', NULL, 1, 54, 1, 'modification_id:42', '2021-01-06 12:53:01', '0.000', 1),
(55, 31, 43, 'MSE 190 C-Q, pjovimo juostos ilgis 35cm', '12090114010A', '269.00', '269.00', NULL, 1, 55, 1, 'modification_id:43', '2021-01-06 12:53:01', '0.000', 1),
(56, 32, 44, 'MSE 210 C-BQ, pjovimo juostos ilgis 35cm', '12090114020A', '329.00', '329.00', NULL, 1, 56, 1, 'modification_id:44', '2021-01-06 12:53:01', '0.000', 1),
(57, 34, 45, 'MSE 230 C-BQ, pjovimo juostos ilgis 35cm', '12090114030A', '369.00', '369.00', NULL, 1, 57, 1, 'modification_id:45', '2021-01-06 12:53:01', '0.000', 1),
(58, 35, 46, 'MSE 250 C-Q, pjovimo juostos ilgis 40cm', '12100114000A', '539.00', '539.00', NULL, 1, 58, 1, 'modification_id:46', '2021-01-06 12:53:01', '0.000', 1),
(59, 36, 47, 'HS 45, pjovimo ilgis 45 cm', '42280112937', '259.00', '259.00', NULL, 1, 59, 1, 'modification_id:47', '2021-01-06 12:53:01', '0.000', 1),
(60, 36, 48, 'HS 45, pjovimo ilgis 60 cm', '42280112938', '289.00', '289.00', NULL, 1, 60, 1, 'modification_id:48', '2021-01-06 12:53:01', '0.000', 1),
(61, 33, 49, 'HS 56 C-E', '42420112945', '599.00', '599.00', NULL, 1, 61, 1, 'modification_id:49', '2021-01-06 12:53:01', '0.000', 1),
(62, 38, 50, 'HS 82 R, pjovimo ilgis 60 cm', '42370112977', '589.00', '589.00', NULL, 1, 62, 1, 'modification_id:50', '2021-01-06 12:53:01', '0.000', 1),
(63, 38, 51, 'HS 82 R, pjovimo ilgis 75 cm', '42370112978', '639.00', '639.00', NULL, 1, 63, 1, 'modification_id:51', '2021-01-06 12:53:01', '0.000', 1),
(64, 38, 52, 'HS 82 T, pjovimo ilgis 60 cm', '42370112985', '589.00', '589.00', NULL, 1, 64, 1, 'modification_id:52', '2021-01-06 12:53:01', '0.000', 1),
(65, 38, 53, 'HS 82 T, pjovimo ilgis 75 cm', '42370112986', '639.00', '639.00', NULL, 1, 65, 1, 'modification_id:53', '2021-01-06 12:53:01', '0.000', 1),
(66, 39, 54, 'HSA 26 komplektas', 'HA030113506', '139.00', '139.00', NULL, 1, 66, 1, 'modification_id:54', '2021-01-06 12:53:01', '0.000', 1),
(67, 40, 55, 'HSA 45 su integruotu akumuliatoriumi ir įkrovikliu', '45110113501', '129.00', '129.00', NULL, 1, 67, 1, 'modification_id:55', '2021-01-06 12:53:01', '0.000', 1),
(68, 41, 56, 'HSA 56, be akumuliatoriaus ir įkroviklio', '45210113504', '189.00', '189.00', NULL, 1, 68, 1, 'modification_id:56', '2021-01-06 12:53:01', '0.000', 1),
(69, 41, 56, 'HSA 56 su akumuliatoriumi AK 10 ir įkrovikliu Al 101', '45210113518', '259.00', '259.00', NULL, 1, 69, 1, 'modification_id:56', '2021-01-06 12:53:01', '0.000', 1),
(70, 42, 57, 'HSA 66, be akumuliatoriaus ir įkroviklio', '48510113525', '259.00', '259.00', NULL, 1, 70, 1, 'modification_id:57', '2021-01-06 12:53:01', '0.000', 1),
(71, 42, 57, 'HSA 66, su akumuliatoriumi AP 300 ir įkrovikliu AL 300', NULL, '0.00', '0.00', NULL, 1, 71, 1, 'modification_id:57', '2021-01-06 12:53:01', '0.000', 1),
(72, 43, 58, 'HSA 86, be akumuliatoriaus ir įkroviklio', '48510113526', '289.00', '289.00', NULL, 1, 72, 1, 'modification_id:58', '2021-01-06 12:53:01', '0.000', 1),
(73, 43, 58, 'HSA 86, su akumuliatoriumi AP 300 ir įkrovikliu AL 300', NULL, '0.00', '0.00', NULL, 1, 73, 1, 'modification_id:58', '2021-01-06 12:53:01', '0.000', 1),
(74, 44, 59, 'HSA 94 R, be akumuliatoriaus ir įkroviklio', '48690113503', '559.00', '559.00', NULL, 1, 74, 1, 'modification_id:59', '2021-01-06 12:53:01', '0.000', 1),
(75, 44, 60, 'HSA 94 T, be akumuliatoriaus ir įkroviklio', '48690113512', '559.00', '559.00', NULL, 1, 75, 1, 'modification_id:60', '2021-01-06 12:53:01', '0.000', 1),
(76, 45, 61, 'HSE 42', '48180113506', '135.00', '135.00', NULL, 1, 76, 1, 'modification_id:61', '2021-01-06 12:53:02', '0.000', 1),
(77, 46, 62, 'HSE 52', '48180113507', '145.00', '145.00', NULL, 1, 77, 1, 'modification_id:62', '2021-01-06 12:53:02', '0.000', 1),
(78, 47, 63, 'HSE 61', '48120113509', '175.00', '175.00', NULL, 1, 78, 1, 'modification_id:63', '2021-01-06 12:53:02', '0.000', 1),
(79, 48, 64, 'HSE 71', '48120113513', '195.00', '195.00', NULL, 1, 79, 1, 'modification_id:64', '2021-01-06 12:53:02', '0.000', 1),
(80, 49, 65, 'HLA 56, be akumuliatoriaus ir įkroviklio', 'HA010112904', '239.00', '239.00', NULL, 1, 80, 1, 'modification_id:65', '2021-01-06 12:53:02', '0.000', 1),
(81, 49, 65, 'HLA 56, su akumuliatoriumi AK 30 ir įkrovikliu Al 101', NULL, '0.00', '0.00', NULL, 1, 81, 1, 'modification_id:65', '2021-01-06 12:53:02', '0.000', 1),
(82, 50, 66, 'HLA 65, be akumuliatoriaus ir įkroviklio', '48590112902', '369.00', '369.00', NULL, 1, 82, 1, 'modification_id:66', '2021-01-06 12:53:02', '0.000', 1),
(83, 50, 66, 'HLA 65, su akumuliatoriumi AP 300 ir įkrovikliu AL 300', NULL, '0.00', '0.00', NULL, 1, 83, 1, 'modification_id:66', '2021-01-06 12:53:02', '0.000', 1),
(84, 51, 67, 'HLA 85, be akumuliatoriaus ir įkroviklio', '48590112922', '459.00', '459.00', NULL, 1, 84, 1, 'modification_id:67', '2021-01-06 12:53:02', '0.000', 1),
(85, 51, 67, 'HLA 85, su akumuliatoriumi AP 300 ir įkrovikliu AL 300', NULL, '0.00', '0.00', NULL, 1, 85, 1, 'modification_id:67', '2021-01-06 12:53:02', '0.000', 1),
(86, 52, 68, 'HLA 135, be akumuliatoriaus ir įkroviklio', 'HA040112900', '0.00', '0.00', NULL, 1, 86, 1, 'modification_id:68', '2021-01-06 12:53:02', '0.000', 1),
(87, 52, 68, 'HLA 135, su akumuliatoriumi ??? ir įkrovikliu AL 300', NULL, '0.00', '0.00', NULL, 1, 87, 1, 'modification_id:68', '2021-01-06 12:53:02', '0.000', 1),
(88, 53, 69, 'HT 133', '41822000149', '799.00', '799.00', NULL, 1, 88, 1, 'modification_id:69', '2021-01-06 12:53:02', '0.000', 1),
(89, 54, 70, 'HTA 66, be akumuliatoriaus ir įkroviklio', NULL, '0.00', '0.00', NULL, 1, 89, 1, 'modification_id:70', '2021-01-06 12:53:02', '0.000', 1),
(90, 54, 70, 'HTA 66, su akumuliatoriumi AP 300 ir įkrovikliu AL 300', NULL, '0.00', '0.00', NULL, 1, 90, 1, 'modification_id:70', '2021-01-06 12:53:02', '0.000', 1),
(91, 55, 71, 'HTA 86, be akumuliatoriaus ir įkroviklio', NULL, '0.00', '0.00', NULL, 1, 91, 1, 'modification_id:71', '2021-01-06 12:53:02', '0.000', 1),
(92, 55, 71, 'HTA 66, su akumuliatoriumi AP 300 ir įkrovikliu AL 300', NULL, '0.00', '0.00', NULL, 1, 92, 1, 'modification_id:71', '2021-01-06 12:53:02', '0.000', 1),
(93, 56, 72, 'HTA 135, be akumuliatoriaus ir įkroviklio', NULL, '0.00', '0.00', NULL, 1, 93, 1, 'modification_id:72', '2021-01-06 12:53:02', '0.000', 1),
(94, 56, 72, 'HTA 135, su akumuliatoriumi AP 300 ir įkrovikliu AL 300', NULL, '0.00', '0.00', NULL, 1, 94, 1, 'modification_id:72', '2021-01-06 12:53:02', '0.000', 1),
(95, 57, 73, 'KM 131', '41802000587', '539.00', '539.00', NULL, 1, 95, 1, 'modification_id:73', '2021-01-06 12:53:02', '0.000', 1),
(96, 58, 74, 'KM 131 R', '41802000589', '499.00', '499.00', NULL, 1, 96, 1, 'modification_id:74', '2021-01-06 12:53:02', '0.000', 1),
(97, 59, 75, 'KMA 130 R, be akumuliatoriaus ir įkroviklio', '48670116824', '379.00', '379.00', NULL, 1, 97, 1, 'modification_id:75', '2021-01-06 12:53:02', '0.000', 1),
(98, 60, 76, 'KMA 135 R, be akumuliatoriaus ir įkroviklio', NULL, '0.00', '0.00', NULL, 1, 98, 1, 'modification_id:76', '2021-01-06 12:53:02', '0.000', 1),
(99, 60, 76, 'KMA 135 R, su akumuliatoriumi AP 300 ir įkrovikliu AL 300', NULL, '0.00', '0.00', NULL, 1, 99, 1, 'modification_id:76', '2021-01-06 12:53:02', '0.000', 1),
(100, 61, 77, 'MM 56', '46040115401', '469.00', '469.00', NULL, 1, 100, 1, 'modification_id:77', '2021-01-06 12:53:02', '0.000', 1),
(101, 62, 78, 'BF-KM dirvos freza', '46017405000', '239.00', '239.00', NULL, 1, 101, 1, 'modification_id:78', '2021-01-06 12:53:02', '0.000', 1),
(102, 63, 79, 'BG-KM pūtiklis', '46067405000', '119.00', '119.00', NULL, 1, 102, 1, 'modification_id:79', '2021-01-06 12:53:02', '0.000', 1),
(103, 64, 80, 'FCB-KM pakraščių karpytuvas', '41807405002', '129.00', '129.00', NULL, 1, 103, 1, 'modification_id:80', '2021-01-06 12:53:02', '0.000', 1),
(104, 65, 81, 'FH-KM krūmynų karpytuvas', '42307405002', '299.00', '299.00', NULL, 1, 104, 1, 'modification_id:81', '2021-01-06 12:53:02', '0.000', 1),
(105, 66, 82, 'FS-KM žoliapjovė', '41802000475', '115.00', '115.00', NULL, 1, 105, 1, 'modification_id:82', '2021-01-06 12:53:02', '0.000', 1),
(106, 66, 83, 'FS-KM žoliapjovė', '41372270002', '115.00', '115.00', NULL, 1, 106, 1, 'modification_id:83', '2021-01-06 12:53:02', '0.000', 1),
(107, 67, 84, 'HL-KM gyvatvorių žirklės', '42437405003', '299.00', '299.00', NULL, 1, 107, 1, 'modification_id:84', '2021-01-06 12:53:02', '0.000', 1),
(108, 68, 85, 'HT-KM aukštapjovė', '41822000160', '199.00', '199.00', NULL, 1, 108, 1, 'modification_id:85', '2021-01-06 12:53:02', '0.000', 1),
(109, 69, 86, 'KB-KM šluota', '46017404905', '369.00', '369.00', NULL, 1, 109, 1, 'modification_id:86', '2021-01-06 12:53:02', '0.000', 1),
(110, 70, 87, 'RG-KM karpytuvas', '41807405006', '329.00', '329.00', NULL, 1, 110, 1, 'modification_id:87', '2021-01-06 12:53:02', '0.000', 1),
(111, 71, 88, 'BF-MM dirvos freza', '46017404605', '51.00', '51.00', NULL, 1, 111, 1, 'modification_id:88', '2021-01-06 12:53:02', '0.000', 1),
(112, 72, 89, 'BK-MM purentuvas', '46017404606', '51.00', '51.00', NULL, 1, 112, 1, 'modification_id:89', '2021-01-06 12:53:02', '0.000', 1),
(113, 73, 90, 'FC-MM pakraščių karpytuvas', '46017404603', '24.00', '24.00', NULL, 1, 113, 1, 'modification_id:90', '2021-01-06 12:53:02', '0.000', 1),
(114, 74, 91, 'KB-MM šepetys', '46017404602', '155.00', '155.00', NULL, 1, 114, 1, 'modification_id:91', '2021-01-06 12:53:03', '0.000', 1),
(115, 75, 92, 'KW-MM cilindrinis šepetys', '46017404604', '229.00', '229.00', NULL, 1, 115, 1, 'modification_id:92', '2021-01-06 12:53:03', '0.000', 1),
(116, 76, 93, 'MF-MM samanų šalintuvas', '46017404601', '179.00', '179.00', NULL, 1, 116, 1, 'modification_id:93', '2021-01-06 12:53:03', '0.000', 1),
(117, 77, 94, 'RL-MM aeratorius', '46017404600', '51.00', '51.00', NULL, 1, 117, 1, 'modification_id:94', '2021-01-06 12:53:03', '0.000', 1),
(118, 78, 96, 'TS 410', '42380112800', '949.00', '949.00', NULL, 1, 118, 1, 'modification_id:96', '2021-01-06 12:53:03', '0.000', 1),
(119, 79, 97, 'TS 420', '42380112810', '979.00', '979.00', NULL, 1, 119, 1, 'modification_id:97', '2021-01-06 12:53:03', '0.000', 1),
(120, 80, 98, 'TS 500i', '42500112810', '1299.00', '1299.00', NULL, 1, 120, 1, 'modification_id:98', '2021-01-06 12:53:03', '0.000', 1),
(121, 81, 99, 'TS 700', '42240112800', '1379.00', '1379.00', NULL, 1, 121, 1, 'modification_id:99', '2021-01-06 12:53:03', '0.000', 1),
(122, 82, 100, 'TS 800', '42240112820', '1419.00', '1419.00', NULL, 1, 122, 1, 'modification_id:100', '2021-01-06 12:53:03', '0.000', 1),
(123, 83, 101, 'TSA 230, be akumuliatoriaus ir įkroviklio', '48640116605', '399.00', '399.00', NULL, 1, 123, 1, 'modification_id:101', '2021-01-06 12:53:03', '0.000', 1),
(124, 83, 101, 'TSA 230, su akumuliatoriumi AP 300 ir įkrovikliu AL 300', NULL, '0.00', '0.00', NULL, 1, 124, 1, 'modification_id:101', '2021-01-06 12:53:03', '0.000', 1),
(125, 84, 102, 'GS 461, pjovimo juostos ilgis 40 cm', '42520116300A', '2129.00', '2129.00', NULL, 1, 125, 1, 'modification_id:102', '2021-01-06 12:53:03', '0.000', 1),
(126, 85, 103, 'FS 38', '41400112336A', '189.00', '189.00', NULL, 1, 126, 1, 'modification_id:103', '2021-01-06 12:53:03', '0.000', 1),
(127, 86, 104, 'FS 40', '41440112309A', '249.00', '249.00', NULL, 1, 127, 1, 'modification_id:104', '2021-01-06 12:53:03', '0.000', 1),
(128, 87, 105, 'FS 50', '41440112314A', '249.00', '249.00', NULL, 1, 128, 1, 'modification_id:105', '2021-01-06 12:53:03', '0.000', 1),
(129, 88, 106, 'FS 55', '41402000367A', '249.00', '249.00', NULL, 1, 129, 1, 'modification_id:106', '2021-01-06 12:53:03', '0.000', 1),
(130, 89, 107, 'FS 56', '41442000000A', '329.00', '329.00', NULL, 1, 130, 1, 'modification_id:107', '2021-01-06 12:53:03', '0.000', 1),
(131, 90, 108, 'FS 70', '41442000076A', '399.00', '399.00', NULL, 1, 131, 1, 'modification_id:108', '2021-01-06 12:53:03', '0.000', 1),
(132, 91, 109, 'FS 89', '41802000606A', '429.00', '429.00', NULL, 1, 132, 1, 'modification_id:109', '2021-01-06 12:53:03', '0.000', 1),
(133, 92, 110, 'FS 91', '41802000547A', '499.00', '499.00', NULL, 1, 133, 1, 'modification_id:110', '2021-01-06 12:53:03', '0.000', 1),
(134, 93, 111, 'FS 94', '41492000011A', '449.00', '449.00', NULL, 1, 134, 1, 'modification_id:111', '2021-01-06 12:53:03', '0.000', 1),
(135, 94, 112, 'FS 111', '41802000555A', '539.00', '539.00', NULL, 1, 135, 1, 'modification_id:112', '2021-01-06 12:53:03', '0.000', 1),
(136, 95, 113, 'FS 120', '41342000428', '429.00', '429.00', NULL, 1, 136, 1, 'modification_id:113', '2021-01-06 12:53:03', '0.000', 1),
(137, 96, 114, 'FS 131', '41802000572A', '569.00', '569.00', NULL, 1, 137, 1, 'modification_id:114', '2021-01-06 12:53:03', '0.000', 1),
(138, 97, 115, 'FS 235', '41512000018', '489.00', '489.00', NULL, 1, 138, 1, 'modification_id:115', '2021-01-06 12:53:03', '0.000', 1),
(139, 98, 116, 'FS 240 C-E', '41472000049A', '639.00', '639.00', NULL, 1, 139, 1, 'modification_id:116', '2021-01-06 12:53:03', '0.000', 1),
(140, 99, 117, 'FS 260 C-E', '41472000017A', '699.00', '699.00', NULL, 1, 140, 1, 'modification_id:117', '2021-01-06 12:53:03', '0.000', 1),
(141, 100, 118, 'FS 311', '41802000594A', '689.00', '689.00', NULL, 1, 141, 1, 'modification_id:118', '2021-01-06 12:53:03', '0.000', 1),
(142, 101, 119, 'FS 360 C-EM', '41472000210A', '789.00', '789.00', NULL, 1, 142, 1, 'modification_id:119', '2021-01-06 12:53:03', '0.000', 1),
(143, 102, 120, 'FS 410 C-EM', '41472000218A', '839.00', '839.00', NULL, 1, 143, 1, 'modification_id:120', '2021-01-06 12:53:03', '0.000', 1),
(144, 102, 121, 'FS 410 C-EM K', '41472000202', '839.00', '839.00', NULL, 1, 144, 1, 'modification_id:121', '2021-01-06 12:53:03', '0.000', 1),
(145, 103, 122, 'FS 460 C-EM', '41472000008A', '879.00', '879.00', NULL, 1, 145, 1, 'modification_id:122', '2021-01-06 12:53:03', '0.000', 1),
(146, 103, 123, 'FS 460 C-EM K', '41472000009', '939.00', '939.00', NULL, 1, 146, 1, 'modification_id:123', '2021-01-06 12:53:03', '0.000', 1),
(147, 103, 124, 'FS 460 C-EM KW', '41472000323', '1019.00', '1019.00', NULL, 1, 147, 1, 'modification_id:124', '2021-01-06 12:53:03', '0.000', 1),
(148, 104, 125, 'FS 490 C-EM', '41482000004A', '999.00', '999.00', NULL, 1, 148, 1, 'modification_id:125', '2021-01-06 12:53:03', '0.000', 1),
(149, 104, 126, 'FS 490 C-EM K', '41482000011', '1019.00', '1019.00', NULL, 1, 149, 1, 'modification_id:126', '2021-01-06 12:53:03', '0.000', 1),
(150, 104, 127, 'FS 490 C-EM KW', '41482000046', '1119.00', '1119.00', NULL, 1, 150, 1, 'modification_id:127', '2021-01-06 12:53:03', '0.000', 1),
(151, 105, 128, 'FS 560 C-EM', '41482000001', '1199.00', '1199.00', NULL, 1, 151, 1, 'modification_id:128', '2021-01-06 12:53:04', '0.000', 1),
(152, 106, 129, 'FSA 45', '45120115701', '129.00', '129.00', NULL, 1, 152, 1, 'modification_id:129', '2021-01-06 12:53:04', '0.000', 1),
(153, 107, 130, 'FSA 57, be akumuliatoriaus ir įkroviklio', '45220115734', '179.00', '179.00', NULL, 1, 153, 1, 'modification_id:130', '2021-01-06 12:53:04', '0.000', 1),
(154, 107, 130, 'FSA 57, su akumuliatoriumi AK 10 ir įkrovikliu AL 101', '45220115748', '249.00', '249.00', NULL, 1, 154, 1, 'modification_id:130', '2021-01-06 12:53:04', '0.000', 1),
(155, 108, 131, 'FSA 60 R, be akumuliatoriaus ir įkroviklio', 'FA040115748', '0.00', '0.00', NULL, 1, 155, 1, 'modification_id:131', '2021-01-06 12:53:04', '0.000', 1),
(156, 108, 131, 'FSA 60 R, su akumuliatoriumi AK 20 ir įkrovikliu AL 101', 'FA040115740', '0.00', '0.00', NULL, 1, 156, 1, 'modification_id:131', '2021-01-06 12:53:04', '0.000', 1),
(157, 109, 132, 'FSA 86 R, be akumuliatoriaus ir įkroviklio', 'FA050115704', '0.00', '0.00', NULL, 1, 157, 1, 'modification_id:132', '2021-01-06 12:53:04', '0.000', 1),
(158, 110, 133, 'FSA 90 R, be akumuliatoriaus ir įkroviklio', '48632000028', '369.00', '369.00', NULL, 1, 158, 1, 'modification_id:133', '2021-01-06 12:53:04', '0.000', 1),
(159, 110, 134, 'FSA 90 , be akumuliatoriaus ir įkroviklio', '48632000084', '379.00', '379.00', NULL, 1, 159, 1, 'modification_id:134', '2021-01-06 12:53:04', '0.000', 1),
(160, 111, 135, 'FSA 130 R, be akumuliatoriaus ir įkroviklio', '48672000002', '0.00', '0.00', NULL, 1, 160, 1, 'modification_id:135', '2021-01-06 12:53:04', '0.000', 1),
(161, 111, 136, 'FSA 130, be akumuliatoriaus ir įkroviklio', '48672000018', '469.00', '469.00', NULL, 1, 161, 1, 'modification_id:136', '2021-01-06 12:53:04', '0.000', 1),
(162, 112, 137, 'FSA 135 R, be akumuliatoriaus ir įkroviklio', 'FA010115720', '0.00', '0.00', NULL, 1, 162, 1, 'modification_id:137', '2021-01-06 12:53:04', '0.000', 1),
(163, 112, 138, 'FSA 135, be akumuliatoriaus ir įkroviklio', 'FA010115700', '0.00', '0.00', NULL, 1, 163, 1, 'modification_id:138', '2021-01-06 12:53:04', '0.000', 1),
(164, 113, 139, 'FSE 31', '48150114103', '59.00', '59.00', NULL, 1, 164, 1, 'modification_id:139', '2021-01-06 12:53:04', '0.000', 1),
(165, 114, 140, 'FSE 52', '48160114104', '89.00', '89.00', NULL, 1, 165, 1, 'modification_id:140', '2021-01-06 12:53:04', '0.000', 1),
(166, 115, 141, 'FSE 60', '48090114111', '119.00', '119.00', NULL, 1, 166, 1, 'modification_id:141', '2021-01-06 12:53:04', '0.000', 1),
(167, 116, 142, 'FSE 81', '48090114119', '169.00', '169.00', NULL, 1, 167, 1, 'modification_id:142', '2021-01-06 12:53:04', '0.000', 1),
(168, 117, 143, 'FR 131 T', '41802000598', '889.00', '889.00', NULL, 1, 168, 1, 'modification_id:143', '2021-01-06 12:53:04', '0.000', 1),
(169, 118, 144, 'FR 410 C-E', '41472000180', '1029.00', '1029.00', NULL, 1, 169, 1, 'modification_id:144', '2021-01-06 12:53:04', '0.000', 1),
(170, 119, 145, 'FR 460 TC-EM', '41472000183', '1099.00', '1099.00', NULL, 1, 170, 1, 'modification_id:145', '2021-01-06 12:53:04', '0.000', 1),
(171, 120, 146, 'RMI 422', '63010111458', '999.00', '999.00', NULL, 1, 171, 1, 'modification_id:146', '2021-01-06 12:53:04', '0.000', 1),
(172, 121, 147, 'RMI 422 P', '63010111463', '1399.00', '1399.00', NULL, 1, 172, 1, 'modification_id:147', '2021-01-06 12:53:04', '0.000', 1),
(173, 122, 148, 'RMI 422 PC', '63010111468', '1599.00', '1599.00', NULL, 1, 173, 1, 'modification_id:148', '2021-01-06 12:53:04', '0.000', 1),
(174, 123, 149, 'RMI 522 C', '63050111403', '0.00', '0.00', NULL, 1, 174, 1, 'modification_id:149', '2021-01-06 12:53:04', '0.000', 1),
(175, 124, 150, 'RMI 632', '63090111458', '2199.00', '2199.00', NULL, 1, 175, 1, 'modification_id:150', '2021-01-06 12:53:04', '0.000', 1),
(176, 125, 151, 'RMI 632 C', '63090111468', '2399.00', '2399.00', NULL, 1, 176, 1, 'modification_id:151', '2021-01-06 12:53:04', '0.000', 1),
(177, 126, 152, 'RMI 632 P', '63090111478', '2399.00', '2399.00', NULL, 1, 177, 1, 'modification_id:152', '2021-01-06 12:53:04', '0.000', 1),
(178, 127, 153, 'RMI 632 PC', '63090111488', '2699.00', '2699.00', NULL, 1, 178, 1, 'modification_id:153', '2021-01-06 12:53:04', '0.000', 1),
(179, 128, 154, 'RM 248', '63500113426', '299.00', '299.00', NULL, 1, 179, 1, 'modification_id:154', '2021-01-06 12:53:04', '0.000', 1),
(180, 128, 155, 'RM 248 T', '63500113451', '369.00', '369.00', NULL, 1, 180, 1, 'modification_id:155', '2021-01-06 12:53:04', '0.000', 1),
(181, 129, 156, 'RM 253', '63710113408', '409.00', '409.00', NULL, 1, 181, 1, 'modification_id:156', '2021-01-06 12:53:04', '0.000', 1),
(182, 129, 157, 'RM 253 T', '63710113418', '459.00', '459.00', NULL, 1, 182, 1, 'modification_id:157', '2021-01-06 12:53:04', '0.000', 1),
(183, 130, 158, 'RM 443', '63380113405', '419.00', '419.00', NULL, 1, 183, 1, 'modification_id:158', '2021-01-06 12:53:04', '0.000', 1),
(184, 130, 159, 'RM 443 T', '63380113415', '479.00', '479.00', NULL, 1, 184, 1, 'modification_id:159', '2021-01-06 12:53:04', '0.000', 1),
(185, 131, 160, 'RM 448 T', '63580113411', '529.00', '529.00', NULL, 1, 185, 1, 'modification_id:160', '2021-01-06 12:53:04', '0.000', 1),
(186, 131, 161, 'RM 448 TC', '63580113421', '549.00', '549.00', NULL, 1, 186, 1, 'modification_id:161', '2021-01-06 12:53:04', '0.000', 1),
(187, 131, 162, 'RM 448 TX', '63580113431', '449.00', '449.00', NULL, 1, 187, 1, 'modification_id:162', '2021-01-06 12:53:04', '0.000', 1),
(188, 131, 163, 'RM 448 VC', '63580113451', '619.00', '619.00', NULL, 1, 188, 1, 'modification_id:163', '2021-01-06 12:53:04', '0.000', 1),
(189, 131, 164, 'RM 448 PC', NULL, '0.00', '0.00', NULL, 1, 189, 1, 'modification_id:164', '2021-01-06 12:53:05', '0.000', 1),
(190, 132, 165, 'RM 545', '63400113402', '629.00', '629.00', NULL, 1, 190, 1, 'modification_id:165', '2021-01-06 12:53:05', '0.000', 1),
(191, 132, 166, 'RM 545 T', '63400113407', '689.00', '689.00', NULL, 1, 191, 1, 'modification_id:166', '2021-01-06 12:53:05', '0.000', 1),
(192, 132, 167, 'RM 545 V', '63400113417', '729.00', '729.00', NULL, 1, 192, 1, 'modification_id:167', '2021-01-06 12:53:05', '0.000', 1),
(193, 132, 168, 'RM 545 VE', '63400113427', '929.00', '929.00', NULL, 1, 193, 1, 'modification_id:168', '2021-01-06 12:53:05', '0.000', 1),
(194, 133, 169, 'RM 650 V', '63640113401', '889.00', '889.00', NULL, 1, 194, 1, 'modification_id:169', '2021-01-06 12:53:05', '0.000', 1),
(195, 133, 170, 'RM 650 VS', '63640113411', '1069.00', '1069.00', NULL, 1, 195, 1, 'modification_id:170', '2021-01-06 12:53:05', '0.000', 1),
(196, 133, 171, 'RM 650 T', '63640113441', '849.00', '849.00', NULL, 1, 196, 1, 'modification_id:171', '2021-01-06 12:53:05', '0.000', 1),
(197, 133, 172, 'RM 650 VE', '63640113451', '1089.00', '1089.00', NULL, 1, 197, 1, 'modification_id:172', '2021-01-06 12:53:05', '0.000', 1),
(198, 134, 173, 'RM 655 V', '63740113401', '1059.00', '1059.00', NULL, 1, 198, 1, 'modification_id:173', '2021-01-06 12:53:05', '0.000', 1),
(199, 134, 174, 'RM 655 VS', '63740113411', '1219.00', '1219.00', NULL, 1, 199, 1, 'modification_id:174', '2021-01-06 12:53:05', '0.000', 1),
(200, 135, 175, 'RM 2 R', '63570113405', '349.00', '349.00', NULL, 1, 200, 1, 'modification_id:175', '2021-01-06 12:53:05', '0.000', 1),
(201, 135, 176, 'RM 2 RT', '63570113415', '529.00', '529.00', NULL, 1, 201, 1, 'modification_id:176', '2021-01-06 12:53:05', '0.000', 1),
(202, 136, 177, 'RM 3 RT', '63610113415', '659.00', '659.00', NULL, 1, 202, 1, 'modification_id:177', '2021-01-06 12:53:05', '0.000', 1),
(203, 137, 178, 'RM 4 RT', '63830113411', '699.00', '699.00', NULL, 1, 203, 1, 'modification_id:178', '2021-01-06 12:53:05', '0.000', 1),
(204, 137, 179, 'RM 4 RTP', '63830113422', '899.00', '899.00', NULL, 1, 204, 1, 'modification_id:179', '2021-01-06 12:53:05', '0.000', 1),
(205, 138, 180, 'RMA 235, be akumuliatoriaus ir įkroviklio', '63110111411', '219.00', '219.00', NULL, 1, 205, 1, 'modification_id:180', '2021-01-06 12:53:05', '0.000', 1),
(206, 138, 180, 'RMA 235, su akumuliatoriumi AK 20 ir įkrovikliu AL 101', '63112000006', '339.00', '339.00', NULL, 1, 206, 1, 'modification_id:180', '2021-01-06 12:53:05', '0.000', 1),
(207, 138, 180, 'RMA 235, su akumuliatoriumi AK 30 ir įkrovikliu AL 101', '63112000008', '359.00', '359.00', NULL, 1, 207, 1, 'modification_id:180', '2021-01-06 12:53:05', '0.000', 1),
(208, 139, 181, 'RMA 339, be akumuliatoriaus ir įkroviklio', '63200111415', '329.00', '329.00', NULL, 1, 208, 1, 'modification_id:181', '2021-01-06 12:53:05', '0.000', 1),
(209, 139, 181, 'RMA 339, su akumuliatoriumi AK 20 ir įkrovikliu AL 101', '63200111440', '449.00', '449.00', NULL, 1, 209, 1, 'modification_id:181', '2021-01-06 12:53:05', '0.000', 1),
(210, 139, 181, 'RMA 339, su akumuliatoriumi AK 30 ir įkrovikliu AL 101', '63200111441', '479.00', '479.00', NULL, 1, 210, 1, 'modification_id:181', '2021-01-06 12:53:05', '0.000', 1),
(211, 139, 182, 'RMA 339 C, be akumuliatoriaus ir įkroviklio', '63200111420', '389.00', '389.00', NULL, 1, 211, 1, 'modification_id:182', '2021-01-06 12:53:05', '0.000', 1),
(212, 139, 182, 'RMA 339 C, su akumuliatoriumi AK 20 ir įkrovikliu AL 101', '63200111442', '509.00', '509.00', NULL, 1, 212, 1, 'modification_id:182', '2021-01-06 12:53:05', '0.000', 1),
(213, 139, 182, 'RMA 339 C, su akumuliatoriumi AK 30 ir įkrovikliu AL 101', '63200111443', '539.00', '539.00', NULL, 1, 213, 1, 'modification_id:182', '2021-01-06 12:53:05', '0.000', 1),
(214, 140, 183, 'RMA 443, be akumuliatoriaus ir įkroviklio', '63380111401', '449.00', '449.00', NULL, 1, 214, 1, 'modification_id:183', '2021-01-06 12:53:05', '0.000', 1),
(215, 140, 183, 'RMA 443, su akumuliatoriumi AP 300 ir įkrovikliu AL 300', NULL, '0.00', '0.00', NULL, 1, 215, 1, 'modification_id:183', '2021-01-06 12:53:05', '0.000', 1),
(216, 140, 184, 'RMA 443 C, be akumuliatoriaus ir įkroviklio', '63380111411', '499.00', '499.00', NULL, 1, 216, 1, 'modification_id:184', '2021-01-06 12:53:05', '0.000', 1),
(217, 140, 184, 'RMA 443 C, su akumuliatoriumi AP 300 ir įkrovikliu AL 300', NULL, '0.00', '0.00', NULL, 1, 217, 1, 'modification_id:184', '2021-01-06 12:53:05', '0.000', 1),
(218, 140, 185, 'RMA 443 VC, be akumuliatoriaus ir įkroviklio', '63380111430', '0.00', '0.00', NULL, 1, 218, 1, 'modification_id:185', '2021-01-06 12:53:05', '0.000', 1),
(219, 140, 185, 'RMA 443 VC, su akumuliatoriumi AP 300 ir įkrovikliu AL 300', NULL, '0.00', '0.00', NULL, 1, 219, 1, 'modification_id:185', '2021-01-06 12:53:05', '0.000', 1),
(220, 140, 186, 'RMA 443 PV, be akumuliatoriaus ir įkroviklio', '63380111435', '0.00', '0.00', NULL, 1, 220, 1, 'modification_id:186', '2021-01-06 12:53:05', '0.000', 1),
(221, 140, 186, 'RMA 443 PV, su akumuliatoriumi AP 300 ir įkrovikliu AL 300', NULL, '0.00', '0.00', NULL, 1, 221, 1, 'modification_id:186', '2021-01-06 12:53:05', '0.000', 1),
(222, 141, 187, 'RMA 448 VC, be akumuliatoriaus ir įkroviklio', '63580111430', '0.00', '0.00', NULL, 1, 222, 1, 'modification_id:187', '2021-01-06 12:53:05', '0.000', 1),
(223, 141, 187, 'RMA 448 VC, su akumuliatoriumi AP 300 ir įkrovikliu AL 300', NULL, '0.00', '0.00', NULL, 1, 223, 1, 'modification_id:187', '2021-01-06 12:53:05', '0.000', 1),
(224, 141, 188, 'RMA 448 TC, be akumuliatoriaus ir įkroviklio', '63580111421', '599.00', '599.00', NULL, 1, 224, 1, 'modification_id:188', '2021-01-06 12:53:05', '0.000', 1),
(225, 141, 188, 'RMA 448 TC, su akumuliatoriumi AP 300 ir įkrovikliu AL 300', '63582000019', '799.00', '799.00', NULL, 1, 225, 1, 'modification_id:188', '2021-01-06 12:53:06', '0.000', 1),
(226, 141, 189, 'RMA 448 PV, be akumuliatoriaus ir įkroviklio', '63580111435', '0.00', '0.00', NULL, 1, 226, 1, 'modification_id:189', '2021-01-06 12:53:06', '0.000', 1),
(227, 141, 189, 'RMA 448 PV, su akumuliatoriumi AP 300 ir įkrovikliu AL 300', NULL, '0.00', '0.00', NULL, 1, 227, 1, 'modification_id:189', '2021-01-06 12:53:06', '0.000', 1),
(228, 142, 190, 'RMA 765 V, be akumuliatoriaus ir įkroviklio', '63920111400', '1999.00', '1999.00', NULL, 1, 228, 1, 'modification_id:190', '2021-01-06 12:53:06', '0.000', 1),
(229, 143, 191, 'RMA 2 RV, be akumuliatoriaus ir įkroviklio', '63570111410', '0.00', '0.00', NULL, 1, 229, 1, 'modification_id:191', '2021-01-06 12:53:06', '0.000', 1),
(230, 144, 192, 'RMA 2 RPV, be akumuliatoriaus ir įkroviklio', '63570111415', '0.00', '0.00', NULL, 1, 230, 1, 'modification_id:192', '2021-01-06 12:53:06', '0.000', 1),
(231, 145, 193, 'RME 235', '63110112413', '149.00', '149.00', NULL, 1, 231, 1, 'modification_id:193', '2021-01-06 12:53:06', '0.000', 1),
(232, 146, 194, 'RME 339', '63200112405', '259.00', '259.00', NULL, 1, 232, 1, 'modification_id:194', '2021-01-06 12:53:06', '0.000', 1),
(233, 146, 195, 'RME 339 C', '63200112415', '319.00', '319.00', NULL, 1, 233, 1, 'modification_id:195', '2021-01-06 12:53:06', '0.000', 1),
(234, 147, 196, 'RME 443', '63380112405', '319.00', '319.00', NULL, 1, 234, 1, 'modification_id:196', '2021-01-06 12:53:06', '0.000', 1),
(235, 147, 197, 'RME 443 C', '63380112415', '379.00', '379.00', NULL, 1, 235, 1, 'modification_id:197', '2021-01-06 12:53:06', '0.000', 1),
(236, 148, 198, 'RME 545', '63400112410', '449.00', '449.00', NULL, 1, 236, 1, 'modification_id:198', '2021-01-06 12:53:06', '0.000', 1),
(237, 148, 199, 'RME 545 V', '63400112425', '569.00', '569.00', NULL, 1, 237, 1, 'modification_id:199', '2021-01-06 12:53:06', '0.000', 1),
(238, 149, 200, 'RL 540', '62900113105', '649.00', '649.00', NULL, 1, 238, 1, 'modification_id:200', '2021-01-06 12:53:06', '0.000', 1),
(239, 150, 201, 'RLA 240, be akumuliatoriaus ir įkroviklio', '62910116605', '249.00', '249.00', NULL, 1, 239, 1, 'modification_id:201', '2021-01-06 12:53:06', '0.000', 1),
(240, 150, 201, 'RLA 240, su akumliatoriumi AK 30 ir įkrovikliu AL 101', NULL, '0.00', '0.00', NULL, 1, 240, 1, 'modification_id:201', '2021-01-06 12:53:06', '0.000', 1),
(241, 151, 202, 'RLE 240', '62910115615', '179.00', '179.00', NULL, 1, 241, 1, 'modification_id:202', '2021-01-06 12:53:06', '0.000', 1),
(242, 152, 203, 'MH 445', '62410113904', '659.00', '659.00', NULL, 1, 242, 1, 'modification_id:203', '2021-01-06 12:53:06', '0.000', 1),
(243, 152, 204, 'MH 445 R', '62410113913', '719.00', '719.00', NULL, 1, 243, 1, 'modification_id:204', '2021-01-06 12:53:06', '0.000', 1),
(244, 153, 205, 'MH 560', '62410113940', '769.00', '769.00', NULL, 1, 244, 1, 'modification_id:205', '2021-01-06 12:53:06', '0.000', 1),
(245, 154, 206, 'MH 585', '62410113922', '799.00', '799.00', NULL, 1, 245, 1, 'modification_id:206', '2021-01-06 12:53:06', '0.000', 1),
(246, 155, 207, 'MH 600', '62500113918', '0.00', '0.00', NULL, 1, 246, 1, 'modification_id:207', '2021-01-06 12:53:06', '0.000', 1),
(247, 156, 208, 'MH 685', '62410113932', '859.00', '859.00', NULL, 1, 247, 1, 'modification_id:208', '2021-01-06 12:53:06', '0.000', 1),
(248, 157, 209, 'MH 700', '62510113913', '0.00', '0.00', NULL, 1, 248, 1, 'modification_id:209', '2021-01-06 12:53:06', '0.000', 1),
(249, 158, 210, 'RT 4082', '61402000004', '2999.00', '2999.00', NULL, 1, 249, 1, 'modification_id:210', '2021-01-06 12:53:06', '0.000', 1),
(250, 159, 211, 'RT 4097 SX', '61652000009', '3049.00', '3049.00', NULL, 1, 250, 1, 'modification_id:211', '2021-01-06 12:53:06', '0.000', 1),
(251, 160, 212, 'RT 4112 SZ', '61652000011', '3849.00', '3849.00', NULL, 1, 251, 1, 'modification_id:212', '2021-01-06 12:53:06', '0.000', 1),
(252, 161, 213, 'RT 5097', '61602000018', '2799.00', '2799.00', NULL, 1, 252, 1, 'modification_id:213', '2021-01-06 12:53:06', '0.000', 1),
(253, 161, 214, 'RT 5097 Z', '61602000020', '3599.00', '3599.00', NULL, 1, 253, 1, 'modification_id:214', '2021-01-06 12:53:06', '0.000', 1),
(254, 162, 215, 'RT 5112 Z', '61602000021', '4549.00', '4549.00', NULL, 1, 254, 1, 'modification_id:215', '2021-01-06 12:53:06', '0.000', 1),
(255, 163, 216, 'RT 6112 ZL', '61702000024', '4999.00', '4999.00', NULL, 1, 255, 1, 'modification_id:216', '2021-01-06 12:53:06', '0.000', 1),
(256, 164, 217, 'RT 6127 ZL', '61702000025', '4599.00', '4599.00', NULL, 1, 256, 1, 'modification_id:217', '2021-01-06 12:53:06', '0.000', 1),
(257, 165, 218, 'BT 131', '43130112120', '949.00', '949.00', NULL, 1, 257, 1, 'modification_id:218', '2021-01-06 12:53:06', '0.000', 1),
(258, 166, 219, 'SR 200', '42410112601', '519.00', '519.00', NULL, 1, 258, 1, 'modification_id:219', '2021-01-06 12:53:06', '0.000', 1),
(259, 167, 220, 'SR 430', '42440112600', '649.00', '649.00', NULL, 1, 259, 1, 'modification_id:220', '2021-01-06 12:53:06', '0.000', 1),
(260, 168, 221, 'SR 450', '42440112641', '759.00', '759.00', NULL, 1, 260, 1, 'modification_id:221', '2021-01-06 12:53:06', '0.000', 1),
(261, 169, 222, 'SG 11', '42550194910', '15.00', '15.00', NULL, 1, 261, 1, 'modification_id:222', '2021-01-06 12:53:06', '0.000', 1),
(262, 170, 223, 'SG 21', '42550194921', '29.00', '29.00', NULL, 1, 262, 1, 'modification_id:223', '2021-01-06 12:53:06', '0.000', 1),
(263, 171, 224, 'SG 31', '42550194930', '39.00', '39.00', NULL, 1, 263, 1, 'modification_id:224', '2021-01-06 12:53:07', '0.000', 1),
(264, 172, 225, 'SG 51', '42550194950', '96.00', '96.00', NULL, 1, 264, 1, 'modification_id:225', '2021-01-06 12:53:07', '0.000', 1),
(265, 173, 226, 'SG 71', '42550194970', '109.00', '109.00', NULL, 1, 265, 1, 'modification_id:226', '2021-01-06 12:53:07', '0.000', 1),
(266, 174, 227, 'RE 90', '49510124514', '159.00', '159.00', NULL, 1, 266, 1, 'modification_id:227', '2021-01-06 12:53:07', '0.000', 1),
(267, 175, 228, 'RE 100', '49500124500', '239.00', '239.00', NULL, 1, 267, 1, 'modification_id:228', '2021-01-06 12:53:07', '0.000', 1),
(268, 176, 229, 'RE 110', '49500124520', '279.00', '279.00', NULL, 1, 268, 1, 'modification_id:229', '2021-01-06 12:53:07', '0.000', 1),
(269, 177, 230, 'RE 120', '49500124540', '349.00', '349.00', NULL, 1, 269, 1, 'modification_id:230', '2021-01-06 12:53:07', '0.000', 1),
(270, 178, 231, 'RE 130 PLUS', '49500124560', '379.00', '379.00', NULL, 1, 270, 1, 'modification_id:231', '2021-01-06 12:53:07', '0.000', 1),
(271, 179, 232, 'RE 150 PLUS', 'RE010114502', '0.00', '0.00', NULL, 1, 271, 1, 'modification_id:232', '2021-01-06 12:53:07', '0.000', 1),
(272, 180, 233, 'RE 170 PLUS', 'RE010114531', '0.00', '0.00', NULL, 1, 272, 1, 'modification_id:233', '2021-01-06 12:53:07', '0.000', 1),
(273, 181, 234, 'RE 232', '47880124503', '949.00', '949.00', NULL, 1, 273, 1, 'modification_id:234', '2021-01-06 12:53:07', '0.000', 1),
(274, 182, 235, 'RE 282 PLUS', '47880124521', '1289.00', '1289.00', NULL, 1, 274, 1, 'modification_id:235', '2021-01-06 12:53:07', '0.000', 1),
(275, 183, 236, 'RE 362 PLUS', '47800124518', '1789.00', '1789.00', NULL, 1, 275, 1, 'modification_id:236', '2021-01-06 12:53:07', '0.000', 1),
(276, 184, 237, 'RE 462 PLUS', '47800124501', '1999.00', '1999.00', NULL, 1, 276, 1, 'modification_id:237', '2021-01-06 12:53:07', '0.000', 1),
(277, 185, 238, 'SE 33', 'SE010124413', '0.00', '0.00', NULL, 1, 277, 1, 'modification_id:238', '2021-01-06 12:53:07', '0.000', 1),
(278, 186, 239, 'SE 62', '47840124400', '159.00', '159.00', NULL, 1, 278, 1, 'modification_id:239', '2021-01-06 12:53:07', '0.000', 1),
(279, 186, 240, 'SE 62 E', '47840124403', '189.00', '189.00', NULL, 1, 279, 1, 'modification_id:240', '2021-01-06 12:53:07', '0.000', 1),
(280, 187, 241, 'SE 122', '47740124400', '389.00', '389.00', NULL, 1, 280, 1, 'modification_id:241', '2021-01-06 12:53:07', '0.000', 1),
(281, 187, 242, 'SE 122 E', '47740124405', '419.00', '419.00', NULL, 1, 281, 1, 'modification_id:242', '2021-01-06 12:53:07', '0.000', 1),
(282, 188, 243, 'KG 770', '48600194701', '439.00', '439.00', NULL, 1, 282, 1, 'modification_id:243', '2021-01-06 12:53:07', '0.000', 1),
(283, 189, 244, 'KGA 770, be akumuliatoriaus ir įkroviklio', '48600114700', '769.00', '769.00', NULL, 1, 283, 1, 'modification_id:244', '2021-01-06 12:53:07', '0.000', 1),
(284, 189, 244, 'KGA 770, su akumuliatoriumi AP 300 ir įkrovikliu AL 300', NULL, '0.00', '0.00', NULL, 1, 284, 1, 'modification_id:244', '2021-01-06 12:53:07', '0.000', 1),
(285, 190, 245, 'GH 370 S', '60012000008', '1119.00', '1119.00', NULL, 1, 285, 1, 'modification_id:245', '2021-01-06 12:53:07', '0.000', 1),
(286, 191, 246, 'GH 460', '60122000011', '1919.00', '1919.00', NULL, 1, 286, 1, 'modification_id:246', '2021-01-06 12:53:07', '0.000', 1),
(287, 191, 247, 'GH 460 C', '60122000012', '1999.00', '1999.00', NULL, 1, 287, 1, 'modification_id:247', '2021-01-06 12:53:07', '0.000', 1),
(288, 192, 248, 'GHE 140 L', '60130111136', '379.00', '379.00', NULL, 1, 288, 1, 'modification_id:248', '2021-01-06 12:53:07', '0.000', 1),
(289, 193, 249, 'GHE 150', '60080111130', '399.00', '399.00', NULL, 1, 289, 1, 'modification_id:249', '2021-01-06 12:53:07', '0.000', 1),
(290, 194, 250, 'GHE 250', '60080111130', '399.00', '399.00', NULL, 1, 290, 1, 'modification_id:250', '2021-01-06 12:53:07', '0.000', 1),
(291, 194, 251, 'GHE 250 S', '60080111140', '449.00', '449.00', NULL, 1, 291, 1, 'modification_id:251', '2021-01-06 12:53:07', '0.000', 1),
(292, 195, 252, 'GHE 260 S', '60080111150', '499.00', '499.00', NULL, 1, 292, 1, 'modification_id:252', '2021-01-06 12:53:07', '0.000', 1),
(293, 196, 253, 'GHE 355', '60110111020', '699.00', '699.00', NULL, 1, 293, 1, 'modification_id:253', '2021-01-06 12:53:07', '0.000', 1),
(294, 197, 254, 'GHE 375', '60110111025', '719.00', '719.00', NULL, 1, 294, 1, 'modification_id:254', '2021-01-06 12:53:07', '0.000', 1),
(295, 198, 255, 'GHE 420', NULL, '0.00', '0.00', NULL, 1, 295, 1, 'modification_id:255', '2021-01-06 12:53:07', '0.000', 1),
(296, 199, 256, 'GHE 450', '60122000010', '1249.00', '1249.00', NULL, 1, 296, 1, 'modification_id:256', '2021-01-06 12:53:07', '0.000', 1),
(297, 200, 257, 'BG 56', '42410111750', '269.00', '269.00', NULL, 1, 297, 1, 'modification_id:257', '2021-01-06 12:53:07', '0.000', 1),
(298, 201, 258, 'BG 86', '42410111753', '339.00', '339.00', NULL, 1, 298, 1, 'modification_id:258', '2021-01-06 12:53:07', '0.000', 1),
(299, 202, 259, 'BR 200', '42410111603', '469.00', '469.00', NULL, 1, 299, 1, 'modification_id:259', '2021-01-06 12:53:07', '0.000', 1),
(300, 203, 260, 'BR 430', '42440111620', '519.00', '519.00', NULL, 1, 300, 1, 'modification_id:260', '2021-01-06 12:53:08', '0.000', 1),
(301, 204, 261, 'BR 550', '42820111612', '689.00', '689.00', NULL, 1, 301, 1, 'modification_id:261', '2021-01-06 12:53:08', '0.000', 1),
(302, 205, 262, 'BR 600', '42820111611', '719.00', '719.00', NULL, 1, 302, 1, 'modification_id:262', '2021-01-06 12:53:08', '0.000', 1),
(303, 206, 263, 'BR 700', '42820111621', '749.00', '749.00', NULL, 1, 303, 1, 'modification_id:263', '2021-01-06 12:53:08', '0.000', 1),
(304, 207, 264, 'BR 800 C-E', '42830111603', '799.00', '799.00', NULL, 1, 304, 1, 'modification_id:264', '2021-01-06 12:53:08', '0.000', 1),
(305, 208, 265, 'BGA 45', '45130115901', '129.00', '129.00', NULL, 1, 305, 1, 'modification_id:265', '2021-01-06 12:53:08', '0.000', 1),
(306, 209, 266, 'BGA 57, be akumuliatoriaus ir įkroviklio', '45230115964', '149.00', '149.00', NULL, 1, 306, 1, 'modification_id:266', '2021-01-06 12:53:08', '0.000', 1),
(307, 209, 266, 'BGA 57, su akumuliatoriumi AK 20 ir įkrovikliu AL 101', '45230115978', '259.00', '259.00', NULL, 1, 307, 1, 'modification_id:266', '2021-01-06 12:53:08', '0.000', 1),
(308, 210, 267, 'BGA 86, be akumuliatoriaus ir įkroviklio', 'BA020115903', '259.00', '259.00', NULL, 1, 308, 1, 'modification_id:267', '2021-01-06 12:53:08', '0.000', 1),
(309, 210, 267, 'BGA 86, su akumuliatoriumi AP 300 ir įkrovikliu AL 300', 'BA022000001', '549.00', '549.00', NULL, 1, 309, 1, 'modification_id:267', '2021-01-06 12:53:08', '0.000', 1),
(310, 211, 268, 'BGA 100, be akumuliatoriaus ir įkroviklio', '48660115905', '399.00', '399.00', NULL, 1, 310, 1, 'modification_id:268', '2021-01-06 12:53:08', '0.000', 1),
(311, 212, 269, 'BGA 200, be akumuliatoriaus ir įkroviklio', 'BA012000000', '509.00', '509.00', NULL, 1, 311, 1, 'modification_id:269', '2021-01-06 12:53:08', '0.000', 1),
(312, 213, 270, 'BGE 71', '48110111542', '99.00', '99.00', NULL, 1, 312, 1, 'modification_id:270', '2021-01-06 12:53:08', '0.000', 1),
(313, 214, 271, 'SH 56', '42410110928', '299.00', '299.00', NULL, 1, 313, 1, 'modification_id:271', '2021-01-06 12:53:08', '0.000', 1),
(314, 215, 272, 'SH 86', '42410110932', '369.00', '369.00', NULL, 1, 314, 1, 'modification_id:272', '2021-01-06 12:53:08', '0.000', 1),
(315, 216, 273, 'SHE 81', '48110110839', '169.00', '169.00', NULL, 1, 315, 1, 'modification_id:273', '2021-01-06 12:53:08', '0.000', 1),
(316, 216, 95, 'GTA 26, komplektas', 'GA010116910', '159.00', '159.00', NULL, 1, 316, 1, 'modification_id:95', '2021-01-06 12:53:08', '0.000', 1);

-- --------------------------------------------------------

--
-- Table structure for table `lite_product_modifications`
--

CREATE TABLE `lite_product_modifications` (
  `id` int NOT NULL,
  `product_id` int NOT NULL,
  `name` varchar(100) CHARACTER SET utf8 COLLATE utf8_lithuanian_ci NOT NULL,
  `date` timestamp NULL DEFAULT CURRENT_TIMESTAMP,
  `position` int DEFAULT NULL,
  `active` tinyint NOT NULL DEFAULT '1',
  `short_description` text CHARACTER SET utf8 COLLATE utf8_lithuanian_ci,
  `description` text CHARACTER SET utf8 COLLATE utf8_lithuanian_ci,
  `code` varchar(500) CHARACTER SET utf8 COLLATE utf8_lithuanian_ci DEFAULT NULL
) ENGINE=InnoDB DEFAULT CHARSET=utf8 COLLATE=utf8_lithuanian_ci;

--
-- Dumping data for table `lite_product_modifications`
--

INSERT INTO `lite_product_modifications` (`id`, `product_id`, `name`, `date`, `position`, `active`, `short_description`, `description`, `code`) VALUES
(1, 1, 'MS 170', '2021-01-06 12:51:33', 1, 1, NULL, NULL, 'MS170'),
(2, 2, 'MS 180', '2021-01-06 12:51:33', 2, 1, NULL, NULL, 'MS180'),
(3, 2, 'MS 180 C-BE', '2021-01-06 12:51:33', 3, 1, NULL, NULL, 'MS180CBE'),
(4, 3, 'MS 181', '2021-01-06 12:51:33', 4, 1, NULL, NULL, 'MS181'),
(5, 4, 'MS 211', '2021-01-06 12:51:33', 5, 1, NULL, NULL, 'MS211'),
(6, 3, 'MS 181 C-BE', '2021-01-06 12:51:33', 6, 1, NULL, NULL, 'MS181CBE'),
(7, 5, 'MS 231', '2021-01-06 12:51:33', 7, 1, NULL, NULL, 'MS231'),
(8, 5, 'MS 231 C-BE', '2021-01-06 12:51:33', 8, 1, NULL, NULL, 'MS231CBE'),
(9, 6, 'MS 251', '2021-01-06 12:51:33', 9, 1, NULL, NULL, 'MS251'),
(10, 6, 'MS 251 C-BE', '2021-01-06 12:51:33', 10, 1, NULL, NULL, 'MS251CBE'),
(11, 7, 'MS 271', '2021-01-06 12:51:34', 11, 1, NULL, NULL, 'MS271'),
(12, 8, 'MS 291', '2021-01-06 12:51:34', 12, 1, NULL, NULL, 'MS291'),
(13, 9, 'MS 311', '2021-01-06 12:51:34', 13, 1, NULL, NULL, 'MS311'),
(14, 10, 'MS 391', '2021-01-06 12:51:34', 14, 1, NULL, NULL, 'MS391'),
(15, 11, 'MS 151 C-E', '2021-01-06 12:51:34', 15, 1, NULL, NULL, 'MS151CE'),
(16, 12, 'MS 241 C-M', '2021-01-06 12:51:34', 16, 1, NULL, NULL, 'MS241CM'),
(17, 13, 'MS 201 C-M', '2021-01-06 12:51:34', 17, 1, NULL, NULL, 'MS201CM'),
(18, 14, 'MS 261', '2021-01-06 12:51:34', 18, 1, NULL, NULL, 'MS261'),
(19, 14, 'MS 261 C-M', '2021-01-06 12:51:34', 19, 1, NULL, NULL, 'MS261CM'),
(20, 14, 'MS 261 C-BM', '2021-01-06 12:51:34', 20, 1, NULL, NULL, 'MS261CBM'),
(21, 14, 'MS 261 C-M VW', '2021-01-06 12:51:34', 21, 1, NULL, NULL, 'MS261CMVW'),
(22, 15, 'MS 362', '2021-01-06 12:51:35', 22, 1, NULL, NULL, 'MS362'),
(23, 15, 'MS 362 C-M', '2021-01-06 12:51:35', 23, 1, NULL, NULL, 'MS362CM'),
(24, 15, 'MS 362 CM VW', '2021-01-06 12:51:35', 24, 1, NULL, NULL, 'MS362CMVW'),
(25, 16, 'MS 462', '2021-01-06 12:51:35', 25, 1, NULL, NULL, 'MS462'),
(26, 16, 'MS 462 C-M', '2021-01-06 12:51:35', 26, 1, NULL, NULL, 'MS462CM'),
(27, 17, 'MS 661', '2021-01-06 12:51:35', 27, 1, NULL, NULL, 'MS661'),
(28, 17, 'MS 661 C-M', '2021-01-06 12:51:35', 28, 1, NULL, NULL, 'MS661CM'),
(29, 16, 'MS 462 C-M VW', '2021-01-06 12:51:35', 29, 1, NULL, NULL, 'MS462CMVW'),
(30, 18, 'MS 500i', '2021-01-06 12:51:35', 30, 1, NULL, NULL, 'MS500i'),
(31, 19, 'MS 150 TC-E', '2021-01-06 12:51:35', 31, 1, NULL, NULL, 'MS150TCE'),
(32, 20, 'MS 201 TC-M', '2021-01-06 12:51:35', 32, 1, NULL, NULL, 'MS201TCM'),
(33, 21, 'MS 194 T', '2021-01-06 12:51:35', 33, 1, NULL, NULL, 'MS194T'),
(34, 22, 'MS 462 C-M R', '2021-01-06 12:51:35', 34, 1, NULL, NULL, 'MS462CMR'),
(35, 23, 'MSA 120 C-BQ', '2021-01-06 12:51:35', 35, 1, NULL, NULL, 'MSA120'),
(36, 24, 'MSA 140 C-BQ', '2021-01-06 12:51:35', 36, 1, NULL, NULL, 'MSA140'),
(37, 25, 'MSA 160 C-BQ', '2021-01-06 12:51:35', 37, 1, NULL, NULL, 'MSA160'),
(38, 26, 'MSA 161 T', '2021-01-06 12:51:35', 38, 1, NULL, NULL, 'MSA161T'),
(39, 27, 'MSA 200 C-BQ', '2021-01-06 12:51:35', 39, 1, NULL, NULL, 'MSA200'),
(40, 28, 'MSA 220 C-BQ', '2021-01-06 12:51:35', 40, 1, NULL, NULL, 'MSA220'),
(41, 29, 'MSE 141 C', '2021-01-06 12:51:36', 41, 1, NULL, NULL, 'MSE141'),
(42, 30, 'MSE 170 C-Q', '2021-01-06 12:51:36', 42, 1, NULL, NULL, 'MSE170'),
(43, 31, 'MSE 190 C-Q', '2021-01-06 12:51:36', 43, 1, NULL, NULL, 'MSE190'),
(44, 32, 'MSE 210 C-BQ', '2021-01-06 12:51:36', 44, 1, NULL, NULL, 'MSE210'),
(45, 34, 'MSE 230 C-BQ', '2021-01-06 12:51:36', 45, 1, NULL, NULL, 'MSE230'),
(46, 35, 'MSE 250 C-Q', '2021-01-06 12:51:36', 46, 1, NULL, NULL, 'MSE250'),
(47, 36, 'HS 45, 45 cm', '2021-01-06 12:51:36', 47, 1, NULL, NULL, 'HS45450'),
(48, 36, 'HS 45, 60 cm', '2021-01-06 12:51:36', 48, 1, NULL, NULL, 'HS45600'),
(49, 33, 'HS 56 C-E, 60 cm', '2021-01-06 12:51:36', 49, 1, NULL, NULL, 'HS56'),
(50, 38, 'HS 82 R, 60 cm', '2021-01-06 12:51:36', 50, 1, NULL, NULL, 'HS82R60'),
(51, 38, 'HS 82 R, 75 cm', '2021-01-06 12:51:36', 51, 1, NULL, NULL, 'HS82R75'),
(52, 38, 'HS 82 T, 60 cm', '2021-01-06 12:51:36', 52, 1, NULL, NULL, 'HS82T60'),
(53, 38, 'HS 82 T, 75 cm', '2021-01-06 12:51:36', 53, 1, NULL, NULL, 'HS82T75'),
(54, 39, 'HSA 26, kompletas', '2021-01-06 12:51:36', 54, 1, NULL, NULL, 'HSA26'),
(55, 40, 'HSA 45, 50 cm', '2021-01-06 12:51:36', 55, 1, NULL, NULL, 'HSA45'),
(56, 41, 'HSA 56', '2021-01-06 12:51:37', 56, 1, NULL, NULL, 'HSA56'),
(57, 42, 'HSA 66', '2021-01-06 12:51:37', 57, 1, NULL, NULL, 'HSA66'),
(58, 43, 'HSA 86', '2021-01-06 12:51:37', 58, 1, NULL, NULL, 'HSA86'),
(59, 44, 'HSA 94 R, 75 cm', '2021-01-06 12:51:37', 59, 1, NULL, NULL, 'HSA94R'),
(60, 44, 'HSA 94 T, 75 cm', '2021-01-06 12:51:37', 60, 1, NULL, NULL, 'HSA94T'),
(61, 45, 'HSE 42, 45 cm', '2021-01-06 12:51:37', 61, 1, NULL, NULL, 'HSE42'),
(62, 46, 'HSE 52, 50 cm', '2021-01-06 12:51:37', 62, 1, NULL, NULL, 'HSE52'),
(63, 47, 'HSE 61, 50 cm', '2021-01-06 12:51:37', 63, 1, NULL, NULL, 'HSE61'),
(64, 48, 'HSE 71, 60 cm', '2021-01-06 12:51:37', 64, 1, NULL, NULL, 'HSE71'),
(65, 49, 'HLA 56', '2021-01-06 12:51:37', 65, 1, NULL, NULL, 'HLA56'),
(66, 50, 'HLA 65', '2021-01-06 12:51:37', 66, 1, NULL, NULL, 'HLA65'),
(67, 51, 'HLA 85', '2021-01-06 12:51:37', 67, 1, NULL, NULL, 'HLA85'),
(68, 52, 'HLA 135', '2021-01-06 12:51:37', 68, 1, NULL, NULL, 'HLA135'),
(69, 53, 'HT 133', '2021-01-06 12:51:37', 69, 1, NULL, NULL, 'HT133'),
(70, 54, 'HTA 66', '2021-01-06 12:51:38', 70, 1, NULL, NULL, 'HTA 66'),
(71, 55, 'HTA 86', '2021-01-06 12:51:38', 71, 1, NULL, NULL, 'HTA 86'),
(72, 56, 'HTA 135', '2021-01-06 12:51:38', 72, 1, NULL, NULL, 'HTA 135'),
(73, 57, 'KM 131', '2021-01-06 12:51:38', 73, 1, NULL, NULL, 'KM131'),
(74, 58, 'KM 131 R', '2021-01-06 12:51:38', 74, 1, NULL, NULL, 'KM131R'),
(75, 59, 'KMA 130 R', '2021-01-06 12:51:38', 75, 1, NULL, NULL, 'KMA130R'),
(76, 60, 'KMA 135 R', '2021-01-06 12:51:38', 76, 1, NULL, NULL, 'KMA135R'),
(77, 61, 'MM 56', '2021-01-06 12:51:38', 77, 1, NULL, NULL, 'MM56'),
(78, 62, 'BF-KM', '2021-01-06 12:51:38', 78, 1, NULL, NULL, 'BFKM'),
(79, 63, 'BG-KM', '2021-01-06 12:51:38', 79, 1, NULL, NULL, 'BGKM'),
(80, 64, 'FCB-KM', '2021-01-06 12:51:38', 80, 1, NULL, NULL, 'FCBKM'),
(81, 65, 'FH-KM 135°', '2021-01-06 12:51:38', 81, 1, NULL, NULL, 'FHKM'),
(82, 66, 'FS-KM su žolės peiliu', '2021-01-06 12:51:38', 82, 1, NULL, NULL, 'FSKM'),
(83, 66, 'FS-KM su &quot;Autocut 25-2&quot;', '2021-01-06 12:51:38', 83, 1, NULL, NULL, 'FSKMAUTOCUT'),
(84, 67, 'HL-KM 145°', '2021-01-06 12:51:38', 84, 1, NULL, NULL, 'HLKM'),
(85, 68, 'HT-KM', '2021-01-06 12:51:38', 85, 1, NULL, NULL, 'HTKM'),
(86, 69, 'KB-KM', '2021-01-06 12:51:38', 86, 1, NULL, NULL, 'KBKM'),
(87, 70, 'RG-KM', '2021-01-06 12:51:38', 87, 1, NULL, NULL, 'RGKM'),
(88, 71, 'BF-MM', '2021-01-06 12:51:38', 88, 1, NULL, NULL, 'BFMM'),
(89, 72, 'BK-MM', '2021-01-06 12:51:38', 89, 1, NULL, NULL, 'BKMM'),
(90, 73, 'FC-MM', '2021-01-06 12:51:38', 90, 1, NULL, NULL, 'FCMM'),
(91, 74, 'KB-MM', '2021-01-06 12:51:38', 91, 1, NULL, NULL, 'KBMM'),
(92, 75, 'KW-MM', '2021-01-06 12:51:38', 92, 1, NULL, NULL, 'KWMM'),
(93, 76, 'MF-MM', '2021-01-06 12:51:39', 93, 1, NULL, NULL, 'MFMM'),
(94, 77, 'RL-MM', '2021-01-06 12:51:39', 94, 1, NULL, NULL, 'RLMM'),
(95, 216, 'GTA 26', '2021-01-06 12:51:39', 95, 1, NULL, NULL, 'GTA26'),
(96, 78, 'TS 410', '2021-01-06 12:51:39', 96, 1, NULL, NULL, 'TS410'),
(97, 79, 'TS 420', '2021-01-06 12:51:39', 97, 1, NULL, NULL, 'TS420'),
(98, 80, 'TS 500i', '2021-01-06 12:51:39', 98, 1, NULL, NULL, 'TS500i'),
(99, 81, 'TS 700', '2021-01-06 12:51:39', 99, 1, NULL, NULL, 'TS700'),
(100, 82, 'TS 800', '2021-01-06 12:51:39', 100, 1, NULL, NULL, 'TS800'),
(101, 83, 'TSA 230', '2021-01-06 12:51:39', 101, 1, NULL, NULL, 'TSA230'),
(102, 84, 'GS 461', '2021-01-06 12:51:39', 102, 1, NULL, NULL, 'GS461'),
(103, 85, 'FS 38', '2021-01-06 12:51:39', 103, 1, NULL, NULL, 'FS38'),
(104, 86, 'FS 40', '2021-01-06 12:51:39', 104, 1, NULL, NULL, 'FS40'),
(105, 87, 'FS 50', '2021-01-06 12:51:39', 105, 1, NULL, NULL, 'FS50'),
(106, 88, 'FS 55', '2021-01-06 12:51:40', 106, 1, NULL, NULL, 'FS55'),
(107, 89, 'FS 56', '2021-01-06 12:51:40', 107, 1, NULL, NULL, 'FS56'),
(108, 90, 'FS 70', '2021-01-06 12:51:40', 108, 1, NULL, NULL, 'FS70'),
(109, 91, 'FS 89', '2021-01-06 12:51:40', 109, 1, NULL, NULL, 'FS89'),
(110, 92, 'FS 91', '2021-01-06 12:51:40', 110, 1, NULL, NULL, 'FS91'),
(111, 93, 'FS 94', '2021-01-06 12:51:40', 111, 1, NULL, NULL, 'FS94'),
(112, 94, 'FS 111', '2021-01-06 12:51:40', 112, 1, NULL, NULL, 'FS111'),
(113, 95, 'FS 120', '2021-01-06 12:51:40', 113, 1, NULL, NULL, 'FS120'),
(114, 96, 'FS 131', '2021-01-06 12:51:40', 114, 1, NULL, NULL, 'FS131'),
(115, 97, 'FS 235', '2021-01-06 12:51:40', 115, 1, NULL, NULL, 'FS235'),
(116, 98, 'FS 240 C-E', '2021-01-06 12:51:40', 116, 1, NULL, NULL, 'FS240CE'),
(117, 99, 'FS 260 C-E', '2021-01-06 12:51:41', 117, 1, NULL, NULL, 'FS260CE'),
(118, 100, 'FS 311', '2021-01-06 12:51:41', 118, 1, NULL, NULL, 'FS311'),
(119, 101, 'FS 360 C-EM', '2021-01-06 12:51:41', 119, 1, NULL, NULL, 'FS360CEM'),
(120, 102, 'FS 410 C-EM', '2021-01-06 12:51:41', 120, 1, NULL, NULL, 'FS410CEM'),
(121, 102, 'FS 410 C-EM K', '2021-01-06 12:51:41', 121, 1, NULL, NULL, 'FS410CEMK'),
(122, 103, 'FS 460 C-EM', '2021-01-06 12:51:41', 122, 1, NULL, NULL, 'FS460CEM'),
(123, 103, 'FS 460 C-EM K', '2021-01-06 12:51:41', 123, 1, NULL, NULL, 'FS460CEMK'),
(124, 103, 'FS 460 C-EM KW', '2021-01-06 12:51:41', 124, 1, NULL, NULL, 'FS460CEMKW'),
(125, 104, 'FS 490 C-EM', '2021-01-06 12:51:41', 125, 1, NULL, NULL, 'FS490CEM'),
(126, 104, 'FS 490 C-EM K', '2021-01-06 12:51:41', 126, 1, NULL, NULL, 'FS490CEMK'),
(127, 104, 'FS 490 C-EM KW', '2021-01-06 12:51:41', 127, 1, NULL, NULL, 'FS490CEMKW'),
(128, 105, 'FS 560 C-EM', '2021-01-06 12:51:41', 128, 1, NULL, NULL, 'FS560CEM'),
(129, 106, 'FSA 45', '2021-01-06 12:51:41', 129, 1, NULL, NULL, 'FSA45'),
(130, 107, 'FSA 57', '2021-01-06 12:51:41', 130, 1, NULL, NULL, 'FSA57'),
(131, 108, 'FSA 60 R', '2021-01-06 12:51:41', 131, 1, NULL, NULL, 'FSA60R'),
(132, 109, 'FSA 86 R', '2021-01-06 12:51:41', 132, 1, NULL, NULL, 'FSA86R'),
(133, 110, 'FSA 90 R', '2021-01-06 12:51:42', 133, 1, NULL, NULL, 'FSA90R'),
(134, 110, 'FSA 90', '2021-01-06 12:51:42', 134, 1, NULL, NULL, 'FSA90'),
(135, 111, 'FSA 130 R', '2021-01-06 12:51:42', 135, 1, NULL, NULL, 'FSA130R'),
(136, 111, 'FSA 130', '2021-01-06 12:51:42', 136, 1, NULL, NULL, 'FSA130'),
(137, 112, 'FSA 135 R', '2021-01-06 12:51:42', 137, 1, NULL, NULL, 'FSA135R'),
(138, 112, 'FSA 135', '2021-01-06 12:51:42', 138, 1, NULL, NULL, 'FSA135'),
(139, 113, 'FSE 31', '2021-01-06 12:51:42', 139, 1, NULL, NULL, 'FSE31'),
(140, 114, 'FSE 52', '2021-01-06 12:51:42', 140, 1, NULL, NULL, 'FSE52'),
(141, 115, 'FSE 60', '2021-01-06 12:51:42', 141, 1, NULL, NULL, 'FSE60'),
(142, 116, 'FSE 81', '2021-01-06 12:51:42', 142, 1, NULL, NULL, 'FSE81'),
(143, 117, 'FR 131 T', '2021-01-06 12:51:42', 143, 1, NULL, NULL, 'FR131T'),
(144, 118, 'FR 410 C-E', '2021-01-06 12:51:42', 144, 1, NULL, NULL, 'FR410CE'),
(145, 119, 'FR 460 TC-EM', '2021-01-06 12:51:42', 145, 1, NULL, NULL, 'FR460TCEM'),
(146, 120, 'RMI 422', '2021-01-06 12:51:42', 146, 1, NULL, NULL, 'RMI422'),
(147, 121, 'RMI 422 P', '2021-01-06 12:51:42', 147, 1, NULL, NULL, 'RMI422P'),
(148, 122, 'RMI 422 PC', '2021-01-06 12:51:42', 148, 1, NULL, NULL, 'RMI422PC'),
(149, 123, 'RMI 522 C', '2021-01-06 12:51:43', 149, 1, NULL, NULL, 'RMI522C'),
(150, 124, 'RMI 632', '2021-01-06 12:51:43', 150, 1, NULL, NULL, 'RMI632'),
(151, 125, 'RMI 632 C', '2021-01-06 12:51:43', 151, 1, NULL, NULL, 'RMI632C'),
(152, 126, 'RMI 632 P', '2021-01-06 12:51:43', 152, 1, NULL, NULL, 'RMI632P'),
(153, 127, 'RMI 632 PC', '2021-01-06 12:51:43', 153, 1, NULL, NULL, 'RMI632PC'),
(154, 128, 'RM 248', '2021-01-06 12:51:43', 154, 1, NULL, NULL, 'RM248'),
(155, 128, 'RM 248 T', '2021-01-06 12:51:43', 155, 1, NULL, NULL, 'RM248T'),
(156, 129, 'RM 253', '2021-01-06 12:51:43', 156, 1, NULL, NULL, 'RM253'),
(157, 129, 'RM 253 T', '2021-01-06 12:51:43', 157, 1, NULL, NULL, 'RM253T'),
(158, 130, 'RM 443', '2021-01-06 12:51:43', 158, 1, NULL, NULL, 'RM443'),
(159, 130, 'RM 443 T', '2021-01-06 12:51:43', 159, 1, NULL, NULL, 'RM443T'),
(160, 131, 'RM 448 T', '2021-01-06 12:51:43', 160, 1, NULL, NULL, 'RM448T'),
(161, 131, 'RM 448 TC', '2021-01-06 12:51:43', 161, 1, NULL, NULL, 'RM448TC'),
(162, 131, 'RM 448 TX', '2021-01-06 12:51:43', 162, 1, NULL, NULL, 'RM448TX'),
(163, 131, 'RM 448 VC', '2021-01-06 12:51:43', 163, 1, NULL, NULL, 'RM448VC'),
(164, 131, 'RM 448 PC', '2021-01-06 12:51:43', 164, 1, NULL, NULL, 'RM448PC'),
(165, 132, 'RM 545', '2021-01-06 12:51:44', 165, 1, NULL, NULL, 'RM545'),
(166, 132, 'RM 545 T', '2021-01-06 12:51:44', 166, 1, NULL, NULL, 'RM545T'),
(167, 132, 'RM 545 V', '2021-01-06 12:51:44', 167, 1, NULL, NULL, 'RM545V'),
(168, 132, 'RM 545 VE', '2021-01-06 12:51:44', 168, 1, NULL, NULL, 'RM545VE'),
(169, 133, 'RM 650 V', '2021-01-06 12:51:44', 169, 1, NULL, NULL, 'RM650V'),
(170, 133, 'RM 650 VS', '2021-01-06 12:51:44', 170, 1, NULL, NULL, 'RM650VS'),
(171, 133, 'RM 650 T', '2021-01-06 12:51:44', 171, 1, NULL, NULL, 'RM650T'),
(172, 133, 'RM 650 VE', '2021-01-06 12:51:44', 172, 1, NULL, NULL, 'RM650VE'),
(173, 134, 'RM 655 V', '2021-01-06 12:51:44', 173, 1, NULL, NULL, 'RM655V'),
(174, 134, 'RM 655 VS', '2021-01-06 12:51:44', 174, 1, NULL, NULL, 'RM655VS'),
(175, 135, 'RM 2 R', '2021-01-06 12:51:44', 175, 1, NULL, NULL, 'RM2R'),
(176, 135, 'RM 2 RT', '2021-01-06 12:51:44', 176, 1, NULL, NULL, 'RM2RT'),
(177, 136, 'RM 3 RT', '2021-01-06 12:51:44', 177, 1, NULL, NULL, 'RM3RT'),
(178, 137, 'RM 4 RT', '2021-01-06 12:51:44', 178, 1, NULL, NULL, 'RM4RT'),
(179, 137, 'RM 4 RTP', '2021-01-06 12:51:44', 179, 1, NULL, NULL, 'RM4RTP'),
(180, 138, 'RMA 235', '2021-01-06 12:51:44', 180, 1, NULL, NULL, 'RMA235'),
(181, 139, 'RMA 339', '2021-01-06 12:51:44', 181, 1, NULL, NULL, 'RMA339'),
(182, 139, 'RMA 339 C', '2021-01-06 12:51:44', 182, 1, NULL, NULL, 'RMA339C'),
(183, 140, 'RMA 443', '2021-01-06 12:51:44', 183, 1, NULL, NULL, 'RMA443'),
(184, 140, 'RMA 443 C', '2021-01-06 12:51:44', 184, 1, NULL, NULL, 'RMA443C'),
(185, 140, 'RMA 443 VC', '2021-01-06 12:51:44', 185, 1, NULL, NULL, 'RMA443VC'),
(186, 140, 'RMA 443 PV', '2021-01-06 12:51:44', 186, 1, NULL, NULL, 'RMA443PV'),
(187, 141, 'RMA 448 VC', '2021-01-06 12:51:45', 187, 1, NULL, NULL, 'RMA448VC'),
(188, 141, 'RMA 448 TC', '2021-01-06 12:51:45', 188, 1, NULL, NULL, 'RMA448TC'),
(189, 141, 'RMA 448 PV', '2021-01-06 12:51:45', 189, 1, NULL, NULL, 'RMA448PV'),
(190, 142, 'RMA 765 V', '2021-01-06 12:51:45', 190, 1, NULL, NULL, 'RMA765V'),
(191, 143, 'RMA 2 RV', '2021-01-06 12:51:45', 191, 1, NULL, NULL, 'RMA2RV'),
(192, 144, 'RMA 2 RPV', '2021-01-06 12:51:45', 192, 1, NULL, NULL, 'RMA2RPV'),
(193, 145, 'RME 235', '2021-01-06 12:51:45', 193, 1, NULL, NULL, 'RME235'),
(194, 146, 'RME 339', '2021-01-06 12:51:45', 194, 1, NULL, NULL, 'RME339'),
(195, 146, 'RME 339 C', '2021-01-06 12:51:45', 195, 1, NULL, NULL, 'RME339C'),
(196, 147, 'RME 443', '2021-01-06 12:51:45', 196, 1, NULL, NULL, 'RME443'),
(197, 147, 'RME 443 C', '2021-01-06 12:51:45', 197, 1, NULL, NULL, 'RME443C'),
(198, 148, 'RME 545', '2021-01-06 12:51:45', 198, 1, NULL, NULL, 'RME545'),
(199, 148, 'RME 545 V', '2021-01-06 12:51:45', 199, 1, NULL, NULL, 'RME545V'),
(200, 149, 'RL 540', '2021-01-06 12:51:45', 200, 1, NULL, NULL, 'RL540'),
(201, 150, 'RLA 240', '2021-01-06 12:51:45', 201, 1, NULL, NULL, 'RLA240'),
(202, 151, 'RLE 240', '2021-01-06 12:51:45', 202, 1, NULL, NULL, 'RLE240'),
(203, 152, 'MH 445', '2021-01-06 12:51:46', 203, 1, NULL, NULL, 'MH445'),
(204, 152, 'MH 445 R', '2021-01-06 12:51:46', 204, 1, NULL, NULL, 'MH445R'),
(205, 153, 'MH 560', '2021-01-06 12:51:46', 205, 1, NULL, NULL, 'MH560'),
(206, 154, 'MH 585', '2021-01-06 12:51:46', 206, 1, NULL, NULL, 'MH585'),
(207, 155, 'MH 600', '2021-01-06 12:51:46', 207, 1, NULL, NULL, 'MH600'),
(208, 156, 'MH 685', '2021-01-06 12:51:46', 208, 1, NULL, NULL, 'MH685'),
(209, 157, 'MH 700', '2021-01-06 12:51:46', 209, 1, NULL, NULL, 'MH700'),
(210, 158, 'RT 4082', '2021-01-06 12:51:46', 210, 1, NULL, NULL, 'RT4082'),
(211, 159, 'RT 4097 SX', '2021-01-06 12:51:46', 211, 1, NULL, NULL, 'RT4097SX'),
(212, 160, 'RT 4112 SZ', '2021-01-06 12:51:46', 212, 1, NULL, NULL, 'RT4112SZ'),
(213, 161, 'RT 5097', '2021-01-06 12:51:47', 213, 1, NULL, NULL, 'RT5097'),
(214, 161, 'RT 5097 Z', '2021-01-06 12:51:47', 214, 1, NULL, NULL, 'RT5097Z'),
(215, 162, 'RT 5112 Z', '2021-01-06 12:51:47', 215, 1, NULL, NULL, 'RT5112Z'),
(216, 163, 'RT 6112 ZL', '2021-01-06 12:51:47', 216, 1, NULL, NULL, 'RT6112ZL'),
(217, 164, 'RT 6127 ZL', '2021-01-06 12:51:47', 217, 1, NULL, NULL, 'RT6127ZL'),
(218, 165, 'BT 131', '2021-01-06 12:51:47', 218, 1, NULL, NULL, 'BT131'),
(219, 166, 'SR 200', '2021-01-06 12:51:47', 219, 1, NULL, NULL, 'SR200'),
(220, 167, 'SR 430', '2021-01-06 12:51:47', 220, 1, NULL, NULL, 'SR430'),
(221, 168, 'SR 450', '2021-01-06 12:51:47', 221, 1, NULL, NULL, 'SR450'),
(222, 169, 'SG 11', '2021-01-06 12:51:47', 222, 1, NULL, NULL, 'SG11'),
(223, 170, 'SG 21', '2021-01-06 12:51:47', 223, 1, NULL, NULL, 'SG21'),
(224, 171, 'SG 31', '2021-01-06 12:51:47', 224, 1, NULL, NULL, 'SG31'),
(225, 172, 'SG 51', '2021-01-06 12:51:47', 225, 1, NULL, NULL, 'SG51'),
(226, 173, 'SG 71', '2021-01-06 12:51:47', 226, 1, NULL, NULL, 'SG71'),
(227, 174, 'RE 90', '2021-01-06 12:51:47', 227, 1, NULL, NULL, 'RE90'),
(228, 175, 'RE 100', '2021-01-06 12:51:48', 228, 1, NULL, NULL, 'RE100'),
(229, 176, 'RE 110', '2021-01-06 12:51:48', 229, 1, NULL, NULL, 'RE110'),
(230, 177, 'RE 120', '2021-01-06 12:51:48', 230, 1, NULL, NULL, 'RE120'),
(231, 178, 'RE 130 PLUS', '2021-01-06 12:51:48', 231, 1, NULL, NULL, 'RE130PLUS'),
(232, 179, 'RE 150 PLUS', '2021-01-06 12:51:48', 232, 1, NULL, NULL, 'RE150PLUS'),
(233, 180, 'RE 170 PLUS', '2021-01-06 12:51:48', 233, 1, NULL, NULL, 'RE170PLUS'),
(234, 181, 'RE 232', '2021-01-06 12:51:48', 234, 1, NULL, NULL, 'RE232'),
(235, 182, 'RE 282 PLUS', '2021-01-06 12:51:48', 235, 1, NULL, NULL, 'RE282PLUS'),
(236, 183, 'RE 362 PLUS', '2021-01-06 12:51:48', 236, 1, NULL, NULL, 'RE362PLUS'),
(237, 184, 'RE 462 PLUS', '2021-01-06 12:51:49', 237, 1, NULL, NULL, 'RE462PLUS'),
(238, 185, 'SE 33', '2021-01-06 12:51:49', 238, 1, NULL, NULL, 'SE33'),
(239, 186, 'SE 62', '2021-01-06 12:51:49', 239, 1, NULL, NULL, 'SE62'),
(240, 186, 'SE 62 E', '2021-01-06 12:51:49', 240, 1, NULL, NULL, 'SE62E'),
(241, 187, 'SE 122', '2021-01-06 12:51:49', 241, 1, NULL, NULL, 'SE122'),
(242, 187, 'SE 122 E', '2021-01-06 12:51:49', 242, 1, NULL, NULL, 'SE122E'),
(243, 188, 'KG 770', '2021-01-06 12:51:49', 243, 1, NULL, NULL, 'KG770'),
(244, 189, 'KGA 770', '2021-01-06 12:51:49', 244, 1, NULL, NULL, 'KGA770'),
(245, 190, 'GH 370 S', '2021-01-06 12:51:49', 245, 1, NULL, NULL, 'GH370S'),
(246, 191, 'GH 460', '2021-01-06 12:51:49', 246, 1, NULL, NULL, 'GH460'),
(247, 191, 'GH 460 C', '2021-01-06 12:51:49', 247, 1, NULL, NULL, 'GH460C'),
(248, 192, 'GHE 140 L', '2021-01-06 12:51:49', 248, 1, NULL, NULL, 'GHE140L'),
(249, 193, 'GHE 150', '2021-01-06 12:51:49', 249, 1, NULL, NULL, 'GHE150'),
(250, 194, 'GHE 250', '2021-01-06 12:51:49', 250, 1, NULL, NULL, 'GHE250'),
(251, 194, 'GHE 250 S', '2021-01-06 12:51:50', 251, 1, NULL, NULL, 'GHE250S'),
(252, 195, 'GHE 260 S', '2021-01-06 12:51:50', 252, 1, NULL, NULL, 'GHE260S'),
(253, 196, 'GHE 355', '2021-01-06 12:51:50', 253, 1, NULL, NULL, 'GHE355'),
(254, 197, 'GHE 375', '2021-01-06 12:51:50', 254, 1, NULL, NULL, 'GHE375'),
(255, 198, 'GHE 420', '2021-01-06 12:51:50', 255, 1, NULL, NULL, 'GHE420'),
(256, 199, 'GHE 450', '2021-01-06 12:51:50', 256, 1, NULL, NULL, 'GHE450'),
(257, 200, 'BG 56', '2021-01-06 12:51:50', 257, 1, NULL, NULL, 'BG56'),
(258, 201, 'BG 86', '2021-01-06 12:51:50', 258, 1, NULL, NULL, 'BG86'),
(259, 202, 'BR 200', '2021-01-06 12:51:50', 259, 1, NULL, NULL, 'BR200'),
(260, 203, 'BR 430', '2021-01-06 12:51:50', 260, 1, NULL, NULL, 'BR430'),
(261, 204, 'BR 550', '2021-01-06 12:51:50', 261, 1, NULL, NULL, 'BR550'),
(262, 205, 'BR 600', '2021-01-06 12:51:50', 262, 1, NULL, NULL, 'BR600'),
(263, 206, 'BR 700', '2021-01-06 12:51:50', 263, 1, NULL, NULL, 'BR700'),
(264, 207, 'BR 800 C-E', '2021-01-06 12:51:51', 264, 1, NULL, NULL, 'BR800C-E'),
(265, 208, 'BGA 45', '2021-01-06 12:51:51', 265, 1, NULL, NULL, 'BGA45'),
(266, 209, 'BGA 57', '2021-01-06 12:51:51', 266, 1, NULL, NULL, 'BGA57'),
(267, 210, 'BGA 86', '2021-01-06 12:51:51', 267, 1, NULL, NULL, 'BGA86'),
(268, 211, 'BGA 100', '2021-01-06 12:51:51', 268, 1, NULL, NULL, 'BGA100'),
(269, 212, 'BGA 200', '2021-01-06 12:51:51', 269, 1, NULL, NULL, 'BGA200'),
(270, 213, 'BGE 71', '2021-01-06 12:51:51', 270, 1, NULL, NULL, 'BGE71'),
(271, 214, 'SH 56', '2021-01-06 12:51:51', 271, 1, NULL, NULL, 'SH56'),
(272, 215, 'SH 86', '2021-01-06 12:51:51', 272, 1, NULL, NULL, 'SH86'),
(273, 216, 'SHE 81', '2021-01-06 12:51:51', 273, 1, NULL, NULL, 'SHE81');

-- --------------------------------------------------------

--
-- Table structure for table `lite_related_elements`
--

CREATE TABLE `lite_related_elements` (
  `relation_id` int NOT NULL,
  `element_id` int NOT NULL,
  `related_element_id` int NOT NULL,
  `position` int NOT NULL
) ENGINE=InnoDB DEFAULT CHARSET=utf8 COLLATE=utf8_lithuanian_ci;

--
-- Dumping data for table `lite_related_elements`
--

INSERT INTO `lite_related_elements` (`relation_id`, `element_id`, `related_element_id`, `position`) VALUES
(7, 1, 778, 1),
(7, 1, 3410, 9),
(7, 1, 5065, 10),
(7, 1, 5204, 8),
(7, 1, 8018, 2),
(7, 1, 8345, 7),
(7, 1, 10545, 6),
(7, 1, 11563, 3),
(7, 1, 13631, 4),
(7, 1, 13709, 5);

-- --------------------------------------------------------

--
-- Table structure for table `lite_relations`
--

CREATE TABLE `lite_relations` (
  `id` int NOT NULL,
  `name` varchar(50) CHARACTER SET utf8 COLLATE utf8_lithuanian_ci DEFAULT NULL
) ENGINE=InnoDB DEFAULT CHARSET=utf8 COLLATE=utf8_lithuanian_ci;

--
-- Dumping data for table `lite_relations`
--

INSERT INTO `lite_relations` (`id`, `name`) VALUES
(1, 'tags_products'),
(2, 'tags_product_modifications'),
(4, 'related_products'),
(6, 'collections_products'),
(7, 'collections_product_items'),
(13, 'collections_product_categories'),
(15, 'collections_product_modifications'),
(23, 'vouchers_product_items'),
(47, 'tags_product_items'),
(48, 'similar_products'),
(49, 'vouchers_brands'),
(50, 'vouchers_product_categories'),
(51, 'vouchers_products'),
(52, 'vouchers_product_modifications'),
(53, 'deal_products'),
(54, 'pd_product_items'),
(55, 'pd_product_modifications'),
(56, 'pd_products'),
(57, 'pd_brands');

-- --------------------------------------------------------

--
-- Table structure for table `lite_search_log`
--

CREATE TABLE `lite_search_log` (
  `id` int NOT NULL,
  `query` varchar(255) CHARACTER SET utf8 COLLATE utf8_lithuanian_ci NOT NULL,
  `results` int NOT NULL,
  `date` date NOT NULL
) ENGINE=InnoDB DEFAULT CHARSET=utf8 COLLATE=utf8_lithuanian_ci;

-- --------------------------------------------------------

--
-- Table structure for table `lite_settings`
--

CREATE TABLE `lite_settings` (
  `path` varchar(100) CHARACTER SET utf8 COLLATE utf8_lithuanian_ci NOT NULL,
  `value` text CHARACTER SET utf8 COLLATE utf8_lithuanian_ci NOT NULL
) ENGINE=InnoDB DEFAULT CHARSET=utf8 COLLATE=utf8_lithuanian_ci;

--
-- Dumping data for table `lite_settings`
--

INSERT INTO `lite_settings` (`path`, `value`) VALUES
('controllers/backend/settings/administrator_email', 'gvidas@e-lab.lt'),
('controllers/backend/settings/cookie_bar', 'true'),
('controllers/backend/settings/from_name', 'Demo'),
('controllers/backend/settings/mobile_number_pattern', '/^(.*)$/'),
('controllers/backend/settings/social/facebook', 'https://www.facebook.com/a'),
('controllers/backend/settings/social/google', 'https://twitter.com/a'),
('controllers/backend/settings/social/instagram', 'https://twitter.com/a'),
('controllers/backend/settings/social/youtube', 'https://twitter.com/a'),
('controllers/backend/settings/social/linkedin', 'https://www.linkedin.com/'),
('controllers/backend/settings/social/pinterest', 'https://twitter.com/a'),
('controllers/backend/settings/social/twitter', 'https://twitter.com/a');

-- --------------------------------------------------------

--
-- Table structure for table `lite_subscribers`
--

CREATE TABLE `lite_subscribers` (
  `id` int NOT NULL,
  `email` varchar(100) CHARACTER SET utf8 COLLATE utf8_lithuanian_ci NOT NULL,
  `date` datetime NOT NULL,
  `active` tinyint NOT NULL DEFAULT '1',
  `ip` varchar(15) CHARACTER SET utf8 COLLATE utf8_lithuanian_ci DEFAULT NULL
) ENGINE=InnoDB DEFAULT CHARSET=utf8 COLLATE=utf8_lithuanian_ci;

--
-- Dumping data for table `lite_subscribers`
--

INSERT INTO `lite_subscribers` (`id`, `email`, `date`, `active`, `ip`) VALUES
(1, 'gvidas+9@e-lab.lt', '2021-01-05 13:38:09', 1, '172.18.0.1'),
(2, 'gvidas@e-lab.lt', '2021-01-11 09:58:17', 1, '172.18.0.1'),
(3, 'gvidas+23@e-lab.lt', '2021-01-11 18:51:22', 1, '172.18.0.1');

-- --------------------------------------------------------

--
-- Table structure for table `lite_tags`
--

CREATE TABLE `lite_tags` (
  `id` int NOT NULL,
  `name` varchar(100) CHARACTER SET utf8 COLLATE utf8_lithuanian_ci NOT NULL,
  `url` varchar(100) CHARACTER SET utf8 COLLATE utf8_lithuanian_ci NOT NULL,
  `color` varchar(11) CHARACTER SET utf8 COLLATE utf8_lithuanian_ci DEFAULT NULL,
  `position` int DEFAULT NULL,
  `prefix` varchar(50) CHARACTER SET utf8 COLLATE utf8_lithuanian_ci DEFAULT NULL
) ENGINE=InnoDB DEFAULT CHARSET=utf8 COLLATE=utf8_lithuanian_ci;

--
-- Dumping data for table `lite_tags`
--

INSERT INTO `lite_tags` (`id`, `name`, `url`, `color`, `position`, `prefix`) VALUES
(1, 'Nauja žymė', '/katalogas', '#c73636', 1, NULL);

-- --------------------------------------------------------

--
-- Table structure for table `lite_translated_fields`
--

CREATE TABLE `lite_translated_fields` (
  `entity_name` varchar(50) CHARACTER SET utf8 COLLATE utf8_lithuanian_ci NOT NULL,
  `entity_id` int NOT NULL,
  `field_name` varchar(50) CHARACTER SET utf8 COLLATE utf8_lithuanian_ci NOT NULL,
  `lang` varchar(5) CHARACTER SET utf8 COLLATE utf8_lithuanian_ci NOT NULL,
  `value` text CHARACTER SET utf8 COLLATE utf8_lithuanian_ci NOT NULL
) ENGINE=InnoDB DEFAULT CHARSET=utf8 COLLATE=utf8_lithuanian_ci;

-- --------------------------------------------------------

--
-- Table structure for table `lite_translations`
--

CREATE TABLE `lite_translations` (
  `id` int NOT NULL,
  `key` varchar(255) CHARACTER SET utf8 COLLATE utf8_lithuanian_ci NOT NULL,
  `hash` varchar(50) CHARACTER SET utf8 COLLATE utf8_lithuanian_ci NOT NULL,
  `frontend` tinyint NOT NULL DEFAULT '0',
  `backend` tinyint NOT NULL DEFAULT '0'
) ENGINE=InnoDB DEFAULT CHARSET=utf8 COLLATE=utf8_lithuanian_ci;

-- --------------------------------------------------------

--
-- Table structure for table `lite_translations_files`
--

CREATE TABLE `lite_translations_files` (
  `id` int NOT NULL,
  `translation_id` int NOT NULL,
  `file_path` varchar(255) CHARACTER SET utf8 COLLATE utf8_lithuanian_ci NOT NULL
) ENGINE=InnoDB DEFAULT CHARSET=utf8 COLLATE=utf8_lithuanian_ci;

-- --------------------------------------------------------

--
-- Table structure for table `lite_translations_values`
--

CREATE TABLE `lite_translations_values` (
  `id` int NOT NULL,
  `translation_id` int NOT NULL,
  `value` text CHARACTER SET utf8 COLLATE utf8_lithuanian_ci,
  `language` varchar(2) CHARACTER SET utf8 COLLATE utf8_lithuanian_ci NOT NULL,
  `html` int NOT NULL
) ENGINE=InnoDB DEFAULT CHARSET=utf8 COLLATE=utf8_lithuanian_ci;

--
-- Indexes for dumped tables
--

--
-- Indexes for table `lite_banners`
--
ALTER TABLE `lite_banners`
  ADD PRIMARY KEY (`id`);

--
-- Indexes for table `lite_brands`
--
ALTER TABLE `lite_brands`
  ADD PRIMARY KEY (`id`);

--
-- Indexes for table `lite_collections`
--
ALTER TABLE `lite_collections`
  ADD PRIMARY KEY (`id`);

--
-- Indexes for table `lite_collection_items`
--
ALTER TABLE `lite_collection_items`
  ADD KEY `collection_id` (`collection_id`,`item_id`);

--
-- Indexes for table `lite_entities_languages`
--
ALTER TABLE `lite_entities_languages`
  ADD PRIMARY KEY (`entity_name`,`entity_id`,`language`);

--
-- Indexes for table `lite_filters`
--
ALTER TABLE `lite_filters`
  ADD PRIMARY KEY (`id`),
  ADD KEY `show_in_summary` (`show_in_summary`);

--
-- Indexes for table `lite_filters_categories`
--
ALTER TABLE `lite_filters_categories`
  ADD PRIMARY KEY (`filter_id`,`category_id`);

--
-- Indexes for table `lite_filter_values`
--
ALTER TABLE `lite_filter_values`
  ADD PRIMARY KEY (`id`),
  ADD KEY `filter_id` (`filter_id`) USING BTREE;

--
-- Indexes for table `lite_filter_values_elements`
--
ALTER TABLE `lite_filter_values_elements`
  ADD PRIMARY KEY (`id`),
  ADD KEY `product_id` (`element_id`) USING BTREE,
  ADD KEY `filter_id` (`filter_id`) USING BTREE,
  ADD KEY `filter_value_id` (`filter_value_id`) USING BTREE;

--
-- Indexes for table `lite_filter_value_categories`
--
ALTER TABLE `lite_filter_value_categories`
  ADD PRIMARY KEY (`filter_value_id`,`category_id`);

--
-- Indexes for table `lite_infoblocks`
--
ALTER TABLE `lite_infoblocks`
  ADD PRIMARY KEY (`id`);

--
-- Indexes for table `lite_languages`
--
ALTER TABLE `lite_languages`
  ADD PRIMARY KEY (`id`);

--
-- Indexes for table `lite_menu_columns`
--
ALTER TABLE `lite_menu_columns`
  ADD PRIMARY KEY (`id`),
  ADD KEY `menu_group_id` (`menu_group_id`);

--
-- Indexes for table `lite_menu_groups`
--
ALTER TABLE `lite_menu_groups`
  ADD PRIMARY KEY (`id`);

--
-- Indexes for table `lite_menu_items`
--
ALTER TABLE `lite_menu_items`
  ADD PRIMARY KEY (`id`),
  ADD KEY `menu_header_id` (`menu_column_id`);

--
-- Indexes for table `lite_meta_fields`
--
ALTER TABLE `lite_meta_fields`
  ADD PRIMARY KEY (`id`),
  ADD UNIQUE KEY `entity_name` (`entity_name`,`foreign_key`);

--
-- Indexes for table `lite_news`
--
ALTER TABLE `lite_news`
  ADD PRIMARY KEY (`id`);

--
-- Indexes for table `lite_pages`
--
ALTER TABLE `lite_pages`
  ADD PRIMARY KEY (`id`);

--
-- Indexes for table `lite_photos`
--
ALTER TABLE `lite_photos`
  ADD PRIMARY KEY (`id`),
  ADD KEY `hash` (`hash`),
  ADD KEY `gallery_id` (`gallery_id`);

--
-- Indexes for table `lite_photos_cache_params`
--
ALTER TABLE `lite_photos_cache_params`
  ADD PRIMARY KEY (`id`),
  ADD UNIQUE KEY `params` (`params`);

--
-- Indexes for table `lite_photo_containers`
--
ALTER TABLE `lite_photo_containers`
  ADD PRIMARY KEY (`id`),
  ADD KEY `container_name` (`container_name`) USING BTREE,
  ADD KEY `entity_name` (`entity_name`) USING BTREE,
  ADD KEY `foreign_key` (`foreign_key`) USING BTREE;

--
-- Indexes for table `lite_popups`
--
ALTER TABLE `lite_popups`
  ADD PRIMARY KEY (`id`);

--
-- Indexes for table `lite_popup_urls`
--
ALTER TABLE `lite_popup_urls`
  ADD KEY `popup_id` (`popup_id`);

--
-- Indexes for table `lite_products`
--
ALTER TABLE `lite_products`
  ADD PRIMARY KEY (`id`),
  ADD KEY `name` (`name`);

--
-- Indexes for table `lite_products_categories`
--
ALTER TABLE `lite_products_categories`
  ADD PRIMARY KEY (`product_id`,`product_category_id`);

--
-- Indexes for table `lite_product_categories`
--
ALTER TABLE `lite_product_categories`
  ADD PRIMARY KEY (`id`),
  ADD UNIQUE KEY `parent` (`parent`,`name`);

--
-- Indexes for table `lite_product_items`
--
ALTER TABLE `lite_product_items`
  ADD PRIMARY KEY (`id`),
  ADD KEY `product_id` (`product_id`),
  ADD KEY `quantity` (`quantity`);

--
-- Indexes for table `lite_product_modifications`
--
ALTER TABLE `lite_product_modifications`
  ADD PRIMARY KEY (`id`),
  ADD KEY `product_id` (`product_id`);

--
-- Indexes for table `lite_related_elements`
--
ALTER TABLE `lite_related_elements`
  ADD PRIMARY KEY (`relation_id`,`element_id`,`related_element_id`);

--
-- Indexes for table `lite_relations`
--
ALTER TABLE `lite_relations`
  ADD PRIMARY KEY (`id`);

--
-- Indexes for table `lite_search_log`
--
ALTER TABLE `lite_search_log`
  ADD PRIMARY KEY (`id`);

--
-- Indexes for table `lite_settings`
--
ALTER TABLE `lite_settings`
  ADD PRIMARY KEY (`path`) USING BTREE;

--
-- Indexes for table `lite_subscribers`
--
ALTER TABLE `lite_subscribers`
  ADD PRIMARY KEY (`id`),
  ADD UNIQUE KEY `email` (`email`);

--
-- Indexes for table `lite_tags`
--
ALTER TABLE `lite_tags`
  ADD PRIMARY KEY (`id`);

--
-- Indexes for table `lite_translated_fields`
--
ALTER TABLE `lite_translated_fields`
  ADD PRIMARY KEY (`entity_name`,`entity_id`,`field_name`,`lang`);

--
-- Indexes for table `lite_translations`
--
ALTER TABLE `lite_translations`
  ADD PRIMARY KEY (`id`),
  ADD UNIQUE KEY `hash` (`hash`);

--
-- Indexes for table `lite_translations_files`
--
ALTER TABLE `lite_translations_files`
  ADD PRIMARY KEY (`id`);

--
-- Indexes for table `lite_translations_values`
--
ALTER TABLE `lite_translations_values`
  ADD PRIMARY KEY (`id`);

--
-- AUTO_INCREMENT for dumped tables
--

--
-- AUTO_INCREMENT for table `lite_banners`
--
ALTER TABLE `lite_banners`
  MODIFY `id` int NOT NULL AUTO_INCREMENT, AUTO_INCREMENT=7;

--
-- AUTO_INCREMENT for table `lite_brands`
--
ALTER TABLE `lite_brands`
  MODIFY `id` int NOT NULL AUTO_INCREMENT, AUTO_INCREMENT=319;

--
-- AUTO_INCREMENT for table `lite_collections`
--
ALTER TABLE `lite_collections`
  MODIFY `id` int NOT NULL AUTO_INCREMENT, AUTO_INCREMENT=2;

--
-- AUTO_INCREMENT for table `lite_filters`
--
ALTER TABLE `lite_filters`
  MODIFY `id` int NOT NULL AUTO_INCREMENT, AUTO_INCREMENT=110;

--
-- AUTO_INCREMENT for table `lite_filter_values`
--
ALTER TABLE `lite_filter_values`
  MODIFY `id` int NOT NULL AUTO_INCREMENT, AUTO_INCREMENT=1317;

--
-- AUTO_INCREMENT for table `lite_filter_values_elements`
--
ALTER TABLE `lite_filter_values_elements`
  MODIFY `id` int NOT NULL AUTO_INCREMENT, AUTO_INCREMENT=2236;

--
-- AUTO_INCREMENT for table `lite_infoblocks`
--
ALTER TABLE `lite_infoblocks`
  MODIFY `id` int NOT NULL AUTO_INCREMENT, AUTO_INCREMENT=6;

--
-- AUTO_INCREMENT for table `lite_languages`
--
ALTER TABLE `lite_languages`
  MODIFY `id` int NOT NULL AUTO_INCREMENT, AUTO_INCREMENT=5;

--
-- AUTO_INCREMENT for table `lite_menu_columns`
--
ALTER TABLE `lite_menu_columns`
  MODIFY `id` int NOT NULL AUTO_INCREMENT, AUTO_INCREMENT=3;

--
-- AUTO_INCREMENT for table `lite_menu_groups`
--
ALTER TABLE `lite_menu_groups`
  MODIFY `id` int NOT NULL AUTO_INCREMENT, AUTO_INCREMENT=15;

--
-- AUTO_INCREMENT for table `lite_menu_items`
--
ALTER TABLE `lite_menu_items`
  MODIFY `id` int NOT NULL AUTO_INCREMENT, AUTO_INCREMENT=2;

--
-- AUTO_INCREMENT for table `lite_meta_fields`
--
ALTER TABLE `lite_meta_fields`
  MODIFY `id` int UNSIGNED NOT NULL AUTO_INCREMENT;

--
-- AUTO_INCREMENT for table `lite_news`
--
ALTER TABLE `lite_news`
  MODIFY `id` int NOT NULL AUTO_INCREMENT, AUTO_INCREMENT=5;

--
-- AUTO_INCREMENT for table `lite_pages`
--
ALTER TABLE `lite_pages`
  MODIFY `id` int NOT NULL AUTO_INCREMENT, AUTO_INCREMENT=21;

--
-- AUTO_INCREMENT for table `lite_photos`
--
ALTER TABLE `lite_photos`
  MODIFY `id` int NOT NULL AUTO_INCREMENT, AUTO_INCREMENT=13;

--
-- AUTO_INCREMENT for table `lite_photos_cache_params`
--
ALTER TABLE `lite_photos_cache_params`
  MODIFY `id` int NOT NULL AUTO_INCREMENT;

--
-- AUTO_INCREMENT for table `lite_photo_containers`
--
ALTER TABLE `lite_photo_containers`
  MODIFY `id` int NOT NULL AUTO_INCREMENT, AUTO_INCREMENT=10;

--
-- AUTO_INCREMENT for table `lite_popups`
--
ALTER TABLE `lite_popups`
  MODIFY `id` int NOT NULL AUTO_INCREMENT;

--
-- AUTO_INCREMENT for table `lite_products`
--
ALTER TABLE `lite_products`
  MODIFY `id` int NOT NULL AUTO_INCREMENT, AUTO_INCREMENT=217;

--
-- AUTO_INCREMENT for table `lite_product_categories`
--
ALTER TABLE `lite_product_categories`
  MODIFY `id` int NOT NULL AUTO_INCREMENT, AUTO_INCREMENT=43;

--
-- AUTO_INCREMENT for table `lite_product_items`
--
ALTER TABLE `lite_product_items`
  MODIFY `id` int NOT NULL AUTO_INCREMENT, AUTO_INCREMENT=317;

--
-- AUTO_INCREMENT for table `lite_product_modifications`
--
ALTER TABLE `lite_product_modifications`
  MODIFY `id` int NOT NULL AUTO_INCREMENT, AUTO_INCREMENT=274;

--
-- AUTO_INCREMENT for table `lite_relations`
--
ALTER TABLE `lite_relations`
  MODIFY `id` int NOT NULL AUTO_INCREMENT, AUTO_INCREMENT=58;

--
-- AUTO_INCREMENT for table `lite_search_log`
--
ALTER TABLE `lite_search_log`
  MODIFY `id` int NOT NULL AUTO_INCREMENT;

--
-- AUTO_INCREMENT for table `lite_subscribers`
--
ALTER TABLE `lite_subscribers`
  MODIFY `id` int NOT NULL AUTO_INCREMENT, AUTO_INCREMENT=4;

--
-- AUTO_INCREMENT for table `lite_tags`
--
ALTER TABLE `lite_tags`
  MODIFY `id` int NOT NULL AUTO_INCREMENT, AUTO_INCREMENT=2;

--
-- AUTO_INCREMENT for table `lite_translations`
--
ALTER TABLE `lite_translations`
  MODIFY `id` int NOT NULL AUTO_INCREMENT;

--
-- AUTO_INCREMENT for table `lite_translations_files`
--
ALTER TABLE `lite_translations_files`
  MODIFY `id` int NOT NULL AUTO_INCREMENT;

--
-- AUTO_INCREMENT for table `lite_translations_values`
--
ALTER TABLE `lite_translations_values`
  MODIFY `id` int NOT NULL AUTO_INCREMENT;
COMMIT;

/*!40101 SET CHARACTER_SET_CLIENT=@OLD_CHARACTER_SET_CLIENT */;
/*!40101 SET CHARACTER_SET_RESULTS=@OLD_CHARACTER_SET_RESULTS */;
/*!40101 SET COLLATION_CONNECTION=@OLD_COLLATION_CONNECTION */;
